wandb: [wandb.login()] Loaded credentials for https://api.wandb.ai from /home/surya/.netrc.
wandb: Currently logged in as: surya-april19 (surya-april19-concordia-university) to https://api.wandb.ai. Use `wandb login --relogin` to force relogin
wandb: setting up run o330r8si
wandb: Tracking run with wandb version 0.26.0
wandb: Run data is saved locally in /home/surya/CRL/wandb/run-20260422_121453-o330r8si
wandb: Run `wandb offline` to turn off syncing.
wandb: Syncing run longrun_v3_resume1M_20260422_1219
wandb: ⭐️ View project at https://wandb.ai/surya-april19-concordia-university/crl-widowx-pick-place
wandb: 🚀 View run at https://wandb.ai/surya-april19-concordia-university/crl-widowx-pick-place/runs/o330r8si

Training episodes:   0%|          | 0/2500 [00:00<?, ?it/s]
Training episodes:   0%|          | 0/2500 [00:00<?, ?it/s, buffer=200, ret=15.14, success=0.00]
Training episodes:   0%|          | 0/2500 [00:00<?, ?it/s, buffer=400, ret=13.50, success=0.00]
Training episodes:   0%|          | 2/2500 [00:00<16:06,  2.58it/s, buffer=400, ret=13.50, success=0.00]
Training episodes:   0%|          | 2/2500 [00:01<16:06,  2.58it/s, buffer=600, ret=13.49, success=0.00]
Training episodes:   0%|          | 3/2500 [00:01<18:04,  2.30it/s, buffer=600, ret=13.49, success=0.00]
Training episodes:   0%|          | 3/2500 [00:01<18:04,  2.30it/s, buffer=800, ret=12.21, success=0.00]
Training episodes:   0%|          | 4/2500 [00:01<19:05,  2.18it/s, buffer=800, ret=12.21, success=0.00]
Training episodes:   0%|          | 4/2500 [00:02<19:05,  2.18it/s, buffer=1000, ret=12.35, success=0.00]
Training episodes:   0%|          | 5/2500 [00:02<19:47,  2.10it/s, buffer=1000, ret=12.35, success=0.00]
Training episodes:   0%|          | 5/2500 [00:02<19:47,  2.10it/s, buffer=1200, ret=16.56, success=0.00]
Training episodes:   0%|          | 6/2500 [00:02<19:58,  2.08it/s, buffer=1200, ret=16.56, success=0.00]
Training episodes:   0%|          | 6/2500 [00:03<19:58,  2.08it/s, buffer=1400, ret=20.71, success=0.00]
Training episodes:   0%|          | 7/2500 [00:03<20:16,  2.05it/s, buffer=1400, ret=20.71, success=0.00]
Training episodes:   0%|          | 7/2500 [00:03<20:16,  2.05it/s, buffer=1600, ret=14.72, success=0.00]
Training episodes:   0%|          | 8/2500 [00:03<20:21,  2.04it/s, buffer=1600, ret=14.72, success=0.00]
Training episodes:   0%|          | 8/2500 [00:04<20:21,  2.04it/s, buffer=1800, ret=13.03, success=0.00]
Training episodes:   0%|          | 9/2500 [00:04<20:43,  2.00it/s, buffer=1800, ret=13.03, success=0.00]
Training episodes:   0%|          | 9/2500 [00:04<20:43,  2.00it/s, buffer=2000, ret=16.42, success=0.00]
Training episodes:   0%|          | 10/2500 [00:04<20:42,  2.00it/s, buffer=2000, ret=16.42, success=0.00]
Training episodes:   0%|          | 10/2500 [00:05<20:42,  2.00it/s, buffer=2200, ret=13.29, success=0.00]
Training episodes:   0%|          | 11/2500 [00:05<20:32,  2.02it/s, buffer=2200, ret=13.29, success=0.00]
Training episodes:   0%|          | 11/2500 [00:05<20:32,  2.02it/s, buffer=2400, ret=16.97, success=0.00]
Training episodes:   0%|          | 12/2500 [00:05<20:28,  2.03it/s, buffer=2400, ret=16.97, success=0.00]
Training episodes:   0%|          | 12/2500 [00:06<20:28,  2.03it/s, buffer=2600, ret=12.18, success=0.00]
Training episodes:   1%|          | 13/2500 [00:06<20:28,  2.02it/s, buffer=2600, ret=12.18, success=0.00]
Training episodes:   1%|          | 13/2500 [00:06<20:28,  2.02it/s, buffer=2800, ret=15.44, success=0.00]
Training episodes:   1%|          | 14/2500 [00:06<20:22,  2.03it/s, buffer=2800, ret=15.44, success=0.00]
Training episodes:   1%|          | 14/2500 [00:07<20:22,  2.03it/s, buffer=3000, ret=15.55, success=0.00]
Training episodes:   1%|          | 15/2500 [00:07<20:16,  2.04it/s, buffer=3000, ret=15.55, success=0.00]
Training episodes:   1%|          | 15/2500 [00:07<20:16,  2.04it/s, buffer=3200, ret=14.56, success=0.00]
Training episodes:   1%|          | 16/2500 [00:07<20:19,  2.04it/s, buffer=3200, ret=14.56, success=0.00]
Training episodes:   1%|          | 16/2500 [00:08<20:19,  2.04it/s, buffer=3400, ret=13.67, success=0.00]
Training episodes:   1%|          | 17/2500 [00:08<20:16,  2.04it/s, buffer=3400, ret=13.67, success=0.00]
Training episodes:   1%|          | 17/2500 [00:08<20:16,  2.04it/s, buffer=3600, ret=16.97, success=0.00]
Training episodes:   1%|          | 18/2500 [00:08<20:11,  2.05it/s, buffer=3600, ret=16.97, success=0.00]
Training episodes:   1%|          | 18/2500 [00:09<20:11,  2.05it/s, buffer=3800, ret=13.06, success=0.00]
Training episodes:   1%|          | 19/2500 [00:09<20:19,  2.03it/s, buffer=3800, ret=13.06, success=0.00]
Training episodes:   1%|          | 19/2500 [00:09<20:19,  2.03it/s, buffer=4000, ret=13.02, success=0.00]
Training episodes:   1%|          | 20/2500 [00:09<20:23,  2.03it/s, buffer=4000, ret=13.02, success=0.00]
Training episodes:   1%|          | 20/2500 [00:10<20:23,  2.03it/s, buffer=4200, ret=10.95, success=0.00]
Training episodes:   1%|          | 21/2500 [00:10<20:23,  2.03it/s, buffer=4200, ret=10.95, success=0.00]
Training episodes:   1%|          | 21/2500 [00:10<20:23,  2.03it/s, buffer=4400, ret=17.24, success=0.00]
Training episodes:   1%|          | 22/2500 [00:10<20:25,  2.02it/s, buffer=4400, ret=17.24, success=0.00]
Training episodes:   1%|          | 22/2500 [00:11<20:25,  2.02it/s, buffer=4600, ret=26.91, success=0.00]
Training episodes:   1%|          | 23/2500 [00:11<20:34,  2.01it/s, buffer=4600, ret=26.91, success=0.00]
Training episodes:   1%|          | 23/2500 [00:11<20:34,  2.01it/s, buffer=4800, ret=14.66, success=0.00]
Training episodes:   1%|          | 24/2500 [00:11<20:39,  2.00it/s, buffer=4800, ret=14.66, success=0.00]
Training episodes:   1%|          | 24/2500 [00:12<20:39,  2.00it/s, buffer=5000, ret=12.94, success=0.00]
Training episodes:   1%|          | 25/2500 [00:12<20:46,  1.99it/s, buffer=5000, ret=12.94, success=0.00]
Training episodes:   1%|          | 25/2500 [00:12<20:46,  1.99it/s, buffer=5200, ret=13.69, success=0.00]
Training episodes:   1%|          | 26/2500 [00:12<20:44,  1.99it/s, buffer=5200, ret=13.69, success=0.00]
Training episodes:   1%|          | 26/2500 [00:13<20:44,  1.99it/s, buffer=5400, ret=17.16, success=0.00]
Training episodes:   1%|          | 27/2500 [00:13<20:45,  1.99it/s, buffer=5400, ret=17.16, success=0.00]
Training episodes:   1%|          | 27/2500 [00:13<20:45,  1.99it/s, buffer=5600, ret=14.19, success=0.00]
Training episodes:   1%|          | 28/2500 [00:13<20:28,  2.01it/s, buffer=5600, ret=14.19, success=0.00]
Training episodes:   1%|          | 28/2500 [00:14<20:28,  2.01it/s, buffer=5800, ret=13.48, success=0.00]
Training episodes:   1%|          | 29/2500 [00:14<20:27,  2.01it/s, buffer=5800, ret=13.48, success=0.00]
Training episodes:   1%|          | 29/2500 [00:14<20:27,  2.01it/s, buffer=6000, ret=12.97, success=0.00]
Training episodes:   1%|          | 30/2500 [00:14<20:27,  2.01it/s, buffer=6000, ret=12.97, success=0.00]
Training episodes:   1%|          | 30/2500 [00:15<20:27,  2.01it/s, buffer=6200, ret=12.49, success=0.00]
Training episodes:   1%|          | 31/2500 [00:15<20:23,  2.02it/s, buffer=6200, ret=12.49, success=0.00]
Training episodes:   1%|          | 31/2500 [00:15<20:23,  2.02it/s, buffer=6400, ret=20.45, success=0.00]
Training episodes:   1%|▏         | 32/2500 [00:15<20:34,  2.00it/s, buffer=6400, ret=20.45, success=0.00]
Training episodes:   1%|▏         | 32/2500 [00:16<20:34,  2.00it/s, buffer=6600, ret=13.35, success=0.00]
Training episodes:   1%|▏         | 33/2500 [00:16<20:27,  2.01it/s, buffer=6600, ret=13.35, success=0.00]
Training episodes:   1%|▏         | 33/2500 [00:16<20:27,  2.01it/s, buffer=6800, ret=16.75, success=0.00]
Training episodes:   1%|▏         | 34/2500 [00:16<20:27,  2.01it/s, buffer=6800, ret=16.75, success=0.00]
Training episodes:   1%|▏         | 34/2500 [00:17<20:27,  2.01it/s, buffer=7000, ret=15.32, success=0.00]
Training episodes:   1%|▏         | 35/2500 [00:17<20:29,  2.01it/s, buffer=7000, ret=15.32, success=0.00]
Training episodes:   1%|▏         | 35/2500 [00:17<20:29,  2.01it/s, buffer=7200, ret=14.69, success=0.00]
Training episodes:   1%|▏         | 36/2500 [00:17<20:23,  2.01it/s, buffer=7200, ret=14.69, success=0.00]
Training episodes:   1%|▏         | 36/2500 [00:18<20:23,  2.01it/s, buffer=7400, ret=16.07, success=0.00]
Training episodes:   1%|▏         | 37/2500 [00:18<20:17,  2.02it/s, buffer=7400, ret=16.07, success=0.00]
Training episodes:   1%|▏         | 37/2500 [00:18<20:17,  2.02it/s, buffer=7600, ret=17.06, success=0.00]
Training episodes:   2%|▏         | 38/2500 [00:18<20:14,  2.03it/s, buffer=7600, ret=17.06, success=0.00]
Training episodes:   2%|▏         | 38/2500 [00:19<20:14,  2.03it/s, buffer=7800, ret=16.31, success=0.00]
Training episodes:   2%|▏         | 39/2500 [00:19<20:19,  2.02it/s, buffer=7800, ret=16.31, success=0.00]
Training episodes:   2%|▏         | 39/2500 [00:19<20:19,  2.02it/s, buffer=8000, ret=20.48, success=0.00]
Training episodes:   2%|▏         | 40/2500 [00:19<20:17,  2.02it/s, buffer=8000, ret=20.48, success=0.00]
Training episodes:   2%|▏         | 40/2500 [00:20<20:17,  2.02it/s, buffer=8200, ret=11.97, success=0.00]
Training episodes:   2%|▏         | 41/2500 [00:20<20:01,  2.05it/s, buffer=8200, ret=11.97, success=0.00]
Training episodes:   2%|▏         | 41/2500 [00:20<20:01,  2.05it/s, buffer=8400, ret=13.48, success=0.00]
Training episodes:   2%|▏         | 42/2500 [00:20<20:08,  2.03it/s, buffer=8400, ret=13.48, success=0.00]
Training episodes:   2%|▏         | 42/2500 [00:21<20:08,  2.03it/s, buffer=8600, ret=15.53, success=0.00]
Training episodes:   2%|▏         | 43/2500 [00:21<20:13,  2.03it/s, buffer=8600, ret=15.53, success=0.00]
Training episodes:   2%|▏         | 43/2500 [00:21<20:13,  2.03it/s, buffer=8800, ret=14.41, success=0.00]
Training episodes:   2%|▏         | 44/2500 [00:21<20:15,  2.02it/s, buffer=8800, ret=14.41, success=0.00]
Training episodes:   2%|▏         | 44/2500 [00:22<20:15,  2.02it/s, buffer=9000, ret=14.37, success=0.00]
Training episodes:   2%|▏         | 45/2500 [00:22<20:16,  2.02it/s, buffer=9000, ret=14.37, success=0.00]
Training episodes:   2%|▏         | 45/2500 [00:22<20:16,  2.02it/s, buffer=9200, ret=16.04, success=0.00]
Training episodes:   2%|▏         | 46/2500 [00:22<20:20,  2.01it/s, buffer=9200, ret=16.04, success=0.00]
Training episodes:   2%|▏         | 46/2500 [00:23<20:20,  2.01it/s, buffer=9400, ret=15.40, success=0.00]
Training episodes:   2%|▏         | 47/2500 [00:23<20:19,  2.01it/s, buffer=9400, ret=15.40, success=0.00]
Training episodes:   2%|▏         | 47/2500 [00:23<20:19,  2.01it/s, buffer=9600, ret=14.44, success=0.00]
Training episodes:   2%|▏         | 48/2500 [00:23<20:13,  2.02it/s, buffer=9600, ret=14.44, success=0.00]
Training episodes:   2%|▏         | 48/2500 [00:24<20:13,  2.02it/s, buffer=9800, ret=19.74, success=0.00]
Training episodes:   2%|▏         | 49/2500 [00:24<20:06,  2.03it/s, buffer=9800, ret=19.74, success=0.00]
Training episodes:   2%|▏         | 49/2500 [00:24<20:06,  2.03it/s, buffer=1e+4, ret=15.55, success=0.00]wandb: WARNING `fps` argument does not affect the frame rate of the video when providing a file path or raw bytes.

Training episodes:   2%|▏         | 50/2500 [00:25<28:31,  1.43it/s, buffer=1e+4, ret=15.55, success=0.00]
Training episodes:   2%|▏         | 50/2500 [00:25<28:31,  1.43it/s, buffer=10200, ret=14.95, success=0.00]
Training episodes:   2%|▏         | 51/2500 [00:25<26:14,  1.56it/s, buffer=10200, ret=14.95, success=0.00]
Training episodes:   2%|▏         | 51/2500 [00:26<26:14,  1.56it/s, buffer=10400, ret=13.94, success=0.00]
Training episodes:   2%|▏         | 52/2500 [00:26<24:27,  1.67it/s, buffer=10400, ret=13.94, success=0.00]
Training episodes:   2%|▏         | 52/2500 [00:26<24:27,  1.67it/s, buffer=10600, ret=12.56, success=0.00]
Training episodes:   2%|▏         | 53/2500 [00:26<23:14,  1.76it/s, buffer=10600, ret=12.56, success=0.00]
Training episodes:   2%|▏         | 53/2500 [00:27<23:14,  1.76it/s, buffer=10800, ret=15.54, success=0.00]
Training episodes:   2%|▏         | 54/2500 [00:27<22:22,  1.82it/s, buffer=10800, ret=15.54, success=0.00]
Training episodes:   2%|▏         | 54/2500 [00:27<22:22,  1.82it/s, buffer=11000, ret=13.19, success=0.00]
Training episodes:   2%|▏         | 55/2500 [00:27<21:53,  1.86it/s, buffer=11000, ret=13.19, success=0.00]
Training episodes:   2%|▏         | 55/2500 [00:28<21:53,  1.86it/s, buffer=11200, ret=17.33, success=0.00]
Training episodes:   2%|▏         | 56/2500 [00:28<21:53,  1.86it/s, buffer=11200, ret=17.33, success=0.00]
Training episodes:   2%|▏         | 56/2500 [00:28<21:53,  1.86it/s, buffer=11400, ret=10.75, success=0.00]
Training episodes:   2%|▏         | 57/2500 [00:28<21:28,  1.90it/s, buffer=11400, ret=10.75, success=0.00]
Training episodes:   2%|▏         | 57/2500 [00:29<21:28,  1.90it/s, buffer=11600, ret=11.43, success=0.00]
Training episodes:   2%|▏         | 58/2500 [00:29<21:07,  1.93it/s, buffer=11600, ret=11.43, success=0.00]
Training episodes:   2%|▏         | 58/2500 [00:29<21:07,  1.93it/s, buffer=11800, ret=24.68, success=0.00]
Training episodes:   2%|▏         | 59/2500 [00:29<21:01,  1.93it/s, buffer=11800, ret=24.68, success=0.00]
Training episodes:   2%|▏         | 59/2500 [00:30<21:01,  1.93it/s, buffer=12000, ret=14.86, success=0.00]
Training episodes:   2%|▏         | 60/2500 [00:30<20:49,  1.95it/s, buffer=12000, ret=14.86, success=0.00]
Training episodes:   2%|▏         | 60/2500 [00:30<20:49,  1.95it/s, buffer=12200, ret=15.02, success=0.00]
Training episodes:   2%|▏         | 61/2500 [00:30<21:13,  1.91it/s, buffer=12200, ret=15.02, success=0.00]
Training episodes:   2%|▏         | 61/2500 [00:31<21:13,  1.91it/s, buffer=12400, ret=14.62, success=0.00]
Training episodes:   2%|▏         | 62/2500 [00:31<21:51,  1.86it/s, buffer=12400, ret=14.62, success=0.00]
Training episodes:   2%|▏         | 62/2500 [00:32<21:51,  1.86it/s, buffer=12600, ret=13.02, success=0.00]
Training episodes:   3%|▎         | 63/2500 [00:32<22:00,  1.85it/s, buffer=12600, ret=13.02, success=0.00]
Training episodes:   3%|▎         | 63/2500 [00:32<22:00,  1.85it/s, buffer=12800, ret=15.88, success=0.00]
Training episodes:   3%|▎         | 64/2500 [00:32<22:07,  1.83it/s, buffer=12800, ret=15.88, success=0.00]
Training episodes:   3%|▎         | 64/2500 [00:33<22:07,  1.83it/s, buffer=13000, ret=13.97, success=0.00]
Training episodes:   3%|▎         | 65/2500 [00:33<22:10,  1.83it/s, buffer=13000, ret=13.97, success=0.00]
Training episodes:   3%|▎         | 65/2500 [00:33<22:10,  1.83it/s, buffer=13200, ret=13.60, success=0.00]
Training episodes:   3%|▎         | 66/2500 [00:33<22:10,  1.83it/s, buffer=13200, ret=13.60, success=0.00]
Training episodes:   3%|▎         | 66/2500 [00:34<22:10,  1.83it/s, buffer=13400, ret=14.29, success=0.00]
Training episodes:   3%|▎         | 67/2500 [00:34<22:11,  1.83it/s, buffer=13400, ret=14.29, success=0.00]
Training episodes:   3%|▎         | 67/2500 [00:34<22:11,  1.83it/s, buffer=13600, ret=13.69, success=0.00]
Training episodes:   3%|▎         | 68/2500 [00:34<22:11,  1.83it/s, buffer=13600, ret=13.69, success=0.00]
Training episodes:   3%|▎         | 68/2500 [00:35<22:11,  1.83it/s, buffer=13800, ret=25.47, success=0.00]
Training episodes:   3%|▎         | 69/2500 [00:35<22:34,  1.79it/s, buffer=13800, ret=25.47, success=0.00]
Training episodes:   3%|▎         | 69/2500 [00:35<22:34,  1.79it/s, buffer=14000, ret=13.98, success=0.00]
Training episodes:   3%|▎         | 70/2500 [00:35<22:35,  1.79it/s, buffer=14000, ret=13.98, success=0.00]
Training episodes:   3%|▎         | 70/2500 [00:36<22:35,  1.79it/s, buffer=14200, ret=14.92, success=0.00]
Training episodes:   3%|▎         | 71/2500 [00:36<22:27,  1.80it/s, buffer=14200, ret=14.92, success=0.00]
Training episodes:   3%|▎         | 71/2500 [00:37<22:27,  1.80it/s, buffer=14400, ret=13.75, success=0.00]
Training episodes:   3%|▎         | 72/2500 [00:37<22:23,  1.81it/s, buffer=14400, ret=13.75, success=0.00]
Training episodes:   3%|▎         | 72/2500 [00:37<22:23,  1.81it/s, buffer=14600, ret=10.86, success=0.00]
Training episodes:   3%|▎         | 73/2500 [00:37<22:21,  1.81it/s, buffer=14600, ret=10.86, success=0.00]
Training episodes:   3%|▎         | 73/2500 [00:38<22:21,  1.81it/s, buffer=14800, ret=27.80, success=0.00]
Training episodes:   3%|▎         | 74/2500 [00:38<22:36,  1.79it/s, buffer=14800, ret=27.80, success=0.00]
Training episodes:   3%|▎         | 74/2500 [00:38<22:36,  1.79it/s, buffer=15000, ret=13.76, success=0.00]
Training episodes:   3%|▎         | 75/2500 [00:38<22:33,  1.79it/s, buffer=15000, ret=13.76, success=0.00]
Training episodes:   3%|▎         | 75/2500 [00:39<22:33,  1.79it/s, buffer=15200, ret=11.48, success=0.00]
Training episodes:   3%|▎         | 76/2500 [00:39<22:27,  1.80it/s, buffer=15200, ret=11.48, success=0.00]
Training episodes:   3%|▎         | 76/2500 [00:39<22:27,  1.80it/s, buffer=15400, ret=26.72, success=0.00]
Training episodes:   3%|▎         | 77/2500 [00:39<22:36,  1.79it/s, buffer=15400, ret=26.72, success=0.00]
Training episodes:   3%|▎         | 77/2500 [00:40<22:36,  1.79it/s, buffer=15600, ret=12.18, success=0.00]
Training episodes:   3%|▎         | 78/2500 [00:40<22:30,  1.79it/s, buffer=15600, ret=12.18, success=0.00]
Training episodes:   3%|▎         | 78/2500 [00:40<22:30,  1.79it/s, buffer=15800, ret=11.47, success=0.00]
Training episodes:   3%|▎         | 79/2500 [00:40<22:24,  1.80it/s, buffer=15800, ret=11.47, success=0.00]
Training episodes:   3%|▎         | 79/2500 [00:41<22:24,  1.80it/s, buffer=16000, ret=15.76, success=0.00]
Training episodes:   3%|▎         | 80/2500 [00:41<22:28,  1.79it/s, buffer=16000, ret=15.76, success=0.00]
Training episodes:   3%|▎         | 80/2500 [00:42<22:28,  1.79it/s, buffer=16200, ret=13.35, success=0.00]
Training episodes:   3%|▎         | 81/2500 [00:42<22:22,  1.80it/s, buffer=16200, ret=13.35, success=0.00]
Training episodes:   3%|▎         | 81/2500 [00:42<22:22,  1.80it/s, buffer=16400, ret=13.48, success=0.00]
Training episodes:   3%|▎         | 82/2500 [00:42<22:26,  1.80it/s, buffer=16400, ret=13.48, success=0.00]
Training episodes:   3%|▎         | 82/2500 [00:43<22:26,  1.80it/s, buffer=16600, ret=13.40, success=0.00]
Training episodes:   3%|▎         | 83/2500 [00:43<22:42,  1.77it/s, buffer=16600, ret=13.40, success=0.00]
Training episodes:   3%|▎         | 83/2500 [00:43<22:42,  1.77it/s, buffer=16800, ret=15.50, success=0.00]
Training episodes:   3%|▎         | 84/2500 [00:43<22:41,  1.77it/s, buffer=16800, ret=15.50, success=0.00]
Training episodes:   3%|▎         | 84/2500 [00:44<22:41,  1.77it/s, buffer=17000, ret=16.14, success=0.00]
Training episodes:   3%|▎         | 85/2500 [00:44<22:28,  1.79it/s, buffer=17000, ret=16.14, success=0.00]
Training episodes:   3%|▎         | 85/2500 [00:44<22:28,  1.79it/s, buffer=17200, ret=23.67, success=0.00]
Training episodes:   3%|▎         | 86/2500 [00:44<22:31,  1.79it/s, buffer=17200, ret=23.67, success=0.00]
Training episodes:   3%|▎         | 86/2500 [00:45<22:31,  1.79it/s, buffer=17400, ret=11.41, success=0.00]
Training episodes:   3%|▎         | 87/2500 [00:45<22:23,  1.80it/s, buffer=17400, ret=11.41, success=0.00]
Training episodes:   3%|▎         | 87/2500 [00:45<22:23,  1.80it/s, buffer=17600, ret=15.25, success=0.00]
Training episodes:   4%|▎         | 88/2500 [00:45<22:22,  1.80it/s, buffer=17600, ret=15.25, success=0.00]
Training episodes:   4%|▎         | 88/2500 [00:46<22:22,  1.80it/s, buffer=17800, ret=22.82, success=0.00]
Training episodes:   4%|▎         | 89/2500 [00:46<22:20,  1.80it/s, buffer=17800, ret=22.82, success=0.00]
Training episodes:   4%|▎         | 89/2500 [00:47<22:20,  1.80it/s, buffer=18000, ret=12.69, success=0.00]
Training episodes:   4%|▎         | 90/2500 [00:47<22:13,  1.81it/s, buffer=18000, ret=12.69, success=0.00]
Training episodes:   4%|▎         | 90/2500 [00:47<22:13,  1.81it/s, buffer=18200, ret=13.78, success=0.00]
Training episodes:   4%|▎         | 91/2500 [00:47<22:09,  1.81it/s, buffer=18200, ret=13.78, success=0.00]
Training episodes:   4%|▎         | 91/2500 [00:48<22:09,  1.81it/s, buffer=18400, ret=17.88, success=0.00]
Training episodes:   4%|▎         | 92/2500 [00:48<22:04,  1.82it/s, buffer=18400, ret=17.88, success=0.00]
Training episodes:   4%|▎         | 92/2500 [00:48<22:04,  1.82it/s, buffer=18600, ret=11.87, success=0.00]
Training episodes:   4%|▎         | 93/2500 [00:48<21:58,  1.83it/s, buffer=18600, ret=11.87, success=0.00]
Training episodes:   4%|▎         | 93/2500 [00:49<21:58,  1.83it/s, buffer=18800, ret=13.49, success=0.00]
Training episodes:   4%|▍         | 94/2500 [00:49<22:08,  1.81it/s, buffer=18800, ret=13.49, success=0.00]
Training episodes:   4%|▍         | 94/2500 [00:49<22:08,  1.81it/s, buffer=19000, ret=16.33, success=0.00]
Training episodes:   4%|▍         | 95/2500 [00:49<22:07,  1.81it/s, buffer=19000, ret=16.33, success=0.00]
Training episodes:   4%|▍         | 95/2500 [00:50<22:07,  1.81it/s, buffer=19200, ret=12.32, success=0.00]
Training episodes:   4%|▍         | 96/2500 [00:50<22:04,  1.81it/s, buffer=19200, ret=12.32, success=0.00]
Training episodes:   4%|▍         | 96/2500 [00:50<22:04,  1.81it/s, buffer=19400, ret=17.65, success=0.00]
Training episodes:   4%|▍         | 97/2500 [00:50<22:04,  1.81it/s, buffer=19400, ret=17.65, success=0.00]
Training episodes:   4%|▍         | 97/2500 [00:51<22:04,  1.81it/s, buffer=19600, ret=14.10, success=0.00]
Training episodes:   4%|▍         | 98/2500 [00:51<22:03,  1.81it/s, buffer=19600, ret=14.10, success=0.00]
Training episodes:   4%|▍         | 98/2500 [00:51<22:03,  1.81it/s, buffer=19800, ret=14.19, success=0.00]
Training episodes:   4%|▍         | 99/2500 [00:51<21:58,  1.82it/s, buffer=19800, ret=14.19, success=0.00]
Training episodes:   4%|▍         | 99/2500 [00:52<21:58,  1.82it/s, buffer=2e+4, ret=13.76, success=0.00] wandb: WARNING `fps` argument does not affect the frame rate of the video when providing a file path or raw bytes.

Training episodes:   4%|▍         | 100/2500 [00:53<28:47,  1.39it/s, buffer=2e+4, ret=13.76, success=0.00]
Training episodes:   4%|▍         | 100/2500 [00:53<28:47,  1.39it/s, buffer=20200, ret=14.23, success=0.00]
Training episodes:   4%|▍         | 101/2500 [00:53<26:52,  1.49it/s, buffer=20200, ret=14.23, success=0.00]
Training episodes:   4%|▍         | 101/2500 [00:54<26:52,  1.49it/s, buffer=20400, ret=19.39, success=0.00]
Training episodes:   4%|▍         | 102/2500 [00:54<25:31,  1.57it/s, buffer=20400, ret=19.39, success=0.00]
Training episodes:   4%|▍         | 102/2500 [00:54<25:31,  1.57it/s, buffer=20600, ret=19.33, success=0.00]
Training episodes:   4%|▍         | 103/2500 [00:54<24:27,  1.63it/s, buffer=20600, ret=19.33, success=0.00]
Training episodes:   4%|▍         | 103/2500 [00:55<24:27,  1.63it/s, buffer=20800, ret=13.50, success=0.00]
Training episodes:   4%|▍         | 104/2500 [00:55<23:39,  1.69it/s, buffer=20800, ret=13.50, success=0.00]
Training episodes:   4%|▍         | 104/2500 [00:55<23:39,  1.69it/s, buffer=21000, ret=12.31, success=0.00]
Training episodes:   4%|▍         | 105/2500 [00:55<23:00,  1.74it/s, buffer=21000, ret=12.31, success=0.00]
Training episodes:   4%|▍         | 105/2500 [00:56<23:00,  1.74it/s, buffer=21200, ret=22.32, success=0.00]
Training episodes:   4%|▍         | 106/2500 [00:56<22:40,  1.76it/s, buffer=21200, ret=22.32, success=0.00]
Training episodes:   4%|▍         | 106/2500 [00:56<22:40,  1.76it/s, buffer=21400, ret=12.20, success=0.00]
Training episodes:   4%|▍         | 107/2500 [00:56<22:23,  1.78it/s, buffer=21400, ret=12.20, success=0.00]
Training episodes:   4%|▍         | 107/2500 [00:57<22:23,  1.78it/s, buffer=21600, ret=13.56, success=0.00]
Training episodes:   4%|▍         | 108/2500 [00:57<22:09,  1.80it/s, buffer=21600, ret=13.56, success=0.00]
Training episodes:   4%|▍         | 108/2500 [00:58<22:09,  1.80it/s, buffer=21800, ret=13.61, success=0.00]
Training episodes:   4%|▍         | 109/2500 [00:58<22:07,  1.80it/s, buffer=21800, ret=13.61, success=0.00]
Training episodes:   4%|▍         | 109/2500 [00:58<22:07,  1.80it/s, buffer=22000, ret=11.83, success=0.00]
Training episodes:   4%|▍         | 110/2500 [00:58<22:01,  1.81it/s, buffer=22000, ret=11.83, success=0.00]
Training episodes:   4%|▍         | 110/2500 [00:59<22:01,  1.81it/s, buffer=22200, ret=11.96, success=0.00]
Training episodes:   4%|▍         | 111/2500 [00:59<21:54,  1.82it/s, buffer=22200, ret=11.96, success=0.00]
Training episodes:   4%|▍         | 111/2500 [00:59<21:54,  1.82it/s, buffer=22400, ret=19.10, success=0.00]
Training episodes:   4%|▍         | 112/2500 [00:59<22:06,  1.80it/s, buffer=22400, ret=19.10, success=0.00]
Training episodes:   4%|▍         | 112/2500 [01:00<22:06,  1.80it/s, buffer=22600, ret=12.12, success=0.00]
Training episodes:   5%|▍         | 113/2500 [01:00<22:03,  1.80it/s, buffer=22600, ret=12.12, success=0.00]
Training episodes:   5%|▍         | 113/2500 [01:00<22:03,  1.80it/s, buffer=22800, ret=14.00, success=0.00]
Training episodes:   5%|▍         | 114/2500 [01:00<22:02,  1.80it/s, buffer=22800, ret=14.00, success=0.00]
Training episodes:   5%|▍         | 114/2500 [01:01<22:02,  1.80it/s, buffer=23000, ret=11.89, success=0.00]
Training episodes:   5%|▍         | 115/2500 [01:01<21:46,  1.83it/s, buffer=23000, ret=11.89, success=0.00]
Training episodes:   5%|▍         | 115/2500 [01:01<21:46,  1.83it/s, buffer=23200, ret=15.09, success=0.00]
Training episodes:   5%|▍         | 116/2500 [01:01<21:39,  1.83it/s, buffer=23200, ret=15.09, success=0.00]
Training episodes:   5%|▍         | 116/2500 [01:02<21:39,  1.83it/s, buffer=23400, ret=20.92, success=0.00]
Training episodes:   5%|▍         | 117/2500 [01:02<21:45,  1.83it/s, buffer=23400, ret=20.92, success=0.00]
Training episodes:   5%|▍         | 117/2500 [01:02<21:45,  1.83it/s, buffer=23600, ret=17.00, success=0.00]
Training episodes:   5%|▍         | 118/2500 [01:02<21:44,  1.83it/s, buffer=23600, ret=17.00, success=0.00]
Training episodes:   5%|▍         | 118/2500 [01:03<21:44,  1.83it/s, buffer=23800, ret=13.95, success=0.00]
Training episodes:   5%|▍         | 119/2500 [01:03<21:57,  1.81it/s, buffer=23800, ret=13.95, success=0.00]
Training episodes:   5%|▍         | 119/2500 [01:04<21:57,  1.81it/s, buffer=24000, ret=14.05, success=0.00]
Training episodes:   5%|▍         | 120/2500 [01:04<22:04,  1.80it/s, buffer=24000, ret=14.05, success=0.00]
Training episodes:   5%|▍         | 120/2500 [01:04<22:04,  1.80it/s, buffer=24200, ret=13.45, success=0.00]
Training episodes:   5%|▍         | 121/2500 [01:04<21:57,  1.81it/s, buffer=24200, ret=13.45, success=0.00]
Training episodes:   5%|▍         | 121/2500 [01:05<21:57,  1.81it/s, buffer=24400, ret=14.43, success=0.00]
Training episodes:   5%|▍         | 122/2500 [01:05<22:01,  1.80it/s, buffer=24400, ret=14.43, success=0.00]
Training episodes:   5%|▍         | 122/2500 [01:05<22:01,  1.80it/s, buffer=24600, ret=14.25, success=0.00]
Training episodes:   5%|▍         | 123/2500 [01:05<22:01,  1.80it/s, buffer=24600, ret=14.25, success=0.00]
Training episodes:   5%|▍         | 123/2500 [01:06<22:01,  1.80it/s, buffer=24800, ret=15.71, success=0.00]
Training episodes:   5%|▍         | 124/2500 [01:06<21:55,  1.81it/s, buffer=24800, ret=15.71, success=0.00]
Training episodes:   5%|▍         | 124/2500 [01:06<21:55,  1.81it/s, buffer=25000, ret=17.22, success=0.00]
Training episodes:   5%|▌         | 125/2500 [01:06<21:49,  1.81it/s, buffer=25000, ret=17.22, success=0.00]
Training episodes:   5%|▌         | 125/2500 [01:07<21:49,  1.81it/s, buffer=25200, ret=13.76, success=0.00]
Training episodes:   5%|▌         | 126/2500 [01:07<21:35,  1.83it/s, buffer=25200, ret=13.76, success=0.00]
Training episodes:   5%|▌         | 126/2500 [01:07<21:35,  1.83it/s, buffer=25400, ret=12.07, success=0.00]
Training episodes:   5%|▌         | 127/2500 [01:07<21:26,  1.84it/s, buffer=25400, ret=12.07, success=0.00]
Training episodes:   5%|▌         | 127/2500 [01:08<21:26,  1.84it/s, buffer=25600, ret=16.33, success=0.00]
Training episodes:   5%|▌         | 128/2500 [01:08<21:15,  1.86it/s, buffer=25600, ret=16.33, success=0.00]
Training episodes:   5%|▌         | 128/2500 [01:09<21:15,  1.86it/s, buffer=25800, ret=15.52, success=0.00]
Training episodes:   5%|▌         | 129/2500 [01:09<21:10,  1.87it/s, buffer=25800, ret=15.52, success=0.00]
Training episodes:   5%|▌         | 129/2500 [01:09<21:10,  1.87it/s, buffer=26000, ret=16.46, success=0.00]
Training episodes:   5%|▌         | 130/2500 [01:09<21:09,  1.87it/s, buffer=26000, ret=16.46, success=0.00]
Training episodes:   5%|▌         | 130/2500 [01:10<21:09,  1.87it/s, buffer=26200, ret=11.05, success=0.00]
Training episodes:   5%|▌         | 131/2500 [01:10<21:10,  1.86it/s, buffer=26200, ret=11.05, success=0.00]
Training episodes:   5%|▌         | 131/2500 [01:10<21:10,  1.86it/s, buffer=26400, ret=12.02, success=0.00]
Training episodes:   5%|▌         | 132/2500 [01:10<21:14,  1.86it/s, buffer=26400, ret=12.02, success=0.00]
Training episodes:   5%|▌         | 132/2500 [01:11<21:14,  1.86it/s, buffer=26600, ret=14.20, success=0.00]
Training episodes:   5%|▌         | 133/2500 [01:11<21:10,  1.86it/s, buffer=26600, ret=14.20, success=0.00]
Training episodes:   5%|▌         | 133/2500 [01:11<21:10,  1.86it/s, buffer=26800, ret=13.17, success=0.00]
Training episodes:   5%|▌         | 134/2500 [01:11<21:07,  1.87it/s, buffer=26800, ret=13.17, success=0.00]
Training episodes:   5%|▌         | 134/2500 [01:12<21:07,  1.87it/s, buffer=27000, ret=11.49, success=0.00]
Training episodes:   5%|▌         | 135/2500 [01:12<21:06,  1.87it/s, buffer=27000, ret=11.49, success=0.00]
Training episodes:   5%|▌         | 135/2500 [01:12<21:06,  1.87it/s, buffer=27200, ret=13.57, success=0.00]
Training episodes:   5%|▌         | 136/2500 [01:12<21:19,  1.85it/s, buffer=27200, ret=13.57, success=0.00]
Training episodes:   5%|▌         | 136/2500 [01:13<21:19,  1.85it/s, buffer=27400, ret=16.50, success=0.00]
Training episodes:   5%|▌         | 137/2500 [01:13<21:27,  1.84it/s, buffer=27400, ret=16.50, success=0.00]
Training episodes:   5%|▌         | 137/2500 [01:13<21:27,  1.84it/s, buffer=27600, ret=14.86, success=0.00]
Training episodes:   6%|▌         | 138/2500 [01:13<21:17,  1.85it/s, buffer=27600, ret=14.86, success=0.00]
Training episodes:   6%|▌         | 138/2500 [01:14<21:17,  1.85it/s, buffer=27800, ret=15.87, success=0.00]
Training episodes:   6%|▌         | 139/2500 [01:14<21:08,  1.86it/s, buffer=27800, ret=15.87, success=0.00]
Training episodes:   6%|▌         | 139/2500 [01:14<21:08,  1.86it/s, buffer=28000, ret=12.35, success=0.00]
Training episodes:   6%|▌         | 140/2500 [01:14<21:08,  1.86it/s, buffer=28000, ret=12.35, success=0.00]
Training episodes:   6%|▌         | 140/2500 [01:15<21:08,  1.86it/s, buffer=28200, ret=15.63, success=0.00]
Training episodes:   6%|▌         | 141/2500 [01:15<21:05,  1.86it/s, buffer=28200, ret=15.63, success=0.00]
Training episodes:   6%|▌         | 141/2500 [01:16<21:05,  1.86it/s, buffer=28400, ret=21.19, success=0.00]
Training episodes:   6%|▌         | 142/2500 [01:16<21:15,  1.85it/s, buffer=28400, ret=21.19, success=0.00]
Training episodes:   6%|▌         | 142/2500 [01:16<21:15,  1.85it/s, buffer=28600, ret=21.53, success=0.00]
Training episodes:   6%|▌         | 143/2500 [01:16<21:35,  1.82it/s, buffer=28600, ret=21.53, success=0.00]
Training episodes:   6%|▌         | 143/2500 [01:17<21:35,  1.82it/s, buffer=28800, ret=16.02, success=0.00]
Training episodes:   6%|▌         | 144/2500 [01:17<21:50,  1.80it/s, buffer=28800, ret=16.02, success=0.00]
Training episodes:   6%|▌         | 144/2500 [01:17<21:50,  1.80it/s, buffer=29000, ret=13.28, success=0.00]
Training episodes:   6%|▌         | 145/2500 [01:17<21:54,  1.79it/s, buffer=29000, ret=13.28, success=0.00]
Training episodes:   6%|▌         | 145/2500 [01:18<21:54,  1.79it/s, buffer=29200, ret=16.02, success=0.00]
Training episodes:   6%|▌         | 146/2500 [01:18<22:02,  1.78it/s, buffer=29200, ret=16.02, success=0.00]
Training episodes:   6%|▌         | 146/2500 [01:18<22:02,  1.78it/s, buffer=29400, ret=15.10, success=0.00]
Training episodes:   6%|▌         | 147/2500 [01:18<22:10,  1.77it/s, buffer=29400, ret=15.10, success=0.00]
Training episodes:   6%|▌         | 147/2500 [01:19<22:10,  1.77it/s, buffer=29600, ret=19.45, success=0.00]
Training episodes:   6%|▌         | 148/2500 [01:19<22:04,  1.78it/s, buffer=29600, ret=19.45, success=0.00]
Training episodes:   6%|▌         | 148/2500 [01:19<22:04,  1.78it/s, buffer=29800, ret=13.77, success=0.00]
Training episodes:   6%|▌         | 149/2500 [01:19<22:02,  1.78it/s, buffer=29800, ret=13.77, success=0.00]
Training episodes:   6%|▌         | 149/2500 [01:20<22:02,  1.78it/s, buffer=3e+4, ret=13.85, success=0.00] wandb: WARNING `fps` argument does not affect the frame rate of the video when providing a file path or raw bytes.

Training episodes:   6%|▌         | 150/2500 [01:21<28:59,  1.35it/s, buffer=3e+4, ret=13.85, success=0.00]
Training episodes:   6%|▌         | 150/2500 [01:21<28:59,  1.35it/s, buffer=30200, ret=18.52, success=0.00]
Training episodes:   6%|▌         | 151/2500 [01:21<27:06,  1.44it/s, buffer=30200, ret=18.52, success=0.00]
Training episodes:   6%|▌         | 151/2500 [01:22<27:06,  1.44it/s, buffer=30400, ret=14.57, success=0.00]
Training episodes:   6%|▌         | 152/2500 [01:22<25:30,  1.53it/s, buffer=30400, ret=14.57, success=0.00]
Training episodes:   6%|▌         | 152/2500 [01:22<25:30,  1.53it/s, buffer=30600, ret=16.71, success=0.00]
Training episodes:   6%|▌         | 153/2500 [01:22<24:31,  1.59it/s, buffer=30600, ret=16.71, success=0.00]
Training episodes:   6%|▌         | 153/2500 [01:23<24:31,  1.59it/s, buffer=30800, ret=14.89, success=0.00]
Training episodes:   6%|▌         | 154/2500 [01:23<23:52,  1.64it/s, buffer=30800, ret=14.89, success=0.00]
Training episodes:   6%|▌         | 154/2500 [01:23<23:52,  1.64it/s, buffer=31000, ret=14.87, success=0.00]
Training episodes:   6%|▌         | 155/2500 [01:23<23:22,  1.67it/s, buffer=31000, ret=14.87, success=0.00]
Training episodes:   6%|▌         | 155/2500 [01:24<23:22,  1.67it/s, buffer=31200, ret=13.32, success=0.00]
Training episodes:   6%|▌         | 156/2500 [01:24<22:45,  1.72it/s, buffer=31200, ret=13.32, success=0.00]
Training episodes:   6%|▌         | 156/2500 [01:25<22:45,  1.72it/s, buffer=31400, ret=14.84, success=0.00]
Training episodes:   6%|▋         | 157/2500 [01:25<22:42,  1.72it/s, buffer=31400, ret=14.84, success=0.00]
Training episodes:   6%|▋         | 157/2500 [01:25<22:42,  1.72it/s, buffer=31600, ret=16.63, success=0.00]
Training episodes:   6%|▋         | 158/2500 [01:25<22:24,  1.74it/s, buffer=31600, ret=16.63, success=0.00]
Training episodes:   6%|▋         | 158/2500 [01:26<22:24,  1.74it/s, buffer=31800, ret=13.66, success=0.00]
Training episodes:   6%|▋         | 159/2500 [01:26<22:46,  1.71it/s, buffer=31800, ret=13.66, success=0.00]
Training episodes:   6%|▋         | 159/2500 [01:26<22:46,  1.71it/s, buffer=32000, ret=14.51, success=0.00]
Training episodes:   6%|▋         | 160/2500 [01:26<22:49,  1.71it/s, buffer=32000, ret=14.51, success=0.00]
Training episodes:   6%|▋         | 160/2500 [01:27<22:49,  1.71it/s, buffer=32200, ret=18.96, success=0.00]
Training episodes:   6%|▋         | 161/2500 [01:27<22:34,  1.73it/s, buffer=32200, ret=18.96, success=0.00]
Training episodes:   6%|▋         | 161/2500 [01:27<22:34,  1.73it/s, buffer=32400, ret=10.63, success=0.00]
Training episodes:   6%|▋         | 162/2500 [01:27<22:20,  1.74it/s, buffer=32400, ret=10.63, success=0.00]
Training episodes:   6%|▋         | 162/2500 [01:28<22:20,  1.74it/s, buffer=32600, ret=11.78, success=0.00]
Training episodes:   7%|▋         | 163/2500 [01:28<22:03,  1.77it/s, buffer=32600, ret=11.78, success=0.00]
Training episodes:   7%|▋         | 163/2500 [01:29<22:03,  1.77it/s, buffer=32800, ret=12.52, success=0.00]
Training episodes:   7%|▋         | 164/2500 [01:29<22:03,  1.76it/s, buffer=32800, ret=12.52, success=0.00]
Training episodes:   7%|▋         | 164/2500 [01:29<22:03,  1.76it/s, buffer=33000, ret=16.61, success=0.00]
Training episodes:   7%|▋         | 165/2500 [01:29<22:01,  1.77it/s, buffer=33000, ret=16.61, success=0.00]
Training episodes:   7%|▋         | 165/2500 [01:30<22:01,  1.77it/s, buffer=33200, ret=15.64, success=0.00]
Training episodes:   7%|▋         | 166/2500 [01:30<22:04,  1.76it/s, buffer=33200, ret=15.64, success=0.00]
Training episodes:   7%|▋         | 166/2500 [01:30<22:04,  1.76it/s, buffer=33400, ret=11.98, success=0.00]
Training episodes:   7%|▋         | 167/2500 [01:30<22:03,  1.76it/s, buffer=33400, ret=11.98, success=0.00]
Training episodes:   7%|▋         | 167/2500 [01:31<22:03,  1.76it/s, buffer=33600, ret=14.32, success=0.00]
Training episodes:   7%|▋         | 168/2500 [01:31<22:08,  1.76it/s, buffer=33600, ret=14.32, success=0.00]
Training episodes:   7%|▋         | 168/2500 [01:31<22:08,  1.76it/s, buffer=33800, ret=12.08, success=0.00]
Training episodes:   7%|▋         | 169/2500 [01:31<21:50,  1.78it/s, buffer=33800, ret=12.08, success=0.00]
Training episodes:   7%|▋         | 169/2500 [01:32<21:50,  1.78it/s, buffer=34000, ret=15.97, success=0.00]
Training episodes:   7%|▋         | 170/2500 [01:32<21:49,  1.78it/s, buffer=34000, ret=15.97, success=0.00]
Training episodes:   7%|▋         | 170/2500 [01:33<21:49,  1.78it/s, buffer=34200, ret=13.86, success=0.00]
Training episodes:   7%|▋         | 171/2500 [01:33<21:56,  1.77it/s, buffer=34200, ret=13.86, success=0.00]
Training episodes:   7%|▋         | 171/2500 [01:33<21:56,  1.77it/s, buffer=34400, ret=13.71, success=0.00]
Training episodes:   7%|▋         | 172/2500 [01:33<21:53,  1.77it/s, buffer=34400, ret=13.71, success=0.00]
Training episodes:   7%|▋         | 172/2500 [01:34<21:53,  1.77it/s, buffer=34600, ret=11.46, success=0.00]
Training episodes:   7%|▋         | 173/2500 [01:34<21:56,  1.77it/s, buffer=34600, ret=11.46, success=0.00]
Training episodes:   7%|▋         | 173/2500 [01:34<21:56,  1.77it/s, buffer=34800, ret=16.18, success=0.00]
Training episodes:   7%|▋         | 174/2500 [01:34<22:12,  1.75it/s, buffer=34800, ret=16.18, success=0.00]
Training episodes:   7%|▋         | 174/2500 [01:35<22:12,  1.75it/s, buffer=35000, ret=10.58, success=0.00]
Training episodes:   7%|▋         | 175/2500 [01:35<22:02,  1.76it/s, buffer=35000, ret=10.58, success=0.00]
Training episodes:   7%|▋         | 175/2500 [01:35<22:02,  1.76it/s, buffer=35200, ret=13.16, success=0.00]
Training episodes:   7%|▋         | 176/2500 [01:35<22:09,  1.75it/s, buffer=35200, ret=13.16, success=0.00]
Training episodes:   7%|▋         | 176/2500 [01:36<22:09,  1.75it/s, buffer=35400, ret=13.46, success=0.00]
Training episodes:   7%|▋         | 177/2500 [01:36<22:05,  1.75it/s, buffer=35400, ret=13.46, success=0.00]
Training episodes:   7%|▋         | 177/2500 [01:37<22:05,  1.75it/s, buffer=35600, ret=14.90, success=0.00]
Training episodes:   7%|▋         | 178/2500 [01:37<21:59,  1.76it/s, buffer=35600, ret=14.90, success=0.00]
Training episodes:   7%|▋         | 178/2500 [01:37<21:59,  1.76it/s, buffer=35800, ret=12.61, success=0.00]
Training episodes:   7%|▋         | 179/2500 [01:37<22:06,  1.75it/s, buffer=35800, ret=12.61, success=0.00]
Training episodes:   7%|▋         | 179/2500 [01:38<22:06,  1.75it/s, buffer=36000, ret=13.09, success=0.00]
Training episodes:   7%|▋         | 180/2500 [01:38<21:59,  1.76it/s, buffer=36000, ret=13.09, success=0.00]
Training episodes:   7%|▋         | 180/2500 [01:38<21:59,  1.76it/s, buffer=36200, ret=13.48, success=0.00]
Training episodes:   7%|▋         | 181/2500 [01:38<21:53,  1.77it/s, buffer=36200, ret=13.48, success=0.00]
Training episodes:   7%|▋         | 181/2500 [01:39<21:53,  1.77it/s, buffer=36400, ret=15.95, success=0.00]
Training episodes:   7%|▋         | 182/2500 [01:39<21:47,  1.77it/s, buffer=36400, ret=15.95, success=0.00]
Training episodes:   7%|▋         | 182/2500 [01:39<21:47,  1.77it/s, buffer=36600, ret=16.98, success=0.00]
Training episodes:   7%|▋         | 183/2500 [01:39<21:58,  1.76it/s, buffer=36600, ret=16.98, success=0.00]
Training episodes:   7%|▋         | 183/2500 [01:40<21:58,  1.76it/s, buffer=36800, ret=12.40, success=0.00]
Training episodes:   7%|▋         | 184/2500 [01:40<21:52,  1.76it/s, buffer=36800, ret=12.40, success=0.00]
Training episodes:   7%|▋         | 184/2500 [01:41<21:52,  1.76it/s, buffer=37000, ret=18.29, success=0.00]
Training episodes:   7%|▋         | 185/2500 [01:41<21:56,  1.76it/s, buffer=37000, ret=18.29, success=0.00]
Training episodes:   7%|▋         | 185/2500 [01:41<21:56,  1.76it/s, buffer=37200, ret=12.37, success=0.00]
Training episodes:   7%|▋         | 186/2500 [01:41<21:52,  1.76it/s, buffer=37200, ret=12.37, success=0.00]
Training episodes:   7%|▋         | 186/2500 [01:42<21:52,  1.76it/s, buffer=37400, ret=14.43, success=0.00]
Training episodes:   7%|▋         | 187/2500 [01:42<21:54,  1.76it/s, buffer=37400, ret=14.43, success=0.00]
Training episodes:   7%|▋         | 187/2500 [01:42<21:54,  1.76it/s, buffer=37600, ret=15.73, success=0.00]
Training episodes:   8%|▊         | 188/2500 [01:42<21:58,  1.75it/s, buffer=37600, ret=15.73, success=0.00]
Training episodes:   8%|▊         | 188/2500 [01:43<21:58,  1.75it/s, buffer=37800, ret=16.77, success=0.00]
Training episodes:   8%|▊         | 189/2500 [01:43<21:56,  1.76it/s, buffer=37800, ret=16.77, success=0.00]
Training episodes:   8%|▊         | 189/2500 [01:43<21:56,  1.76it/s, buffer=38000, ret=15.04, success=0.00]
Training episodes:   8%|▊         | 190/2500 [01:43<21:50,  1.76it/s, buffer=38000, ret=15.04, success=0.00]
Training episodes:   8%|▊         | 190/2500 [01:44<21:50,  1.76it/s, buffer=38200, ret=11.90, success=0.00]
Training episodes:   8%|▊         | 191/2500 [01:44<21:31,  1.79it/s, buffer=38200, ret=11.90, success=0.00]
Training episodes:   8%|▊         | 191/2500 [01:44<21:31,  1.79it/s, buffer=38400, ret=12.38, success=0.00]
Training episodes:   8%|▊         | 192/2500 [01:44<21:29,  1.79it/s, buffer=38400, ret=12.38, success=0.00]
Training episodes:   8%|▊         | 192/2500 [01:45<21:29,  1.79it/s, buffer=38600, ret=14.07, success=0.00]
Training episodes:   8%|▊         | 193/2500 [01:45<21:38,  1.78it/s, buffer=38600, ret=14.07, success=0.00]
Training episodes:   8%|▊         | 193/2500 [01:46<21:38,  1.78it/s, buffer=38800, ret=13.27, success=0.00]
Training episodes:   8%|▊         | 194/2500 [01:46<21:48,  1.76it/s, buffer=38800, ret=13.27, success=0.00]
Training episodes:   8%|▊         | 194/2500 [01:46<21:48,  1.76it/s, buffer=39000, ret=17.88, success=0.00]
Training episodes:   8%|▊         | 195/2500 [01:46<21:45,  1.77it/s, buffer=39000, ret=17.88, success=0.00]
Training episodes:   8%|▊         | 195/2500 [01:47<21:45,  1.77it/s, buffer=39200, ret=12.32, success=0.00]
Training episodes:   8%|▊         | 196/2500 [01:47<21:36,  1.78it/s, buffer=39200, ret=12.32, success=0.00]
Training episodes:   8%|▊         | 196/2500 [01:47<21:36,  1.78it/s, buffer=39400, ret=20.10, success=0.00]
Training episodes:   8%|▊         | 197/2500 [01:47<21:30,  1.78it/s, buffer=39400, ret=20.10, success=0.00]
Training episodes:   8%|▊         | 197/2500 [01:48<21:30,  1.78it/s, buffer=39600, ret=11.54, success=0.00]
Training episodes:   8%|▊         | 198/2500 [01:48<21:22,  1.79it/s, buffer=39600, ret=11.54, success=0.00]
Training episodes:   8%|▊         | 198/2500 [01:48<21:22,  1.79it/s, buffer=39800, ret=11.35, success=0.00]
Training episodes:   8%|▊         | 199/2500 [01:48<21:14,  1.81it/s, buffer=39800, ret=11.35, success=0.00]
Training episodes:   8%|▊         | 199/2500 [01:49<21:14,  1.81it/s, buffer=4e+4, ret=12.24, success=0.00] wandb: WARNING `fps` argument does not affect the frame rate of the video when providing a file path or raw bytes.

Training episodes:   8%|▊         | 200/2500 [01:50<27:49,  1.38it/s, buffer=4e+4, ret=12.24, success=0.00]
Training episodes:   8%|▊         | 200/2500 [01:50<27:49,  1.38it/s, buffer=40200, ret=12.72, success=0.00]
Training episodes:   8%|▊         | 201/2500 [01:50<25:59,  1.47it/s, buffer=40200, ret=12.72, success=0.00]
Training episodes:   8%|▊         | 201/2500 [01:51<25:59,  1.47it/s, buffer=40400, ret=17.85, success=0.00]
Training episodes:   8%|▊         | 202/2500 [01:51<24:43,  1.55it/s, buffer=40400, ret=17.85, success=0.00]
Training episodes:   8%|▊         | 202/2500 [01:51<24:43,  1.55it/s, buffer=40600, ret=12.96, success=0.00]
Training episodes:   8%|▊         | 203/2500 [01:51<23:41,  1.62it/s, buffer=40600, ret=12.96, success=0.00]
Training episodes:   8%|▊         | 203/2500 [01:52<23:41,  1.62it/s, buffer=40800, ret=14.59, success=0.00]
Training episodes:   8%|▊         | 204/2500 [01:52<22:57,  1.67it/s, buffer=40800, ret=14.59, success=0.00]
Training episodes:   8%|▊         | 204/2500 [01:52<22:57,  1.67it/s, buffer=41000, ret=11.62, success=0.00]
Training episodes:   8%|▊         | 205/2500 [01:52<22:14,  1.72it/s, buffer=41000, ret=11.62, success=0.00]
Training episodes:   8%|▊         | 205/2500 [01:53<22:14,  1.72it/s, buffer=41200, ret=12.83, success=0.00]
Training episodes:   8%|▊         | 206/2500 [01:53<21:56,  1.74it/s, buffer=41200, ret=12.83, success=0.00]
Training episodes:   8%|▊         | 206/2500 [01:53<21:56,  1.74it/s, buffer=41400, ret=14.85, success=0.00]
Training episodes:   8%|▊         | 207/2500 [01:53<21:30,  1.78it/s, buffer=41400, ret=14.85, success=0.00]
Training episodes:   8%|▊         | 207/2500 [01:54<21:30,  1.78it/s, buffer=41600, ret=16.69, success=0.00]
Training episodes:   8%|▊         | 208/2500 [01:54<21:18,  1.79it/s, buffer=41600, ret=16.69, success=0.00]
Training episodes:   8%|▊         | 208/2500 [01:54<21:18,  1.79it/s, buffer=41800, ret=17.90, success=0.00]
Training episodes:   8%|▊         | 209/2500 [01:54<21:21,  1.79it/s, buffer=41800, ret=17.90, success=0.00]
Training episodes:   8%|▊         | 209/2500 [01:55<21:21,  1.79it/s, buffer=42000, ret=14.51, success=0.00]
Training episodes:   8%|▊         | 210/2500 [01:55<21:14,  1.80it/s, buffer=42000, ret=14.51, success=0.00]
Training episodes:   8%|▊         | 210/2500 [01:56<21:14,  1.80it/s, buffer=42200, ret=17.57, success=0.00]
Training episodes:   8%|▊         | 211/2500 [01:56<21:11,  1.80it/s, buffer=42200, ret=17.57, success=0.00]
Training episodes:   8%|▊         | 211/2500 [01:56<21:11,  1.80it/s, buffer=42400, ret=21.44, success=0.00]
Training episodes:   8%|▊         | 212/2500 [01:56<21:20,  1.79it/s, buffer=42400, ret=21.44, success=0.00]
Training episodes:   8%|▊         | 212/2500 [01:57<21:20,  1.79it/s, buffer=42600, ret=16.90, success=0.00]
Training episodes:   9%|▊         | 213/2500 [01:57<21:23,  1.78it/s, buffer=42600, ret=16.90, success=0.00]
Training episodes:   9%|▊         | 213/2500 [01:57<21:23,  1.78it/s, buffer=42800, ret=13.73, success=0.00]
Training episodes:   9%|▊         | 214/2500 [01:57<21:08,  1.80it/s, buffer=42800, ret=13.73, success=0.00]
Training episodes:   9%|▊         | 214/2500 [01:58<21:08,  1.80it/s, buffer=43000, ret=12.68, success=0.00]
Training episodes:   9%|▊         | 215/2500 [01:58<20:56,  1.82it/s, buffer=43000, ret=12.68, success=0.00]
Training episodes:   9%|▊         | 215/2500 [01:58<20:56,  1.82it/s, buffer=43200, ret=12.02, success=0.00]
Training episodes:   9%|▊         | 216/2500 [01:58<20:54,  1.82it/s, buffer=43200, ret=12.02, success=0.00]
Training episodes:   9%|▊         | 216/2500 [01:59<20:54,  1.82it/s, buffer=43400, ret=18.08, success=0.00]
Training episodes:   9%|▊         | 217/2500 [01:59<20:47,  1.83it/s, buffer=43400, ret=18.08, success=0.00]
Training episodes:   9%|▊         | 217/2500 [01:59<20:47,  1.83it/s, buffer=43600, ret=11.88, success=0.00]
Training episodes:   9%|▊         | 218/2500 [01:59<20:46,  1.83it/s, buffer=43600, ret=11.88, success=0.00]
Training episodes:   9%|▊         | 218/2500 [02:00<20:46,  1.83it/s, buffer=43800, ret=20.20, success=0.00]
Training episodes:   9%|▉         | 219/2500 [02:00<20:51,  1.82it/s, buffer=43800, ret=20.20, success=0.00]
Training episodes:   9%|▉         | 219/2500 [02:01<20:51,  1.82it/s, buffer=44000, ret=14.04, success=0.00]
Training episodes:   9%|▉         | 220/2500 [02:01<20:47,  1.83it/s, buffer=44000, ret=14.04, success=0.00]
Training episodes:   9%|▉         | 220/2500 [02:01<20:47,  1.83it/s, buffer=44200, ret=14.76, success=0.00]
Training episodes:   9%|▉         | 221/2500 [02:01<21:27,  1.77it/s, buffer=44200, ret=14.76, success=0.00]
Training episodes:   9%|▉         | 221/2500 [02:02<21:27,  1.77it/s, buffer=44400, ret=16.47, success=0.00]
Training episodes:   9%|▉         | 222/2500 [02:02<21:41,  1.75it/s, buffer=44400, ret=16.47, success=0.00]
Training episodes:   9%|▉         | 222/2500 [02:02<21:41,  1.75it/s, buffer=44600, ret=11.54, success=0.00]
Training episodes:   9%|▉         | 223/2500 [02:02<21:36,  1.76it/s, buffer=44600, ret=11.54, success=0.00]
Training episodes:   9%|▉         | 223/2500 [02:03<21:36,  1.76it/s, buffer=44800, ret=18.39, success=0.00]
Training episodes:   9%|▉         | 224/2500 [02:03<21:32,  1.76it/s, buffer=44800, ret=18.39, success=0.00]
Training episodes:   9%|▉         | 224/2500 [02:03<21:32,  1.76it/s, buffer=45000, ret=22.03, success=0.00]
Training episodes:   9%|▉         | 225/2500 [02:03<21:24,  1.77it/s, buffer=45000, ret=22.03, success=0.00]
Training episodes:   9%|▉         | 225/2500 [02:04<21:24,  1.77it/s, buffer=45200, ret=16.44, success=0.00]
Training episodes:   9%|▉         | 226/2500 [02:04<21:07,  1.79it/s, buffer=45200, ret=16.44, success=0.00]
Training episodes:   9%|▉         | 226/2500 [02:05<21:07,  1.79it/s, buffer=45400, ret=11.07, success=0.00]
Training episodes:   9%|▉         | 227/2500 [02:05<20:59,  1.81it/s, buffer=45400, ret=11.07, success=0.00]
Training episodes:   9%|▉         | 227/2500 [02:05<20:59,  1.81it/s, buffer=45600, ret=12.58, success=0.00]
Training episodes:   9%|▉         | 228/2500 [02:05<20:48,  1.82it/s, buffer=45600, ret=12.58, success=0.00]
Training episodes:   9%|▉         | 228/2500 [02:06<20:48,  1.82it/s, buffer=45800, ret=11.35, success=0.00]
Training episodes:   9%|▉         | 229/2500 [02:06<20:38,  1.83it/s, buffer=45800, ret=11.35, success=0.00]
Training episodes:   9%|▉         | 229/2500 [02:06<20:38,  1.83it/s, buffer=46000, ret=13.77, success=0.00]
Training episodes:   9%|▉         | 230/2500 [02:06<20:44,  1.82it/s, buffer=46000, ret=13.77, success=0.00]
Training episodes:   9%|▉         | 230/2500 [02:07<20:44,  1.82it/s, buffer=46200, ret=12.87, success=0.00]
Training episodes:   9%|▉         | 231/2500 [02:07<21:04,  1.79it/s, buffer=46200, ret=12.87, success=0.00]
Training episodes:   9%|▉         | 231/2500 [02:07<21:04,  1.79it/s, buffer=46400, ret=16.19, success=0.00]
Training episodes:   9%|▉         | 232/2500 [02:07<21:25,  1.76it/s, buffer=46400, ret=16.19, success=0.00]
Training episodes:   9%|▉         | 232/2500 [02:08<21:25,  1.76it/s, buffer=46600, ret=15.88, success=0.00]
Training episodes:   9%|▉         | 233/2500 [02:08<21:45,  1.74it/s, buffer=46600, ret=15.88, success=0.00]
Training episodes:   9%|▉         | 233/2500 [02:08<21:45,  1.74it/s, buffer=46800, ret=14.83, success=0.00]
Training episodes:   9%|▉         | 234/2500 [02:08<21:39,  1.74it/s, buffer=46800, ret=14.83, success=0.00]
Training episodes:   9%|▉         | 234/2500 [02:09<21:39,  1.74it/s, buffer=47000, ret=14.23, success=0.00]
Training episodes:   9%|▉         | 235/2500 [02:09<21:48,  1.73it/s, buffer=47000, ret=14.23, success=0.00]
Training episodes:   9%|▉         | 235/2500 [02:10<21:48,  1.73it/s, buffer=47200, ret=13.64, success=0.00]
Training episodes:   9%|▉         | 236/2500 [02:10<21:32,  1.75it/s, buffer=47200, ret=13.64, success=0.00]
Training episodes:   9%|▉         | 236/2500 [02:10<21:32,  1.75it/s, buffer=47400, ret=14.90, success=0.00]
Training episodes:   9%|▉         | 237/2500 [02:10<21:28,  1.76it/s, buffer=47400, ret=14.90, success=0.00]
Training episodes:   9%|▉         | 237/2500 [02:11<21:28,  1.76it/s, buffer=47600, ret=11.65, success=0.00]
Training episodes:  10%|▉         | 238/2500 [02:11<21:28,  1.76it/s, buffer=47600, ret=11.65, success=0.00]
Training episodes:  10%|▉         | 238/2500 [02:11<21:28,  1.76it/s, buffer=47800, ret=11.68, success=0.00]
Training episodes:  10%|▉         | 239/2500 [02:11<21:14,  1.77it/s, buffer=47800, ret=11.68, success=0.00]
Training episodes:  10%|▉         | 239/2500 [02:12<21:14,  1.77it/s, buffer=48000, ret=13.47, success=0.00]
Training episodes:  10%|▉         | 240/2500 [02:12<21:07,  1.78it/s, buffer=48000, ret=13.47, success=0.00]
Training episodes:  10%|▉         | 240/2500 [02:12<21:07,  1.78it/s, buffer=48200, ret=16.26, success=0.00]
Training episodes:  10%|▉         | 241/2500 [02:12<21:21,  1.76it/s, buffer=48200, ret=16.26, success=0.00]
Training episodes:  10%|▉         | 241/2500 [02:13<21:21,  1.76it/s, buffer=48400, ret=15.85, success=0.00]
Training episodes:  10%|▉         | 242/2500 [02:13<21:30,  1.75it/s, buffer=48400, ret=15.85, success=0.00]
Training episodes:  10%|▉         | 242/2500 [02:14<21:30,  1.75it/s, buffer=48600, ret=21.35, success=0.00]
Training episodes:  10%|▉         | 243/2500 [02:14<21:42,  1.73it/s, buffer=48600, ret=21.35, success=0.00]
Training episodes:  10%|▉         | 243/2500 [02:14<21:42,  1.73it/s, buffer=48800, ret=30.48, success=0.00]
Training episodes:  10%|▉         | 244/2500 [02:14<22:00,  1.71it/s, buffer=48800, ret=30.48, success=0.00]
Training episodes:  10%|▉         | 244/2500 [02:15<22:00,  1.71it/s, buffer=49000, ret=12.84, success=0.00]
Training episodes:  10%|▉         | 245/2500 [02:15<21:48,  1.72it/s, buffer=49000, ret=12.84, success=0.00]
Training episodes:  10%|▉         | 245/2500 [02:15<21:48,  1.72it/s, buffer=49200, ret=16.11, success=0.00]
Training episodes:  10%|▉         | 246/2500 [02:15<21:41,  1.73it/s, buffer=49200, ret=16.11, success=0.00]
Training episodes:  10%|▉         | 246/2500 [02:16<21:41,  1.73it/s, buffer=49400, ret=15.48, success=0.00]
Training episodes:  10%|▉         | 247/2500 [02:16<21:31,  1.74it/s, buffer=49400, ret=15.48, success=0.00]
Training episodes:  10%|▉         | 247/2500 [02:17<21:31,  1.74it/s, buffer=49600, ret=12.57, success=0.00]
Training episodes:  10%|▉         | 248/2500 [02:17<21:44,  1.73it/s, buffer=49600, ret=12.57, success=0.00]
Training episodes:  10%|▉         | 248/2500 [02:17<21:44,  1.73it/s, buffer=49800, ret=12.48, success=0.00]
Training episodes:  10%|▉         | 249/2500 [02:17<21:36,  1.74it/s, buffer=49800, ret=12.48, success=0.00]
Training episodes:  10%|▉         | 249/2500 [02:18<21:36,  1.74it/s, buffer=5e+4, ret=16.15, success=0.00] wandb: WARNING `fps` argument does not affect the frame rate of the video when providing a file path or raw bytes.

Training episodes:  10%|█         | 250/2500 [02:18<28:19,  1.32it/s, buffer=5e+4, ret=16.15, success=0.00]
Training episodes:  10%|█         | 250/2500 [02:19<28:19,  1.32it/s, buffer=50200, ret=12.46, success=0.00]
Training episodes:  10%|█         | 251/2500 [02:19<26:06,  1.44it/s, buffer=50200, ret=12.46, success=0.00]
Training episodes:  10%|█         | 251/2500 [02:19<26:06,  1.44it/s, buffer=50400, ret=11.23, success=0.00]
Training episodes:  10%|█         | 252/2500 [02:19<24:26,  1.53it/s, buffer=50400, ret=11.23, success=0.00]
Training episodes:  10%|█         | 252/2500 [02:20<24:26,  1.53it/s, buffer=50600, ret=18.57, success=0.00]
Training episodes:  10%|█         | 253/2500 [02:20<23:27,  1.60it/s, buffer=50600, ret=18.57, success=0.00]
Training episodes:  10%|█         | 253/2500 [02:20<23:27,  1.60it/s, buffer=50800, ret=13.36, success=0.00]
Training episodes:  10%|█         | 254/2500 [02:20<22:30,  1.66it/s, buffer=50800, ret=13.36, success=0.00]
Training episodes:  10%|█         | 254/2500 [02:21<22:30,  1.66it/s, buffer=51000, ret=12.66, success=0.00]
Training episodes:  10%|█         | 255/2500 [02:21<21:57,  1.70it/s, buffer=51000, ret=12.66, success=0.00]
Training episodes:  10%|█         | 255/2500 [02:22<21:57,  1.70it/s, buffer=51200, ret=12.83, success=0.00]
Training episodes:  10%|█         | 256/2500 [02:22<21:43,  1.72it/s, buffer=51200, ret=12.83, success=0.00]
Training episodes:  10%|█         | 256/2500 [02:22<21:43,  1.72it/s, buffer=51400, ret=13.42, success=0.00]
Training episodes:  10%|█         | 257/2500 [02:22<21:40,  1.72it/s, buffer=51400, ret=13.42, success=0.00]
Training episodes:  10%|█         | 257/2500 [02:23<21:40,  1.72it/s, buffer=51600, ret=17.09, success=0.00]
Training episodes:  10%|█         | 258/2500 [02:23<21:27,  1.74it/s, buffer=51600, ret=17.09, success=0.00]
Training episodes:  10%|█         | 258/2500 [02:23<21:27,  1.74it/s, buffer=51800, ret=17.59, success=0.00]
Training episodes:  10%|█         | 259/2500 [02:23<21:24,  1.74it/s, buffer=51800, ret=17.59, success=0.00]
Training episodes:  10%|█         | 259/2500 [02:24<21:24,  1.74it/s, buffer=52000, ret=11.64, success=0.00]
Training episodes:  10%|█         | 260/2500 [02:24<21:19,  1.75it/s, buffer=52000, ret=11.64, success=0.00]
Training episodes:  10%|█         | 260/2500 [02:24<21:19,  1.75it/s, buffer=52200, ret=12.86, success=0.00]
Training episodes:  10%|█         | 261/2500 [02:24<21:43,  1.72it/s, buffer=52200, ret=12.86, success=0.00]
Training episodes:  10%|█         | 261/2500 [02:25<21:43,  1.72it/s, buffer=52400, ret=14.84, success=0.00]
Training episodes:  10%|█         | 262/2500 [02:25<21:33,  1.73it/s, buffer=52400, ret=14.84, success=0.00]
Training episodes:  10%|█         | 262/2500 [02:26<21:33,  1.73it/s, buffer=52600, ret=13.12, success=0.00]
Training episodes:  11%|█         | 263/2500 [02:26<21:26,  1.74it/s, buffer=52600, ret=13.12, success=0.00]
Training episodes:  11%|█         | 263/2500 [02:26<21:26,  1.74it/s, buffer=52800, ret=12.16, success=0.00]
Training episodes:  11%|█         | 264/2500 [02:26<21:20,  1.75it/s, buffer=52800, ret=12.16, success=0.00]
Training episodes:  11%|█         | 264/2500 [02:27<21:20,  1.75it/s, buffer=53000, ret=13.16, success=0.00]
Training episodes:  11%|█         | 265/2500 [02:27<21:18,  1.75it/s, buffer=53000, ret=13.16, success=0.00]
Training episodes:  11%|█         | 265/2500 [02:27<21:18,  1.75it/s, buffer=53200, ret=14.58, success=0.00]
Training episodes:  11%|█         | 266/2500 [02:27<21:33,  1.73it/s, buffer=53200, ret=14.58, success=0.00]
Training episodes:  11%|█         | 266/2500 [02:28<21:33,  1.73it/s, buffer=53400, ret=13.91, success=0.00]
Training episodes:  11%|█         | 267/2500 [02:28<21:19,  1.74it/s, buffer=53400, ret=13.91, success=0.00]
Training episodes:  11%|█         | 267/2500 [02:28<21:19,  1.74it/s, buffer=53600, ret=15.95, success=0.00]
Training episodes:  11%|█         | 268/2500 [02:28<21:09,  1.76it/s, buffer=53600, ret=15.95, success=0.00]
Training episodes:  11%|█         | 268/2500 [02:29<21:09,  1.76it/s, buffer=53800, ret=16.76, success=0.00]
Training episodes:  11%|█         | 269/2500 [02:29<21:04,  1.76it/s, buffer=53800, ret=16.76, success=0.00]
Training episodes:  11%|█         | 269/2500 [02:30<21:04,  1.76it/s, buffer=54000, ret=12.70, success=0.00]
Training episodes:  11%|█         | 270/2500 [02:30<20:58,  1.77it/s, buffer=54000, ret=12.70, success=0.00]
Training episodes:  11%|█         | 270/2500 [02:30<20:58,  1.77it/s, buffer=54200, ret=14.33, success=0.00]
Training episodes:  11%|█         | 271/2500 [02:30<21:28,  1.73it/s, buffer=54200, ret=14.33, success=0.00]
Training episodes:  11%|█         | 271/2500 [02:31<21:28,  1.73it/s, buffer=54400, ret=11.33, success=0.00]
Training episodes:  11%|█         | 272/2500 [02:31<21:13,  1.75it/s, buffer=54400, ret=11.33, success=0.00]
Training episodes:  11%|█         | 272/2500 [02:31<21:13,  1.75it/s, buffer=54600, ret=10.99, success=0.00]
Training episodes:  11%|█         | 273/2500 [02:31<21:09,  1.75it/s, buffer=54600, ret=10.99, success=0.00]
Training episodes:  11%|█         | 273/2500 [02:32<21:09,  1.75it/s, buffer=54800, ret=14.25, success=0.00]
Training episodes:  11%|█         | 274/2500 [02:32<21:08,  1.76it/s, buffer=54800, ret=14.25, success=0.00]
Training episodes:  11%|█         | 274/2500 [02:32<21:08,  1.76it/s, buffer=55000, ret=13.91, success=0.00]
Training episodes:  11%|█         | 275/2500 [02:32<21:16,  1.74it/s, buffer=55000, ret=13.91, success=0.00]
Training episodes:  11%|█         | 275/2500 [02:33<21:16,  1.74it/s, buffer=55200, ret=14.50, success=0.00]
Training episodes:  11%|█         | 276/2500 [02:33<21:03,  1.76it/s, buffer=55200, ret=14.50, success=0.00]
Training episodes:  11%|█         | 276/2500 [02:34<21:03,  1.76it/s, buffer=55400, ret=10.87, success=0.00]
Training episodes:  11%|█         | 277/2500 [02:34<20:58,  1.77it/s, buffer=55400, ret=10.87, success=0.00]
Training episodes:  11%|█         | 277/2500 [02:34<20:58,  1.77it/s, buffer=55600, ret=15.16, success=0.00]
Training episodes:  11%|█         | 278/2500 [02:34<20:53,  1.77it/s, buffer=55600, ret=15.16, success=0.00]
Training episodes:  11%|█         | 278/2500 [02:35<20:53,  1.77it/s, buffer=55800, ret=13.75, success=0.00]
Training episodes:  11%|█         | 279/2500 [02:35<20:59,  1.76it/s, buffer=55800, ret=13.75, success=0.00]
Training episodes:  11%|█         | 279/2500 [02:35<20:59,  1.76it/s, buffer=56000, ret=17.72, success=0.00]
Training episodes:  11%|█         | 280/2500 [02:35<20:59,  1.76it/s, buffer=56000, ret=17.72, success=0.00]
Training episodes:  11%|█         | 280/2500 [02:36<20:59,  1.76it/s, buffer=56200, ret=16.29, success=0.00]
Training episodes:  11%|█         | 281/2500 [02:36<20:51,  1.77it/s, buffer=56200, ret=16.29, success=0.00]
Training episodes:  11%|█         | 281/2500 [02:36<20:51,  1.77it/s, buffer=56400, ret=21.05, success=0.00]
Training episodes:  11%|█▏        | 282/2500 [02:36<20:55,  1.77it/s, buffer=56400, ret=21.05, success=0.00]
Training episodes:  11%|█▏        | 282/2500 [02:37<20:55,  1.77it/s, buffer=56600, ret=19.43, success=0.00]
Training episodes:  11%|█▏        | 283/2500 [02:37<20:47,  1.78it/s, buffer=56600, ret=19.43, success=0.00]
Training episodes:  11%|█▏        | 283/2500 [02:38<20:47,  1.78it/s, buffer=56800, ret=11.51, success=0.00]
Training episodes:  11%|█▏        | 284/2500 [02:38<20:44,  1.78it/s, buffer=56800, ret=11.51, success=0.00]
Training episodes:  11%|█▏        | 284/2500 [02:38<20:44,  1.78it/s, buffer=57000, ret=12.84, success=0.00]
Training episodes:  11%|█▏        | 285/2500 [02:38<20:44,  1.78it/s, buffer=57000, ret=12.84, success=0.00]
Training episodes:  11%|█▏        | 285/2500 [02:39<20:44,  1.78it/s, buffer=57200, ret=12.69, success=0.00]
Training episodes:  11%|█▏        | 286/2500 [02:39<20:45,  1.78it/s, buffer=57200, ret=12.69, success=0.00]
Training episodes:  11%|█▏        | 286/2500 [02:39<20:45,  1.78it/s, buffer=57400, ret=14.24, success=0.00]
Training episodes:  11%|█▏        | 287/2500 [02:39<20:53,  1.76it/s, buffer=57400, ret=14.24, success=0.00]
Training episodes:  11%|█▏        | 287/2500 [02:40<20:53,  1.76it/s, buffer=57600, ret=17.24, success=0.00]
Training episodes:  12%|█▏        | 288/2500 [02:40<20:59,  1.76it/s, buffer=57600, ret=17.24, success=0.00]
Training episodes:  12%|█▏        | 288/2500 [02:40<20:59,  1.76it/s, buffer=57800, ret=10.96, success=0.00]
Training episodes:  12%|█▏        | 289/2500 [02:40<20:50,  1.77it/s, buffer=57800, ret=10.96, success=0.00]
Training episodes:  12%|█▏        | 289/2500 [02:41<20:50,  1.77it/s, buffer=58000, ret=15.62, success=0.00]
Training episodes:  12%|█▏        | 290/2500 [02:41<21:00,  1.75it/s, buffer=58000, ret=15.62, success=0.00]
Training episodes:  12%|█▏        | 290/2500 [02:42<21:00,  1.75it/s, buffer=58200, ret=22.51, success=0.00]
Training episodes:  12%|█▏        | 291/2500 [02:42<21:01,  1.75it/s, buffer=58200, ret=22.51, success=0.00]
Training episodes:  12%|█▏        | 291/2500 [02:42<21:01,  1.75it/s, buffer=58400, ret=11.94, success=0.00]
Training episodes:  12%|█▏        | 292/2500 [02:42<21:12,  1.74it/s, buffer=58400, ret=11.94, success=0.00]
Training episodes:  12%|█▏        | 292/2500 [02:43<21:12,  1.74it/s, buffer=58600, ret=16.18, success=0.00]
Training episodes:  12%|█▏        | 293/2500 [02:43<21:06,  1.74it/s, buffer=58600, ret=16.18, success=0.00]
Training episodes:  12%|█▏        | 293/2500 [02:43<21:06,  1.74it/s, buffer=58800, ret=19.71, success=0.00]
Training episodes:  12%|█▏        | 294/2500 [02:43<21:01,  1.75it/s, buffer=58800, ret=19.71, success=0.00]
Training episodes:  12%|█▏        | 294/2500 [02:44<21:01,  1.75it/s, buffer=59000, ret=15.28, success=0.00]
Training episodes:  12%|█▏        | 295/2500 [02:44<21:07,  1.74it/s, buffer=59000, ret=15.28, success=0.00]
Training episodes:  12%|█▏        | 295/2500 [02:44<21:07,  1.74it/s, buffer=59200, ret=11.48, success=0.00]
Training episodes:  12%|█▏        | 296/2500 [02:44<20:58,  1.75it/s, buffer=59200, ret=11.48, success=0.00]
Training episodes:  12%|█▏        | 296/2500 [02:45<20:58,  1.75it/s, buffer=59400, ret=19.82, success=0.00]
Training episodes:  12%|█▏        | 297/2500 [02:45<21:05,  1.74it/s, buffer=59400, ret=19.82, success=0.00]
Training episodes:  12%|█▏        | 297/2500 [02:46<21:05,  1.74it/s, buffer=59600, ret=16.34, success=0.00]
Training episodes:  12%|█▏        | 298/2500 [02:46<20:56,  1.75it/s, buffer=59600, ret=16.34, success=0.00]
Training episodes:  12%|█▏        | 298/2500 [02:46<20:56,  1.75it/s, buffer=59800, ret=12.60, success=0.00]
Training episodes:  12%|█▏        | 299/2500 [02:46<21:00,  1.75it/s, buffer=59800, ret=12.60, success=0.00]
Training episodes:  12%|█▏        | 299/2500 [02:47<21:00,  1.75it/s, buffer=6e+4, ret=12.02, success=0.00] wandb: WARNING `fps` argument does not affect the frame rate of the video when providing a file path or raw bytes.

Training episodes:  12%|█▏        | 300/2500 [02:47<27:25,  1.34it/s, buffer=6e+4, ret=12.02, success=0.00]
Training episodes:  12%|█▏        | 300/2500 [02:48<27:25,  1.34it/s, buffer=60200, ret=11.47, success=0.00]
Training episodes:  12%|█▏        | 301/2500 [02:48<25:26,  1.44it/s, buffer=60200, ret=11.47, success=0.00]
Training episodes:  12%|█▏        | 301/2500 [02:48<25:26,  1.44it/s, buffer=60400, ret=17.03, success=0.00]
Training episodes:  12%|█▏        | 302/2500 [02:48<24:02,  1.52it/s, buffer=60400, ret=17.03, success=0.00]
Training episodes:  12%|█▏        | 302/2500 [02:49<24:02,  1.52it/s, buffer=60600, ret=16.28, success=0.00]
Training episodes:  12%|█▏        | 303/2500 [02:49<23:17,  1.57it/s, buffer=60600, ret=16.28, success=0.00]
Training episodes:  12%|█▏        | 303/2500 [02:50<23:17,  1.57it/s, buffer=60800, ret=21.63, success=0.00]
Training episodes:  12%|█▏        | 304/2500 [02:50<22:37,  1.62it/s, buffer=60800, ret=21.63, success=0.00]
Training episodes:  12%|█▏        | 304/2500 [02:50<22:37,  1.62it/s, buffer=61000, ret=12.16, success=0.00]
Training episodes:  12%|█▏        | 305/2500 [02:50<22:09,  1.65it/s, buffer=61000, ret=12.16, success=0.00]
Training episodes:  12%|█▏        | 305/2500 [02:51<22:09,  1.65it/s, buffer=61200, ret=18.50, success=0.00]
Training episodes:  12%|█▏        | 306/2500 [02:51<21:42,  1.68it/s, buffer=61200, ret=18.50, success=0.00]
Training episodes:  12%|█▏        | 306/2500 [02:51<21:42,  1.68it/s, buffer=61400, ret=10.22, success=0.00]
Training episodes:  12%|█▏        | 307/2500 [02:51<21:11,  1.73it/s, buffer=61400, ret=10.22, success=0.00]
Training episodes:  12%|█▏        | 307/2500 [02:52<21:11,  1.73it/s, buffer=61600, ret=13.53, success=0.00]
Training episodes:  12%|█▏        | 308/2500 [02:52<20:54,  1.75it/s, buffer=61600, ret=13.53, success=0.00]
Training episodes:  12%|█▏        | 308/2500 [02:52<20:54,  1.75it/s, buffer=61800, ret=16.40, success=0.00]
Training episodes:  12%|█▏        | 309/2500 [02:52<20:53,  1.75it/s, buffer=61800, ret=16.40, success=0.00]
Training episodes:  12%|█▏        | 309/2500 [02:53<20:53,  1.75it/s, buffer=62000, ret=12.62, success=0.00]
Training episodes:  12%|█▏        | 310/2500 [02:53<20:41,  1.76it/s, buffer=62000, ret=12.62, success=0.00]
Training episodes:  12%|█▏        | 310/2500 [02:54<20:41,  1.76it/s, buffer=62200, ret=14.38, success=0.00]
Training episodes:  12%|█▏        | 311/2500 [02:54<20:39,  1.77it/s, buffer=62200, ret=14.38, success=0.00]
Training episodes:  12%|█▏        | 311/2500 [02:54<20:39,  1.77it/s, buffer=62400, ret=17.06, success=0.00]
Training episodes:  12%|█▏        | 312/2500 [02:54<20:46,  1.76it/s, buffer=62400, ret=17.06, success=0.00]
Training episodes:  12%|█▏        | 312/2500 [02:55<20:46,  1.76it/s, buffer=62600, ret=11.97, success=0.00]
Training episodes:  13%|█▎        | 313/2500 [02:55<20:45,  1.76it/s, buffer=62600, ret=11.97, success=0.00]
Training episodes:  13%|█▎        | 313/2500 [02:55<20:45,  1.76it/s, buffer=62800, ret=14.46, success=0.00]
Training episodes:  13%|█▎        | 314/2500 [02:55<20:36,  1.77it/s, buffer=62800, ret=14.46, success=0.00]
Training episodes:  13%|█▎        | 314/2500 [02:56<20:36,  1.77it/s, buffer=63000, ret=12.83, success=0.00]
Training episodes:  13%|█▎        | 315/2500 [02:56<20:33,  1.77it/s, buffer=63000, ret=12.83, success=0.00]
Training episodes:  13%|█▎        | 315/2500 [02:56<20:33,  1.77it/s, buffer=63200, ret=11.75, success=0.00]
Training episodes:  13%|█▎        | 316/2500 [02:56<20:30,  1.77it/s, buffer=63200, ret=11.75, success=0.00]
Training episodes:  13%|█▎        | 316/2500 [02:57<20:30,  1.77it/s, buffer=63400, ret=14.94, success=0.00]
Training episodes:  13%|█▎        | 317/2500 [02:57<20:36,  1.77it/s, buffer=63400, ret=14.94, success=0.00]
Training episodes:  13%|█▎        | 317/2500 [02:57<20:36,  1.77it/s, buffer=63600, ret=16.85, success=0.00]
Training episodes:  13%|█▎        | 318/2500 [02:57<20:35,  1.77it/s, buffer=63600, ret=16.85, success=0.00]
Training episodes:  13%|█▎        | 318/2500 [02:58<20:35,  1.77it/s, buffer=63800, ret=13.17, success=0.00]
Training episodes:  13%|█▎        | 319/2500 [02:58<20:52,  1.74it/s, buffer=63800, ret=13.17, success=0.00]
Training episodes:  13%|█▎        | 319/2500 [02:59<20:52,  1.74it/s, buffer=64000, ret=13.52, success=0.00]
Training episodes:  13%|█▎        | 320/2500 [02:59<20:52,  1.74it/s, buffer=64000, ret=13.52, success=0.00]
Training episodes:  13%|█▎        | 320/2500 [02:59<20:52,  1.74it/s, buffer=64200, ret=20.11, success=0.00]
Training episodes:  13%|█▎        | 321/2500 [02:59<20:53,  1.74it/s, buffer=64200, ret=20.11, success=0.00]
Training episodes:  13%|█▎        | 321/2500 [03:00<20:53,  1.74it/s, buffer=64400, ret=14.17, success=0.00]
Training episodes:  13%|█▎        | 322/2500 [03:00<20:44,  1.75it/s, buffer=64400, ret=14.17, success=0.00]
Training episodes:  13%|█▎        | 322/2500 [03:00<20:44,  1.75it/s, buffer=64600, ret=17.76, success=0.00]
Training episodes:  13%|█▎        | 323/2500 [03:00<20:44,  1.75it/s, buffer=64600, ret=17.76, success=0.00]
Training episodes:  13%|█▎        | 323/2500 [03:01<20:44,  1.75it/s, buffer=64800, ret=15.22, success=0.00]
Training episodes:  13%|█▎        | 324/2500 [03:01<21:03,  1.72it/s, buffer=64800, ret=15.22, success=0.00]
Training episodes:  13%|█▎        | 324/2500 [03:02<21:03,  1.72it/s, buffer=65000, ret=20.82, success=0.00]
Training episodes:  13%|█▎        | 325/2500 [03:02<21:09,  1.71it/s, buffer=65000, ret=20.82, success=0.00]
Training episodes:  13%|█▎        | 325/2500 [03:02<21:09,  1.71it/s, buffer=65200, ret=15.78, success=0.00]
Training episodes:  13%|█▎        | 326/2500 [03:02<20:58,  1.73it/s, buffer=65200, ret=15.78, success=0.00]
Training episodes:  13%|█▎        | 326/2500 [03:03<20:58,  1.73it/s, buffer=65400, ret=14.61, success=0.00]
Training episodes:  13%|█▎        | 327/2500 [03:03<20:59,  1.72it/s, buffer=65400, ret=14.61, success=0.00]
Training episodes:  13%|█▎        | 327/2500 [03:03<20:59,  1.72it/s, buffer=65600, ret=10.05, success=0.00]
Training episodes:  13%|█▎        | 328/2500 [03:03<20:46,  1.74it/s, buffer=65600, ret=10.05, success=0.00]
Training episodes:  13%|█▎        | 328/2500 [03:04<20:46,  1.74it/s, buffer=65800, ret=10.52, success=0.00]
Training episodes:  13%|█▎        | 329/2500 [03:04<21:03,  1.72it/s, buffer=65800, ret=10.52, success=0.00]
Training episodes:  13%|█▎        | 329/2500 [03:04<21:03,  1.72it/s, buffer=66000, ret=14.15, success=0.00]
Training episodes:  13%|█▎        | 330/2500 [03:04<21:11,  1.71it/s, buffer=66000, ret=14.15, success=0.00]
Training episodes:  13%|█▎        | 330/2500 [03:05<21:11,  1.71it/s, buffer=66200, ret=21.16, success=0.00]
Training episodes:  13%|█▎        | 331/2500 [03:05<20:54,  1.73it/s, buffer=66200, ret=21.16, success=0.00]
Training episodes:  13%|█▎        | 331/2500 [03:06<20:54,  1.73it/s, buffer=66400, ret=11.22, success=0.00]
Training episodes:  13%|█▎        | 332/2500 [03:06<20:47,  1.74it/s, buffer=66400, ret=11.22, success=0.00]
Training episodes:  13%|█▎        | 332/2500 [03:06<20:47,  1.74it/s, buffer=66600, ret=15.91, success=0.00]
Training episodes:  13%|█▎        | 333/2500 [03:06<20:43,  1.74it/s, buffer=66600, ret=15.91, success=0.00]
Training episodes:  13%|█▎        | 333/2500 [03:07<20:43,  1.74it/s, buffer=66800, ret=17.70, success=0.00]
Training episodes:  13%|█▎        | 334/2500 [03:07<20:47,  1.74it/s, buffer=66800, ret=17.70, success=0.00]
Training episodes:  13%|█▎        | 334/2500 [03:07<20:47,  1.74it/s, buffer=67000, ret=14.95, success=0.00]
Training episodes:  13%|█▎        | 335/2500 [03:07<20:39,  1.75it/s, buffer=67000, ret=14.95, success=0.00]
Training episodes:  13%|█▎        | 335/2500 [03:08<20:39,  1.75it/s, buffer=67200, ret=14.49, success=0.00]
Training episodes:  13%|█▎        | 336/2500 [03:08<20:36,  1.75it/s, buffer=67200, ret=14.49, success=0.00]
Training episodes:  13%|█▎        | 336/2500 [03:08<20:36,  1.75it/s, buffer=67400, ret=12.55, success=0.00]
Training episodes:  13%|█▎        | 337/2500 [03:08<20:53,  1.73it/s, buffer=67400, ret=12.55, success=0.00]
Training episodes:  13%|█▎        | 337/2500 [03:09<20:53,  1.73it/s, buffer=67600, ret=14.38, success=0.00]
Training episodes:  14%|█▎        | 338/2500 [03:09<20:48,  1.73it/s, buffer=67600, ret=14.38, success=0.00]
Training episodes:  14%|█▎        | 338/2500 [03:10<20:48,  1.73it/s, buffer=67800, ret=16.75, success=0.00]
Training episodes:  14%|█▎        | 339/2500 [03:10<20:47,  1.73it/s, buffer=67800, ret=16.75, success=0.00]
Training episodes:  14%|█▎        | 339/2500 [03:10<20:47,  1.73it/s, buffer=68000, ret=21.89, success=0.00]
Training episodes:  14%|█▎        | 340/2500 [03:10<20:52,  1.72it/s, buffer=68000, ret=21.89, success=0.00]
Training episodes:  14%|█▎        | 340/2500 [03:11<20:52,  1.72it/s, buffer=68200, ret=20.92, success=0.00]
Training episodes:  14%|█▎        | 341/2500 [03:11<20:49,  1.73it/s, buffer=68200, ret=20.92, success=0.00]
Training episodes:  14%|█▎        | 341/2500 [03:11<20:49,  1.73it/s, buffer=68400, ret=10.77, success=0.00]
Training episodes:  14%|█▎        | 342/2500 [03:11<20:34,  1.75it/s, buffer=68400, ret=10.77, success=0.00]
Training episodes:  14%|█▎        | 342/2500 [03:12<20:34,  1.75it/s, buffer=68600, ret=27.69, success=0.00]
Training episodes:  14%|█▎        | 343/2500 [03:12<20:54,  1.72it/s, buffer=68600, ret=27.69, success=0.00]
Training episodes:  14%|█▎        | 343/2500 [03:12<20:54,  1.72it/s, buffer=68800, ret=13.38, success=0.00]
Training episodes:  14%|█▍        | 344/2500 [03:12<20:46,  1.73it/s, buffer=68800, ret=13.38, success=0.00]
Training episodes:  14%|█▍        | 344/2500 [03:13<20:46,  1.73it/s, buffer=69000, ret=11.46, success=0.00]
Training episodes:  14%|█▍        | 345/2500 [03:13<21:04,  1.70it/s, buffer=69000, ret=11.46, success=0.00]
Training episodes:  14%|█▍        | 345/2500 [03:14<21:04,  1.70it/s, buffer=69200, ret=15.12, success=0.00]
Training episodes:  14%|█▍        | 346/2500 [03:14<20:50,  1.72it/s, buffer=69200, ret=15.12, success=0.00]
Training episodes:  14%|█▍        | 346/2500 [03:14<20:50,  1.72it/s, buffer=69400, ret=10.65, success=0.00]
Training episodes:  14%|█▍        | 347/2500 [03:14<20:34,  1.74it/s, buffer=69400, ret=10.65, success=0.00]
Training episodes:  14%|█▍        | 347/2500 [03:15<20:34,  1.74it/s, buffer=69600, ret=15.01, success=0.00]
Training episodes:  14%|█▍        | 348/2500 [03:15<20:40,  1.73it/s, buffer=69600, ret=15.01, success=0.00]
Training episodes:  14%|█▍        | 348/2500 [03:15<20:40,  1.73it/s, buffer=69800, ret=29.68, success=0.00]
Training episodes:  14%|█▍        | 349/2500 [03:15<20:43,  1.73it/s, buffer=69800, ret=29.68, success=0.00]
Training episodes:  14%|█▍        | 349/2500 [03:16<20:43,  1.73it/s, buffer=7e+4, ret=16.09, success=0.00] wandb: WARNING `fps` argument does not affect the frame rate of the video when providing a file path or raw bytes.

Training episodes:  14%|█▍        | 350/2500 [03:17<27:02,  1.33it/s, buffer=7e+4, ret=16.09, success=0.00]
Training episodes:  14%|█▍        | 350/2500 [03:17<27:02,  1.33it/s, buffer=70200, ret=15.41, success=0.00]
Training episodes:  14%|█▍        | 351/2500 [03:17<25:25,  1.41it/s, buffer=70200, ret=15.41, success=0.00]
Training episodes:  14%|█▍        | 351/2500 [03:18<25:25,  1.41it/s, buffer=70400, ret=12.83, success=0.00]
Training episodes:  14%|█▍        | 352/2500 [03:18<23:50,  1.50it/s, buffer=70400, ret=12.83, success=0.00]
Training episodes:  14%|█▍        | 352/2500 [03:18<23:50,  1.50it/s, buffer=70600, ret=13.47, success=0.00]
Training episodes:  14%|█▍        | 353/2500 [03:18<22:41,  1.58it/s, buffer=70600, ret=13.47, success=0.00]
Training episodes:  14%|█▍        | 353/2500 [03:19<22:41,  1.58it/s, buffer=70800, ret=13.05, success=0.00]
Training episodes:  14%|█▍        | 354/2500 [03:19<22:01,  1.62it/s, buffer=70800, ret=13.05, success=0.00]
Training episodes:  14%|█▍        | 354/2500 [03:19<22:01,  1.62it/s, buffer=71000, ret=12.24, success=0.00]
Training episodes:  14%|█▍        | 355/2500 [03:19<21:27,  1.67it/s, buffer=71000, ret=12.24, success=0.00]
Training episodes:  14%|█▍        | 355/2500 [03:20<21:27,  1.67it/s, buffer=71200, ret=16.12, success=0.00]
Training episodes:  14%|█▍        | 356/2500 [03:20<21:21,  1.67it/s, buffer=71200, ret=16.12, success=0.00]
Training episodes:  14%|█▍        | 356/2500 [03:21<21:21,  1.67it/s, buffer=71400, ret=17.84, success=0.00]
Training episodes:  14%|█▍        | 357/2500 [03:21<21:09,  1.69it/s, buffer=71400, ret=17.84, success=0.00]
Training episodes:  14%|█▍        | 357/2500 [03:21<21:09,  1.69it/s, buffer=71600, ret=11.39, success=0.00]
Training episodes:  14%|█▍        | 358/2500 [03:21<21:03,  1.70it/s, buffer=71600, ret=11.39, success=0.00]
Training episodes:  14%|█▍        | 358/2500 [03:22<21:03,  1.70it/s, buffer=71800, ret=13.31, success=0.00]
Training episodes:  14%|█▍        | 359/2500 [03:22<21:00,  1.70it/s, buffer=71800, ret=13.31, success=0.00]
Training episodes:  14%|█▍        | 359/2500 [03:22<21:00,  1.70it/s, buffer=72000, ret=12.60, success=0.00]
Training episodes:  14%|█▍        | 360/2500 [03:22<20:45,  1.72it/s, buffer=72000, ret=12.60, success=0.00]
Training episodes:  14%|█▍        | 360/2500 [03:23<20:45,  1.72it/s, buffer=72200, ret=11.83, success=0.00]
Training episodes:  14%|█▍        | 361/2500 [03:23<20:27,  1.74it/s, buffer=72200, ret=11.83, success=0.00]
Training episodes:  14%|█▍        | 361/2500 [03:23<20:27,  1.74it/s, buffer=72400, ret=10.62, success=0.00]
Training episodes:  14%|█▍        | 362/2500 [03:23<20:22,  1.75it/s, buffer=72400, ret=10.62, success=0.00]
Training episodes:  14%|█▍        | 362/2500 [03:24<20:22,  1.75it/s, buffer=72600, ret=15.24, success=0.00]
Training episodes:  15%|█▍        | 363/2500 [03:24<20:21,  1.75it/s, buffer=72600, ret=15.24, success=0.00]
Training episodes:  15%|█▍        | 363/2500 [03:25<20:21,  1.75it/s, buffer=72800, ret=16.73, success=0.00]
Training episodes:  15%|█▍        | 364/2500 [03:25<20:16,  1.76it/s, buffer=72800, ret=16.73, success=0.00]
Training episodes:  15%|█▍        | 364/2500 [03:25<20:16,  1.76it/s, buffer=73000, ret=18.40, success=0.00]
Training episodes:  15%|█▍        | 365/2500 [03:25<20:19,  1.75it/s, buffer=73000, ret=18.40, success=0.00]
Training episodes:  15%|█▍        | 365/2500 [03:26<20:19,  1.75it/s, buffer=73200, ret=15.10, success=0.00]
Training episodes:  15%|█▍        | 366/2500 [03:26<20:20,  1.75it/s, buffer=73200, ret=15.10, success=0.00]
Training episodes:  15%|█▍        | 366/2500 [03:26<20:20,  1.75it/s, buffer=73400, ret=16.29, success=0.00]
Training episodes:  15%|█▍        | 367/2500 [03:26<20:42,  1.72it/s, buffer=73400, ret=16.29, success=0.00]
Training episodes:  15%|█▍        | 367/2500 [03:27<20:42,  1.72it/s, buffer=73600, ret=12.08, success=0.00]
Training episodes:  15%|█▍        | 368/2500 [03:27<20:32,  1.73it/s, buffer=73600, ret=12.08, success=0.00]
Training episodes:  15%|█▍        | 368/2500 [03:27<20:32,  1.73it/s, buffer=73800, ret=18.38, success=0.00]
Training episodes:  15%|█▍        | 369/2500 [03:27<20:31,  1.73it/s, buffer=73800, ret=18.38, success=0.00]
Training episodes:  15%|█▍        | 369/2500 [03:28<20:31,  1.73it/s, buffer=74000, ret=17.29, success=0.00]
Training episodes:  15%|█▍        | 370/2500 [03:28<20:24,  1.74it/s, buffer=74000, ret=17.29, success=0.00]
Training episodes:  15%|█▍        | 370/2500 [03:29<20:24,  1.74it/s, buffer=74200, ret=16.13, success=0.00]
Training episodes:  15%|█▍        | 371/2500 [03:29<20:29,  1.73it/s, buffer=74200, ret=16.13, success=0.00]
Training episodes:  15%|█▍        | 371/2500 [03:29<20:29,  1.73it/s, buffer=74400, ret=12.58, success=0.00]
Training episodes:  15%|█▍        | 372/2500 [03:29<20:23,  1.74it/s, buffer=74400, ret=12.58, success=0.00]
Training episodes:  15%|█▍        | 372/2500 [03:30<20:23,  1.74it/s, buffer=74600, ret=12.25, success=0.00]
Training episodes:  15%|█▍        | 373/2500 [03:30<20:17,  1.75it/s, buffer=74600, ret=12.25, success=0.00]
Training episodes:  15%|█▍        | 373/2500 [03:30<20:17,  1.75it/s, buffer=74800, ret=12.89, success=0.00]
Training episodes:  15%|█▍        | 374/2500 [03:30<20:20,  1.74it/s, buffer=74800, ret=12.89, success=0.00]
Training episodes:  15%|█▍        | 374/2500 [03:31<20:20,  1.74it/s, buffer=75000, ret=20.43, success=0.00]
Training episodes:  15%|█▌        | 375/2500 [03:31<20:22,  1.74it/s, buffer=75000, ret=20.43, success=0.00]
Training episodes:  15%|█▌        | 375/2500 [03:32<20:22,  1.74it/s, buffer=75200, ret=12.33, success=0.00]
Training episodes:  15%|█▌        | 376/2500 [03:32<20:18,  1.74it/s, buffer=75200, ret=12.33, success=0.00]
Training episodes:  15%|█▌        | 376/2500 [03:32<20:18,  1.74it/s, buffer=75400, ret=16.49, success=0.00]
Training episodes:  15%|█▌        | 377/2500 [03:32<20:18,  1.74it/s, buffer=75400, ret=16.49, success=0.00]
Training episodes:  15%|█▌        | 377/2500 [03:33<20:18,  1.74it/s, buffer=75600, ret=31.49, success=0.00]
Training episodes:  15%|█▌        | 378/2500 [03:33<20:36,  1.72it/s, buffer=75600, ret=31.49, success=0.00]
Training episodes:  15%|█▌        | 378/2500 [03:33<20:36,  1.72it/s, buffer=75800, ret=16.84, success=0.00]
Training episodes:  15%|█▌        | 379/2500 [03:33<20:38,  1.71it/s, buffer=75800, ret=16.84, success=0.00]
Training episodes:  15%|█▌        | 379/2500 [03:34<20:38,  1.71it/s, buffer=76000, ret=18.50, success=0.00]
Training episodes:  15%|█▌        | 380/2500 [03:34<20:40,  1.71it/s, buffer=76000, ret=18.50, success=0.00]
Training episodes:  15%|█▌        | 380/2500 [03:34<20:40,  1.71it/s, buffer=76200, ret=14.94, success=0.00]
Training episodes:  15%|█▌        | 381/2500 [03:34<20:38,  1.71it/s, buffer=76200, ret=14.94, success=0.00]
Training episodes:  15%|█▌        | 381/2500 [03:35<20:38,  1.71it/s, buffer=76400, ret=13.72, success=0.00]
Training episodes:  15%|█▌        | 382/2500 [03:35<20:24,  1.73it/s, buffer=76400, ret=13.72, success=0.00]
Training episodes:  15%|█▌        | 382/2500 [03:36<20:24,  1.73it/s, buffer=76600, ret=13.65, success=0.00]
Training episodes:  15%|█▌        | 383/2500 [03:36<20:15,  1.74it/s, buffer=76600, ret=13.65, success=0.00]
Training episodes:  15%|█▌        | 383/2500 [03:36<20:15,  1.74it/s, buffer=76800, ret=12.46, success=0.00]
Training episodes:  15%|█▌        | 384/2500 [03:36<20:12,  1.75it/s, buffer=76800, ret=12.46, success=0.00]
Training episodes:  15%|█▌        | 384/2500 [03:37<20:12,  1.75it/s, buffer=77000, ret=11.74, success=0.00]
Training episodes:  15%|█▌        | 385/2500 [03:37<20:04,  1.76it/s, buffer=77000, ret=11.74, success=0.00]
Training episodes:  15%|█▌        | 385/2500 [03:37<20:04,  1.76it/s, buffer=77200, ret=13.32, success=0.00]
Training episodes:  15%|█▌        | 386/2500 [03:37<20:23,  1.73it/s, buffer=77200, ret=13.32, success=0.00]
Training episodes:  15%|█▌        | 386/2500 [03:38<20:23,  1.73it/s, buffer=77400, ret=12.82, success=0.00]
Training episodes:  15%|█▌        | 387/2500 [03:38<20:13,  1.74it/s, buffer=77400, ret=12.82, success=0.00]
Training episodes:  15%|█▌        | 387/2500 [03:38<20:13,  1.74it/s, buffer=77600, ret=12.95, success=0.00]
Training episodes:  16%|█▌        | 388/2500 [03:38<20:09,  1.75it/s, buffer=77600, ret=12.95, success=0.00]
Training episodes:  16%|█▌        | 388/2500 [03:39<20:09,  1.75it/s, buffer=77800, ret=12.13, success=0.00]
Training episodes:  16%|█▌        | 389/2500 [03:39<20:05,  1.75it/s, buffer=77800, ret=12.13, success=0.00]
Training episodes:  16%|█▌        | 389/2500 [03:40<20:05,  1.75it/s, buffer=78000, ret=11.39, success=0.00]
Training episodes:  16%|█▌        | 390/2500 [03:40<20:07,  1.75it/s, buffer=78000, ret=11.39, success=0.00]
Training episodes:  16%|█▌        | 390/2500 [03:40<20:07,  1.75it/s, buffer=78200, ret=16.80, success=0.00]
Training episodes:  16%|█▌        | 391/2500 [03:40<20:19,  1.73it/s, buffer=78200, ret=16.80, success=0.00]
Training episodes:  16%|█▌        | 391/2500 [03:41<20:19,  1.73it/s, buffer=78400, ret=13.05, success=0.00]
Training episodes:  16%|█▌        | 392/2500 [03:41<20:19,  1.73it/s, buffer=78400, ret=13.05, success=0.00]
Training episodes:  16%|█▌        | 392/2500 [03:41<20:19,  1.73it/s, buffer=78600, ret=22.39, success=0.00]
Training episodes:  16%|█▌        | 393/2500 [03:41<20:11,  1.74it/s, buffer=78600, ret=22.39, success=0.00]
Training episodes:  16%|█▌        | 393/2500 [03:42<20:11,  1.74it/s, buffer=78800, ret=12.49, success=0.00]
Training episodes:  16%|█▌        | 394/2500 [03:42<20:09,  1.74it/s, buffer=78800, ret=12.49, success=0.00]
Training episodes:  16%|█▌        | 394/2500 [03:42<20:09,  1.74it/s, buffer=79000, ret=11.95, success=0.00]
Training episodes:  16%|█▌        | 395/2500 [03:42<20:03,  1.75it/s, buffer=79000, ret=11.95, success=0.00]
Training episodes:  16%|█▌        | 395/2500 [03:43<20:03,  1.75it/s, buffer=79200, ret=13.16, success=0.00]
Training episodes:  16%|█▌        | 396/2500 [03:43<19:56,  1.76it/s, buffer=79200, ret=13.16, success=0.00]
Training episodes:  16%|█▌        | 396/2500 [03:44<19:56,  1.76it/s, buffer=79400, ret=17.39, success=0.00]
Training episodes:  16%|█▌        | 397/2500 [03:44<20:02,  1.75it/s, buffer=79400, ret=17.39, success=0.00]
Training episodes:  16%|█▌        | 397/2500 [03:44<20:02,  1.75it/s, buffer=79600, ret=17.70, success=0.00]
Training episodes:  16%|█▌        | 398/2500 [03:44<20:01,  1.75it/s, buffer=79600, ret=17.70, success=0.00]
Training episodes:  16%|█▌        | 398/2500 [03:45<20:01,  1.75it/s, buffer=79800, ret=16.27, success=0.00]
Training episodes:  16%|█▌        | 399/2500 [03:45<20:12,  1.73it/s, buffer=79800, ret=16.27, success=0.00]
Training episodes:  16%|█▌        | 399/2500 [03:45<20:12,  1.73it/s, buffer=8e+4, ret=11.83, success=0.00] wandb: WARNING `fps` argument does not affect the frame rate of the video when providing a file path or raw bytes.

Training episodes:  16%|█▌        | 400/2500 [03:46<26:33,  1.32it/s, buffer=8e+4, ret=11.83, success=0.00]
Training episodes:  16%|█▌        | 400/2500 [03:47<26:33,  1.32it/s, buffer=80200, ret=13.67, success=0.00]
Training episodes:  16%|█▌        | 401/2500 [03:47<24:49,  1.41it/s, buffer=80200, ret=13.67, success=0.00]
Training episodes:  16%|█▌        | 401/2500 [03:47<24:49,  1.41it/s, buffer=80400, ret=13.55, success=0.00]
Training episodes:  16%|█▌        | 402/2500 [03:47<23:37,  1.48it/s, buffer=80400, ret=13.55, success=0.00]
Training episodes:  16%|█▌        | 402/2500 [03:48<23:37,  1.48it/s, buffer=80600, ret=18.65, success=0.00]
Training episodes:  16%|█▌        | 403/2500 [03:48<22:45,  1.54it/s, buffer=80600, ret=18.65, success=0.00]
Training episodes:  16%|█▌        | 403/2500 [03:48<22:45,  1.54it/s, buffer=80800, ret=16.12, success=0.00]
Training episodes:  16%|█▌        | 404/2500 [03:48<22:03,  1.58it/s, buffer=80800, ret=16.12, success=0.00]
Training episodes:  16%|█▌        | 404/2500 [03:49<22:03,  1.58it/s, buffer=81000, ret=13.53, success=0.00]
Training episodes:  16%|█▌        | 405/2500 [03:49<21:19,  1.64it/s, buffer=81000, ret=13.53, success=0.00]
Training episodes:  16%|█▌        | 405/2500 [03:49<21:19,  1.64it/s, buffer=81200, ret=21.15, success=0.00]
Training episodes:  16%|█▌        | 406/2500 [03:49<20:55,  1.67it/s, buffer=81200, ret=21.15, success=0.00]
Training episodes:  16%|█▌        | 406/2500 [03:50<20:55,  1.67it/s, buffer=81400, ret=13.25, success=0.00]
Training episodes:  16%|█▋        | 407/2500 [03:50<20:38,  1.69it/s, buffer=81400, ret=13.25, success=0.00]
Training episodes:  16%|█▋        | 407/2500 [03:51<20:38,  1.69it/s, buffer=81600, ret=19.03, success=0.00]
Training episodes:  16%|█▋        | 408/2500 [03:51<20:37,  1.69it/s, buffer=81600, ret=19.03, success=0.00]
Training episodes:  16%|█▋        | 408/2500 [03:51<20:37,  1.69it/s, buffer=81800, ret=12.37, success=0.00]
Training episodes:  16%|█▋        | 409/2500 [03:51<20:18,  1.72it/s, buffer=81800, ret=12.37, success=0.00]
Training episodes:  16%|█▋        | 409/2500 [03:52<20:18,  1.72it/s, buffer=82000, ret=13.02, success=0.00]
Training episodes:  16%|█▋        | 410/2500 [03:52<20:08,  1.73it/s, buffer=82000, ret=13.02, success=0.00]
Training episodes:  16%|█▋        | 410/2500 [03:52<20:08,  1.73it/s, buffer=82200, ret=12.53, success=0.00]
Training episodes:  16%|█▋        | 411/2500 [03:52<19:58,  1.74it/s, buffer=82200, ret=12.53, success=0.00]
Training episodes:  16%|█▋        | 411/2500 [03:53<19:58,  1.74it/s, buffer=82400, ret=13.24, success=0.00]
Training episodes:  16%|█▋        | 412/2500 [03:53<19:52,  1.75it/s, buffer=82400, ret=13.24, success=0.00]
Training episodes:  16%|█▋        | 412/2500 [03:53<19:52,  1.75it/s, buffer=82600, ret=11.36, success=0.00]
Training episodes:  17%|█▋        | 413/2500 [03:53<19:49,  1.75it/s, buffer=82600, ret=11.36, success=0.00]
Training episodes:  17%|█▋        | 413/2500 [03:54<19:49,  1.75it/s, buffer=82800, ret=14.99, success=0.00]
Training episodes:  17%|█▋        | 414/2500 [03:54<19:47,  1.76it/s, buffer=82800, ret=14.99, success=0.00]
Training episodes:  17%|█▋        | 414/2500 [03:55<19:47,  1.76it/s, buffer=83000, ret=14.68, success=0.00]
Training episodes:  17%|█▋        | 415/2500 [03:55<19:45,  1.76it/s, buffer=83000, ret=14.68, success=0.00]
Training episodes:  17%|█▋        | 415/2500 [03:55<19:45,  1.76it/s, buffer=83200, ret=13.28, success=0.00]
Training episodes:  17%|█▋        | 416/2500 [03:55<19:40,  1.76it/s, buffer=83200, ret=13.28, success=0.00]
Training episodes:  17%|█▋        | 416/2500 [03:56<19:40,  1.76it/s, buffer=83400, ret=14.26, success=0.00]
Training episodes:  17%|█▋        | 417/2500 [03:56<19:39,  1.77it/s, buffer=83400, ret=14.26, success=0.00]
Training episodes:  17%|█▋        | 417/2500 [03:56<19:39,  1.77it/s, buffer=83600, ret=11.37, success=0.00]
Training episodes:  17%|█▋        | 418/2500 [03:56<19:39,  1.76it/s, buffer=83600, ret=11.37, success=0.00]
Training episodes:  17%|█▋        | 418/2500 [03:57<19:39,  1.76it/s, buffer=83800, ret=16.95, success=0.00]
Training episodes:  17%|█▋        | 419/2500 [03:57<19:51,  1.75it/s, buffer=83800, ret=16.95, success=0.00]
Training episodes:  17%|█▋        | 419/2500 [03:57<19:51,  1.75it/s, buffer=84000, ret=21.61, success=0.00]
Training episodes:  17%|█▋        | 420/2500 [03:57<19:57,  1.74it/s, buffer=84000, ret=21.61, success=0.00]
Training episodes:  17%|█▋        | 420/2500 [03:58<19:57,  1.74it/s, buffer=84200, ret=11.34, success=0.00]
Training episodes:  17%|█▋        | 421/2500 [03:58<20:03,  1.73it/s, buffer=84200, ret=11.34, success=0.00]
Training episodes:  17%|█▋        | 421/2500 [03:59<20:03,  1.73it/s, buffer=84400, ret=10.68, success=0.00]
Training episodes:  17%|█▋        | 422/2500 [03:59<19:54,  1.74it/s, buffer=84400, ret=10.68, success=0.00]
Training episodes:  17%|█▋        | 422/2500 [03:59<19:54,  1.74it/s, buffer=84600, ret=12.15, success=0.00]
Training episodes:  17%|█▋        | 423/2500 [03:59<19:47,  1.75it/s, buffer=84600, ret=12.15, success=0.00]
Training episodes:  17%|█▋        | 423/2500 [04:00<19:47,  1.75it/s, buffer=84800, ret=13.12, success=0.00]
Training episodes:  17%|█▋        | 424/2500 [04:00<19:51,  1.74it/s, buffer=84800, ret=13.12, success=0.00]
Training episodes:  17%|█▋        | 424/2500 [04:00<19:51,  1.74it/s, buffer=85000, ret=14.42, success=0.00]
Training episodes:  17%|█▋        | 425/2500 [04:00<19:57,  1.73it/s, buffer=85000, ret=14.42, success=0.00]
Training episodes:  17%|█▋        | 425/2500 [04:01<19:57,  1.73it/s, buffer=85200, ret=13.33, success=0.00]
Training episodes:  17%|█▋        | 426/2500 [04:01<19:56,  1.73it/s, buffer=85200, ret=13.33, success=0.00]
Training episodes:  17%|█▋        | 426/2500 [04:01<19:56,  1.73it/s, buffer=85400, ret=12.01, success=0.00]
Training episodes:  17%|█▋        | 427/2500 [04:01<19:51,  1.74it/s, buffer=85400, ret=12.01, success=0.00]
Training episodes:  17%|█▋        | 427/2500 [04:02<19:51,  1.74it/s, buffer=85600, ret=13.45, success=0.00]
Training episodes:  17%|█▋        | 428/2500 [04:02<19:50,  1.74it/s, buffer=85600, ret=13.45, success=0.00]
Training episodes:  17%|█▋        | 428/2500 [04:03<19:50,  1.74it/s, buffer=85800, ret=13.63, success=0.00]
Training episodes:  17%|█▋        | 429/2500 [04:03<19:45,  1.75it/s, buffer=85800, ret=13.63, success=0.00]
Training episodes:  17%|█▋        | 429/2500 [04:03<19:45,  1.75it/s, buffer=86000, ret=10.90, success=0.00]
Training episodes:  17%|█▋        | 430/2500 [04:03<19:41,  1.75it/s, buffer=86000, ret=10.90, success=0.00]
Training episodes:  17%|█▋        | 430/2500 [04:04<19:41,  1.75it/s, buffer=86200, ret=11.89, success=0.00]
Training episodes:  17%|█▋        | 431/2500 [04:04<19:43,  1.75it/s, buffer=86200, ret=11.89, success=0.00]
Training episodes:  17%|█▋        | 431/2500 [04:04<19:43,  1.75it/s, buffer=86400, ret=12.20, success=0.00]
Training episodes:  17%|█▋        | 432/2500 [04:04<19:40,  1.75it/s, buffer=86400, ret=12.20, success=0.00]
Training episodes:  17%|█▋        | 432/2500 [04:05<19:40,  1.75it/s, buffer=86600, ret=11.14, success=0.00]
Training episodes:  17%|█▋        | 433/2500 [04:05<19:53,  1.73it/s, buffer=86600, ret=11.14, success=0.00]
Training episodes:  17%|█▋        | 433/2500 [04:05<19:53,  1.73it/s, buffer=86800, ret=10.58, success=0.00]
Training episodes:  17%|█▋        | 434/2500 [04:05<20:03,  1.72it/s, buffer=86800, ret=10.58, success=0.00]
Training episodes:  17%|█▋        | 434/2500 [04:06<20:03,  1.72it/s, buffer=87000, ret=10.86, success=0.00]
Training episodes:  17%|█▋        | 435/2500 [04:06<19:58,  1.72it/s, buffer=87000, ret=10.86, success=0.00]
Training episodes:  17%|█▋        | 435/2500 [04:07<19:58,  1.72it/s, buffer=87200, ret=13.02, success=0.00]
Training episodes:  17%|█▋        | 436/2500 [04:07<20:10,  1.71it/s, buffer=87200, ret=13.02, success=0.00]
Training episodes:  17%|█▋        | 436/2500 [04:07<20:10,  1.71it/s, buffer=87400, ret=12.52, success=0.00]
Training episodes:  17%|█▋        | 437/2500 [04:07<20:00,  1.72it/s, buffer=87400, ret=12.52, success=0.00]
Training episodes:  17%|█▋        | 437/2500 [04:08<20:00,  1.72it/s, buffer=87600, ret=13.68, success=0.00]
Training episodes:  18%|█▊        | 438/2500 [04:08<20:08,  1.71it/s, buffer=87600, ret=13.68, success=0.00]
Training episodes:  18%|█▊        | 438/2500 [04:08<20:08,  1.71it/s, buffer=87800, ret=15.37, success=0.00]
Training episodes:  18%|█▊        | 439/2500 [04:08<20:11,  1.70it/s, buffer=87800, ret=15.37, success=0.00]
Training episodes:  18%|█▊        | 439/2500 [04:09<20:11,  1.70it/s, buffer=88000, ret=11.55, success=0.00]
Training episodes:  18%|█▊        | 440/2500 [04:09<20:15,  1.70it/s, buffer=88000, ret=11.55, success=0.00]
Training episodes:  18%|█▊        | 440/2500 [04:10<20:15,  1.70it/s, buffer=88200, ret=14.80, success=0.00]
Training episodes:  18%|█▊        | 441/2500 [04:10<20:02,  1.71it/s, buffer=88200, ret=14.80, success=0.00]
Training episodes:  18%|█▊        | 441/2500 [04:10<20:02,  1.71it/s, buffer=88400, ret=14.52, success=0.00]
Training episodes:  18%|█▊        | 442/2500 [04:10<20:07,  1.70it/s, buffer=88400, ret=14.52, success=0.00]
Training episodes:  18%|█▊        | 442/2500 [04:11<20:07,  1.70it/s, buffer=88600, ret=12.83, success=0.00]
Training episodes:  18%|█▊        | 443/2500 [04:11<19:53,  1.72it/s, buffer=88600, ret=12.83, success=0.00]
Training episodes:  18%|█▊        | 443/2500 [04:11<19:53,  1.72it/s, buffer=88800, ret=12.89, success=0.00]
Training episodes:  18%|█▊        | 444/2500 [04:11<19:51,  1.73it/s, buffer=88800, ret=12.89, success=0.00]
Training episodes:  18%|█▊        | 444/2500 [04:12<19:51,  1.73it/s, buffer=89000, ret=13.32, success=0.00]
Training episodes:  18%|█▊        | 445/2500 [04:12<19:43,  1.74it/s, buffer=89000, ret=13.32, success=0.00]
Training episodes:  18%|█▊        | 445/2500 [04:12<19:43,  1.74it/s, buffer=89200, ret=13.50, success=0.00]
Training episodes:  18%|█▊        | 446/2500 [04:12<19:47,  1.73it/s, buffer=89200, ret=13.50, success=0.00]
Training episodes:  18%|█▊        | 446/2500 [04:13<19:47,  1.73it/s, buffer=89400, ret=12.66, success=0.00]
Training episodes:  18%|█▊        | 447/2500 [04:13<19:45,  1.73it/s, buffer=89400, ret=12.66, success=0.00]
Training episodes:  18%|█▊        | 447/2500 [04:14<19:45,  1.73it/s, buffer=89600, ret=12.54, success=0.00]
Training episodes:  18%|█▊        | 448/2500 [04:14<19:51,  1.72it/s, buffer=89600, ret=12.54, success=0.00]
Training episodes:  18%|█▊        | 448/2500 [04:14<19:51,  1.72it/s, buffer=89800, ret=12.92, success=0.00]
Training episodes:  18%|█▊        | 449/2500 [04:14<20:07,  1.70it/s, buffer=89800, ret=12.92, success=0.00]
Training episodes:  18%|█▊        | 449/2500 [04:15<20:07,  1.70it/s, buffer=9e+4, ret=11.70, success=0.00] wandb: WARNING `fps` argument does not affect the frame rate of the video when providing a file path or raw bytes.

Training episodes:  18%|█▊        | 450/2500 [04:15<26:02,  1.31it/s, buffer=9e+4, ret=11.70, success=0.00]
Training episodes:  18%|█▊        | 450/2500 [04:16<26:02,  1.31it/s, buffer=90200, ret=12.65, success=0.00]
Training episodes:  18%|█▊        | 451/2500 [04:16<24:02,  1.42it/s, buffer=90200, ret=12.65, success=0.00]
Training episodes:  18%|█▊        | 451/2500 [04:17<24:02,  1.42it/s, buffer=90400, ret=12.01, success=0.00]
Training episodes:  18%|█▊        | 452/2500 [04:17<22:45,  1.50it/s, buffer=90400, ret=12.01, success=0.00]
Training episodes:  18%|█▊        | 452/2500 [04:17<22:45,  1.50it/s, buffer=90600, ret=12.53, success=0.00]
Training episodes:  18%|█▊        | 453/2500 [04:17<22:02,  1.55it/s, buffer=90600, ret=12.53, success=0.00]
Training episodes:  18%|█▊        | 453/2500 [04:18<22:02,  1.55it/s, buffer=90800, ret=12.16, success=0.00]
Training episodes:  18%|█▊        | 454/2500 [04:18<21:14,  1.61it/s, buffer=90800, ret=12.16, success=0.00]
Training episodes:  18%|█▊        | 454/2500 [04:18<21:14,  1.61it/s, buffer=91000, ret=13.37, success=0.00]
Training episodes:  18%|█▊        | 455/2500 [04:18<20:58,  1.63it/s, buffer=91000, ret=13.37, success=0.00]
Training episodes:  18%|█▊        | 455/2500 [04:19<20:58,  1.63it/s, buffer=91200, ret=11.02, success=0.00]
Training episodes:  18%|█▊        | 456/2500 [04:19<20:49,  1.64it/s, buffer=91200, ret=11.02, success=0.00]
Training episodes:  18%|█▊        | 456/2500 [04:20<20:49,  1.64it/s, buffer=91400, ret=11.99, success=0.00]
Training episodes:  18%|█▊        | 457/2500 [04:20<20:33,  1.66it/s, buffer=91400, ret=11.99, success=0.00]
Training episodes:  18%|█▊        | 457/2500 [04:20<20:33,  1.66it/s, buffer=91600, ret=11.80, success=0.00]
Training episodes:  18%|█▊        | 458/2500 [04:20<20:22,  1.67it/s, buffer=91600, ret=11.80, success=0.00]
Training episodes:  18%|█▊        | 458/2500 [04:21<20:22,  1.67it/s, buffer=91800, ret=13.87, success=0.00]
Training episodes:  18%|█▊        | 459/2500 [04:21<20:14,  1.68it/s, buffer=91800, ret=13.87, success=0.00]
Training episodes:  18%|█▊        | 459/2500 [04:21<20:14,  1.68it/s, buffer=92000, ret=12.62, success=0.00]
Training episodes:  18%|█▊        | 460/2500 [04:21<20:05,  1.69it/s, buffer=92000, ret=12.62, success=0.00]
Training episodes:  18%|█▊        | 460/2500 [04:22<20:05,  1.69it/s, buffer=92200, ret=13.49, success=0.00]
Training episodes:  18%|█▊        | 461/2500 [04:22<20:13,  1.68it/s, buffer=92200, ret=13.49, success=0.00]
Training episodes:  18%|█▊        | 461/2500 [04:22<20:13,  1.68it/s, buffer=92400, ret=12.62, success=0.00]
Training episodes:  18%|█▊        | 462/2500 [04:22<20:10,  1.68it/s, buffer=92400, ret=12.62, success=0.00]
Training episodes:  18%|█▊        | 462/2500 [04:23<20:10,  1.68it/s, buffer=92600, ret=12.72, success=0.00]
Training episodes:  19%|█▊        | 463/2500 [04:23<20:14,  1.68it/s, buffer=92600, ret=12.72, success=0.00]
Training episodes:  19%|█▊        | 463/2500 [04:24<20:14,  1.68it/s, buffer=92800, ret=15.48, success=0.00]
Training episodes:  19%|█▊        | 464/2500 [04:24<20:18,  1.67it/s, buffer=92800, ret=15.48, success=0.00]
Training episodes:  19%|█▊        | 464/2500 [04:24<20:18,  1.67it/s, buffer=93000, ret=13.19, success=0.00]
Training episodes:  19%|█▊        | 465/2500 [04:24<20:06,  1.69it/s, buffer=93000, ret=13.19, success=0.00]
Training episodes:  19%|█▊        | 465/2500 [04:25<20:06,  1.69it/s, buffer=93200, ret=14.44, success=0.00]
Training episodes:  19%|█▊        | 466/2500 [04:25<19:53,  1.70it/s, buffer=93200, ret=14.44, success=0.00]
Training episodes:  19%|█▊        | 466/2500 [04:25<19:53,  1.70it/s, buffer=93400, ret=13.83, success=0.00]
Training episodes:  19%|█▊        | 467/2500 [04:25<20:07,  1.68it/s, buffer=93400, ret=13.83, success=0.00]
Training episodes:  19%|█▊        | 467/2500 [04:26<20:07,  1.68it/s, buffer=93600, ret=13.94, success=0.00]
Training episodes:  19%|█▊        | 468/2500 [04:26<19:54,  1.70it/s, buffer=93600, ret=13.94, success=0.00]
Training episodes:  19%|█▊        | 468/2500 [04:27<19:54,  1.70it/s, buffer=93800, ret=11.02, success=0.00]
Training episodes:  19%|█▉        | 469/2500 [04:27<19:41,  1.72it/s, buffer=93800, ret=11.02, success=0.00]
Training episodes:  19%|█▉        | 469/2500 [04:27<19:41,  1.72it/s, buffer=94000, ret=13.98, success=0.00]
Training episodes:  19%|█▉        | 470/2500 [04:27<19:30,  1.73it/s, buffer=94000, ret=13.98, success=0.00]
Training episodes:  19%|█▉        | 470/2500 [04:28<19:30,  1.73it/s, buffer=94200, ret=19.83, success=0.00]
Training episodes:  19%|█▉        | 471/2500 [04:28<19:34,  1.73it/s, buffer=94200, ret=19.83, success=0.00]
Training episodes:  19%|█▉        | 471/2500 [04:28<19:34,  1.73it/s, buffer=94400, ret=11.79, success=0.00]
Training episodes:  19%|█▉        | 472/2500 [04:28<19:26,  1.74it/s, buffer=94400, ret=11.79, success=0.00]
Training episodes:  19%|█▉        | 472/2500 [04:29<19:26,  1.74it/s, buffer=94600, ret=11.10, success=0.00]
Training episodes:  19%|█▉        | 473/2500 [04:29<19:24,  1.74it/s, buffer=94600, ret=11.10, success=0.00]
Training episodes:  19%|█▉        | 473/2500 [04:29<19:24,  1.74it/s, buffer=94800, ret=12.57, success=0.00]
Training episodes:  19%|█▉        | 474/2500 [04:29<19:21,  1.74it/s, buffer=94800, ret=12.57, success=0.00]
Training episodes:  19%|█▉        | 474/2500 [04:30<19:21,  1.74it/s, buffer=95000, ret=14.73, success=0.00]
Training episodes:  19%|█▉        | 475/2500 [04:30<19:23,  1.74it/s, buffer=95000, ret=14.73, success=0.00]
Training episodes:  19%|█▉        | 475/2500 [04:31<19:23,  1.74it/s, buffer=95200, ret=18.91, success=0.00]
Training episodes:  19%|█▉        | 476/2500 [04:31<19:23,  1.74it/s, buffer=95200, ret=18.91, success=0.00]
Training episodes:  19%|█▉        | 476/2500 [04:31<19:23,  1.74it/s, buffer=95400, ret=16.37, success=0.00]
Training episodes:  19%|█▉        | 477/2500 [04:31<19:11,  1.76it/s, buffer=95400, ret=16.37, success=0.00]
Training episodes:  19%|█▉        | 477/2500 [04:32<19:11,  1.76it/s, buffer=95600, ret=18.78, success=0.00]
Training episodes:  19%|█▉        | 478/2500 [04:32<19:19,  1.74it/s, buffer=95600, ret=18.78, success=0.00]
Training episodes:  19%|█▉        | 478/2500 [04:32<19:19,  1.74it/s, buffer=95800, ret=14.29, success=0.00]
Training episodes:  19%|█▉        | 479/2500 [04:32<19:36,  1.72it/s, buffer=95800, ret=14.29, success=0.00]
Training episodes:  19%|█▉        | 479/2500 [04:33<19:36,  1.72it/s, buffer=96000, ret=22.69, success=0.00]
Training episodes:  19%|█▉        | 480/2500 [04:33<19:38,  1.71it/s, buffer=96000, ret=22.69, success=0.00]
Training episodes:  19%|█▉        | 480/2500 [04:34<19:38,  1.71it/s, buffer=96200, ret=12.85, success=0.00]
Training episodes:  19%|█▉        | 481/2500 [04:34<19:46,  1.70it/s, buffer=96200, ret=12.85, success=0.00]
Training episodes:  19%|█▉        | 481/2500 [04:34<19:46,  1.70it/s, buffer=96400, ret=11.96, success=0.00]
Training episodes:  19%|█▉        | 482/2500 [04:34<19:38,  1.71it/s, buffer=96400, ret=11.96, success=0.00]
Training episodes:  19%|█▉        | 482/2500 [04:35<19:38,  1.71it/s, buffer=96600, ret=30.87, success=0.00]
Training episodes:  19%|█▉        | 483/2500 [04:35<19:32,  1.72it/s, buffer=96600, ret=30.87, success=0.00]
Training episodes:  19%|█▉        | 483/2500 [04:35<19:32,  1.72it/s, buffer=96800, ret=13.52, success=0.00]
Training episodes:  19%|█▉        | 484/2500 [04:35<19:36,  1.71it/s, buffer=96800, ret=13.52, success=0.00]
Training episodes:  19%|█▉        | 484/2500 [04:36<19:36,  1.71it/s, buffer=97000, ret=14.76, success=0.00]
Training episodes:  19%|█▉        | 485/2500 [04:36<19:29,  1.72it/s, buffer=97000, ret=14.76, success=0.00]
Training episodes:  19%|█▉        | 485/2500 [04:36<19:29,  1.72it/s, buffer=97200, ret=13.16, success=0.00]
Training episodes:  19%|█▉        | 486/2500 [04:36<19:22,  1.73it/s, buffer=97200, ret=13.16, success=0.00]
Training episodes:  19%|█▉        | 486/2500 [04:37<19:22,  1.73it/s, buffer=97400, ret=15.76, success=0.00]
Training episodes:  19%|█▉        | 487/2500 [04:37<19:11,  1.75it/s, buffer=97400, ret=15.76, success=0.00]
Training episodes:  19%|█▉        | 487/2500 [04:38<19:11,  1.75it/s, buffer=97600, ret=14.04, success=0.00]
Training episodes:  20%|█▉        | 488/2500 [04:38<19:14,  1.74it/s, buffer=97600, ret=14.04, success=0.00]
Training episodes:  20%|█▉        | 488/2500 [04:38<19:14,  1.74it/s, buffer=97800, ret=10.39, success=0.00]
Training episodes:  20%|█▉        | 489/2500 [04:38<19:09,  1.75it/s, buffer=97800, ret=10.39, success=0.00]
Training episodes:  20%|█▉        | 489/2500 [04:39<19:09,  1.75it/s, buffer=98000, ret=12.19, success=0.00]
Training episodes:  20%|█▉        | 490/2500 [04:39<19:00,  1.76it/s, buffer=98000, ret=12.19, success=0.00]
Training episodes:  20%|█▉        | 490/2500 [04:39<19:00,  1.76it/s, buffer=98200, ret=9.75, success=0.00] 
Training episodes:  20%|█▉        | 491/2500 [04:39<19:06,  1.75it/s, buffer=98200, ret=9.75, success=0.00]
Training episodes:  20%|█▉        | 491/2500 [04:40<19:06,  1.75it/s, buffer=98400, ret=11.65, success=0.00]
Training episodes:  20%|█▉        | 492/2500 [04:40<19:11,  1.74it/s, buffer=98400, ret=11.65, success=0.00]
Training episodes:  20%|█▉        | 492/2500 [04:40<19:11,  1.74it/s, buffer=98600, ret=11.78, success=0.00]
Training episodes:  20%|█▉        | 493/2500 [04:40<19:07,  1.75it/s, buffer=98600, ret=11.78, success=0.00]
Training episodes:  20%|█▉        | 493/2500 [04:41<19:07,  1.75it/s, buffer=98800, ret=14.73, success=0.00]
Training episodes:  20%|█▉        | 494/2500 [04:41<19:01,  1.76it/s, buffer=98800, ret=14.73, success=0.00]
Training episodes:  20%|█▉        | 494/2500 [04:42<19:01,  1.76it/s, buffer=99000, ret=12.10, success=0.00]
Training episodes:  20%|█▉        | 495/2500 [04:42<19:01,  1.76it/s, buffer=99000, ret=12.10, success=0.00]
Training episodes:  20%|█▉        | 495/2500 [04:42<19:01,  1.76it/s, buffer=99200, ret=15.05, success=0.00]
Training episodes:  20%|█▉        | 496/2500 [04:42<19:04,  1.75it/s, buffer=99200, ret=15.05, success=0.00]
Training episodes:  20%|█▉        | 496/2500 [04:43<19:04,  1.75it/s, buffer=99400, ret=11.48, success=0.00]
Training episodes:  20%|█▉        | 497/2500 [04:43<19:03,  1.75it/s, buffer=99400, ret=11.48, success=0.00]
Training episodes:  20%|█▉        | 497/2500 [04:43<19:03,  1.75it/s, buffer=99600, ret=10.39, success=0.00]
Training episodes:  20%|█▉        | 498/2500 [04:43<18:59,  1.76it/s, buffer=99600, ret=10.39, success=0.00]
Training episodes:  20%|█▉        | 498/2500 [04:44<18:59,  1.76it/s, buffer=99800, ret=12.02, success=0.00]
Training episodes:  20%|█▉        | 499/2500 [04:44<19:07,  1.74it/s, buffer=99800, ret=12.02, success=0.00]
Training episodes:  20%|█▉        | 499/2500 [04:44<19:07,  1.74it/s, buffer=1e+5, ret=14.24, success=0.00] wandb: WARNING `fps` argument does not affect the frame rate of the video when providing a file path or raw bytes.

Training episodes:  20%|██        | 500/2500 [04:45<25:40,  1.30it/s, buffer=1e+5, ret=14.24, success=0.00]
Training episodes:  20%|██        | 500/2500 [04:46<25:40,  1.30it/s, buffer=1e+5, ret=15.72, success=0.00]
Training episodes:  20%|██        | 501/2500 [04:46<23:51,  1.40it/s, buffer=1e+5, ret=15.72, success=0.00]
Training episodes:  20%|██        | 501/2500 [04:46<23:51,  1.40it/s, buffer=1e+5, ret=13.69, success=0.00]
Training episodes:  20%|██        | 502/2500 [04:46<22:23,  1.49it/s, buffer=1e+5, ret=13.69, success=0.00]
Training episodes:  20%|██        | 502/2500 [04:47<22:23,  1.49it/s, buffer=100600, ret=16.23, success=0.00]
Training episodes:  20%|██        | 503/2500 [04:47<21:28,  1.55it/s, buffer=100600, ret=16.23, success=0.00]
Training episodes:  20%|██        | 503/2500 [04:47<21:28,  1.55it/s, buffer=100800, ret=14.88, success=0.00]
Training episodes:  20%|██        | 504/2500 [04:47<20:56,  1.59it/s, buffer=100800, ret=14.88, success=0.00]
Training episodes:  20%|██        | 504/2500 [04:48<20:56,  1.59it/s, buffer=101000, ret=11.67, success=0.00]
Training episodes:  20%|██        | 505/2500 [04:48<20:17,  1.64it/s, buffer=101000, ret=11.67, success=0.00]
Training episodes:  20%|██        | 505/2500 [04:49<20:17,  1.64it/s, buffer=101200, ret=12.61, success=0.00]
Training episodes:  20%|██        | 506/2500 [04:49<19:48,  1.68it/s, buffer=101200, ret=12.61, success=0.00]
Training episodes:  20%|██        | 506/2500 [04:49<19:48,  1.68it/s, buffer=101400, ret=12.34, success=0.00]
Training episodes:  20%|██        | 507/2500 [04:49<19:33,  1.70it/s, buffer=101400, ret=12.34, success=0.00]
Training episodes:  20%|██        | 507/2500 [04:50<19:33,  1.70it/s, buffer=101600, ret=14.62, success=0.00]
Training episodes:  20%|██        | 508/2500 [04:50<19:25,  1.71it/s, buffer=101600, ret=14.62, success=0.00]
Training episodes:  20%|██        | 508/2500 [04:50<19:25,  1.71it/s, buffer=101800, ret=9.83, success=0.00] 
Training episodes:  20%|██        | 509/2500 [04:50<19:21,  1.71it/s, buffer=101800, ret=9.83, success=0.00]
Training episodes:  20%|██        | 509/2500 [04:51<19:21,  1.71it/s, buffer=102000, ret=12.63, success=0.00]
Training episodes:  20%|██        | 510/2500 [04:51<19:18,  1.72it/s, buffer=102000, ret=12.63, success=0.00]
Training episodes:  20%|██        | 510/2500 [04:51<19:18,  1.72it/s, buffer=102200, ret=11.10, success=0.00]
Training episodes:  20%|██        | 511/2500 [04:51<19:11,  1.73it/s, buffer=102200, ret=11.10, success=0.00]
Training episodes:  20%|██        | 511/2500 [04:52<19:11,  1.73it/s, buffer=102400, ret=11.97, success=0.00]
Training episodes:  20%|██        | 512/2500 [04:52<19:07,  1.73it/s, buffer=102400, ret=11.97, success=0.00]
Training episodes:  20%|██        | 512/2500 [04:53<19:07,  1.73it/s, buffer=102600, ret=30.55, success=0.00]
Training episodes:  21%|██        | 513/2500 [04:53<19:20,  1.71it/s, buffer=102600, ret=30.55, success=0.00]
Training episodes:  21%|██        | 513/2500 [04:53<19:20,  1.71it/s, buffer=102800, ret=27.20, success=0.00]
Training episodes:  21%|██        | 514/2500 [04:53<19:30,  1.70it/s, buffer=102800, ret=27.20, success=0.00]
Training episodes:  21%|██        | 514/2500 [04:54<19:30,  1.70it/s, buffer=103000, ret=19.38, success=0.00]
Training episodes:  21%|██        | 515/2500 [04:54<19:29,  1.70it/s, buffer=103000, ret=19.38, success=0.00]
Training episodes:  21%|██        | 515/2500 [04:54<19:29,  1.70it/s, buffer=103200, ret=14.48, success=0.00]
Training episodes:  21%|██        | 516/2500 [04:54<19:20,  1.71it/s, buffer=103200, ret=14.48, success=0.00]
Training episodes:  21%|██        | 516/2500 [04:55<19:20,  1.71it/s, buffer=103400, ret=24.87, success=0.00]
Training episodes:  21%|██        | 517/2500 [04:55<19:15,  1.72it/s, buffer=103400, ret=24.87, success=0.00]
Training episodes:  21%|██        | 517/2500 [04:55<19:15,  1.72it/s, buffer=103600, ret=16.45, success=0.00]
Training episodes:  21%|██        | 518/2500 [04:55<19:18,  1.71it/s, buffer=103600, ret=16.45, success=0.00]
Training episodes:  21%|██        | 518/2500 [04:56<19:18,  1.71it/s, buffer=103800, ret=12.03, success=0.00]
Training episodes:  21%|██        | 519/2500 [04:56<19:09,  1.72it/s, buffer=103800, ret=12.03, success=0.00]
Training episodes:  21%|██        | 519/2500 [04:57<19:09,  1.72it/s, buffer=104000, ret=14.72, success=0.00]
Training episodes:  21%|██        | 520/2500 [04:57<19:05,  1.73it/s, buffer=104000, ret=14.72, success=0.00]
Training episodes:  21%|██        | 520/2500 [04:57<19:05,  1.73it/s, buffer=104200, ret=17.99, success=0.00]
Training episodes:  21%|██        | 521/2500 [04:57<19:21,  1.70it/s, buffer=104200, ret=17.99, success=0.00]
Training episodes:  21%|██        | 521/2500 [04:58<19:21,  1.70it/s, buffer=104400, ret=13.99, success=0.00]
Training episodes:  21%|██        | 522/2500 [04:58<19:30,  1.69it/s, buffer=104400, ret=13.99, success=0.00]
Training episodes:  21%|██        | 522/2500 [04:58<19:30,  1.69it/s, buffer=104600, ret=13.92, success=0.00]
Training episodes:  21%|██        | 523/2500 [04:58<19:37,  1.68it/s, buffer=104600, ret=13.92, success=0.00]
Training episodes:  21%|██        | 523/2500 [04:59<19:37,  1.68it/s, buffer=104800, ret=26.66, success=0.00]
Training episodes:  21%|██        | 524/2500 [04:59<19:37,  1.68it/s, buffer=104800, ret=26.66, success=0.00]
Training episodes:  21%|██        | 524/2500 [05:00<19:37,  1.68it/s, buffer=105000, ret=12.21, success=0.00]
Training episodes:  21%|██        | 525/2500 [05:00<19:37,  1.68it/s, buffer=105000, ret=12.21, success=0.00]
Training episodes:  21%|██        | 525/2500 [05:00<19:37,  1.68it/s, buffer=105200, ret=11.18, success=0.00]
Training episodes:  21%|██        | 526/2500 [05:00<19:27,  1.69it/s, buffer=105200, ret=11.18, success=0.00]
Training episodes:  21%|██        | 526/2500 [05:01<19:27,  1.69it/s, buffer=105400, ret=10.54, success=0.00]
Training episodes:  21%|██        | 527/2500 [05:01<19:23,  1.70it/s, buffer=105400, ret=10.54, success=0.00]
Training episodes:  21%|██        | 527/2500 [05:01<19:23,  1.70it/s, buffer=105600, ret=11.03, success=0.00]
Training episodes:  21%|██        | 528/2500 [05:01<19:17,  1.70it/s, buffer=105600, ret=11.03, success=0.00]
Training episodes:  21%|██        | 528/2500 [05:02<19:17,  1.70it/s, buffer=105800, ret=14.37, success=0.00]
Training episodes:  21%|██        | 529/2500 [05:02<19:03,  1.72it/s, buffer=105800, ret=14.37, success=0.00]
Training episodes:  21%|██        | 529/2500 [05:03<19:03,  1.72it/s, buffer=106000, ret=12.30, success=0.00]
Training episodes:  21%|██        | 530/2500 [05:03<18:58,  1.73it/s, buffer=106000, ret=12.30, success=0.00]
Training episodes:  21%|██        | 530/2500 [05:03<18:58,  1.73it/s, buffer=106200, ret=15.27, success=0.00]
Training episodes:  21%|██        | 531/2500 [05:03<18:58,  1.73it/s, buffer=106200, ret=15.27, success=0.00]
Training episodes:  21%|██        | 531/2500 [05:04<18:58,  1.73it/s, buffer=106400, ret=10.44, success=0.00]
Training episodes:  21%|██▏       | 532/2500 [05:04<18:53,  1.74it/s, buffer=106400, ret=10.44, success=0.00]
Training episodes:  21%|██▏       | 532/2500 [05:04<18:53,  1.74it/s, buffer=106600, ret=12.85, success=0.00]
Training episodes:  21%|██▏       | 533/2500 [05:04<18:48,  1.74it/s, buffer=106600, ret=12.85, success=0.00]
Training episodes:  21%|██▏       | 533/2500 [05:05<18:48,  1.74it/s, buffer=106800, ret=19.85, success=0.00]
Training episodes:  21%|██▏       | 534/2500 [05:05<18:46,  1.74it/s, buffer=106800, ret=19.85, success=0.00]
Training episodes:  21%|██▏       | 534/2500 [05:05<18:46,  1.74it/s, buffer=107000, ret=11.50, success=0.00]
Training episodes:  21%|██▏       | 535/2500 [05:05<18:47,  1.74it/s, buffer=107000, ret=11.50, success=0.00]
Training episodes:  21%|██▏       | 535/2500 [05:06<18:47,  1.74it/s, buffer=107200, ret=11.76, success=0.00]
Training episodes:  21%|██▏       | 536/2500 [05:06<18:45,  1.74it/s, buffer=107200, ret=11.76, success=0.00]
Training episodes:  21%|██▏       | 536/2500 [05:07<18:45,  1.74it/s, buffer=107400, ret=28.95, success=0.00]
Training episodes:  21%|██▏       | 537/2500 [05:07<18:57,  1.73it/s, buffer=107400, ret=28.95, success=0.00]
Training episodes:  21%|██▏       | 537/2500 [05:07<18:57,  1.73it/s, buffer=107600, ret=11.81, success=0.00]
Training episodes:  22%|██▏       | 538/2500 [05:07<18:56,  1.73it/s, buffer=107600, ret=11.81, success=0.00]
Training episodes:  22%|██▏       | 538/2500 [05:08<18:56,  1.73it/s, buffer=107800, ret=12.40, success=0.00]
Training episodes:  22%|██▏       | 539/2500 [05:08<19:10,  1.70it/s, buffer=107800, ret=12.40, success=0.00]
Training episodes:  22%|██▏       | 539/2500 [05:08<19:10,  1.70it/s, buffer=108000, ret=14.60, success=0.00]
Training episodes:  22%|██▏       | 540/2500 [05:08<19:16,  1.70it/s, buffer=108000, ret=14.60, success=0.00]
Training episodes:  22%|██▏       | 540/2500 [05:09<19:16,  1.70it/s, buffer=108200, ret=12.51, success=0.00]
Training episodes:  22%|██▏       | 541/2500 [05:09<19:27,  1.68it/s, buffer=108200, ret=12.51, success=0.00]
Training episodes:  22%|██▏       | 541/2500 [05:10<19:27,  1.68it/s, buffer=108400, ret=14.31, success=0.00]
Training episodes:  22%|██▏       | 542/2500 [05:10<19:14,  1.70it/s, buffer=108400, ret=14.31, success=0.00]
Training episodes:  22%|██▏       | 542/2500 [05:10<19:14,  1.70it/s, buffer=108600, ret=11.59, success=0.00]
Training episodes:  22%|██▏       | 543/2500 [05:10<19:05,  1.71it/s, buffer=108600, ret=11.59, success=0.00]
Training episodes:  22%|██▏       | 543/2500 [05:11<19:05,  1.71it/s, buffer=108800, ret=15.72, success=0.00]
Training episodes:  22%|██▏       | 544/2500 [05:11<19:12,  1.70it/s, buffer=108800, ret=15.72, success=0.00]
Training episodes:  22%|██▏       | 544/2500 [05:11<19:12,  1.70it/s, buffer=109000, ret=21.86, success=0.00]
Training episodes:  22%|██▏       | 545/2500 [05:11<19:25,  1.68it/s, buffer=109000, ret=21.86, success=0.00]
Training episodes:  22%|██▏       | 545/2500 [05:12<19:25,  1.68it/s, buffer=109200, ret=12.00, success=0.00]
Training episodes:  22%|██▏       | 546/2500 [05:12<19:31,  1.67it/s, buffer=109200, ret=12.00, success=0.00]
Training episodes:  22%|██▏       | 546/2500 [05:13<19:31,  1.67it/s, buffer=109400, ret=15.01, success=0.00]
Training episodes:  22%|██▏       | 547/2500 [05:13<19:31,  1.67it/s, buffer=109400, ret=15.01, success=0.00]
Training episodes:  22%|██▏       | 547/2500 [05:13<19:31,  1.67it/s, buffer=109600, ret=11.62, success=0.00]
Training episodes:  22%|██▏       | 548/2500 [05:13<19:31,  1.67it/s, buffer=109600, ret=11.62, success=0.00]
Training episodes:  22%|██▏       | 548/2500 [05:14<19:31,  1.67it/s, buffer=109800, ret=14.23, success=0.00]
Training episodes:  22%|██▏       | 549/2500 [05:14<19:32,  1.66it/s, buffer=109800, ret=14.23, success=0.00]
Training episodes:  22%|██▏       | 549/2500 [05:14<19:32,  1.66it/s, buffer=110000, ret=14.51, success=0.00]wandb: WARNING `fps` argument does not affect the frame rate of the video when providing a file path or raw bytes.

Training episodes:  22%|██▏       | 550/2500 [05:15<25:19,  1.28it/s, buffer=110000, ret=14.51, success=0.00]
Training episodes:  22%|██▏       | 550/2500 [05:16<25:19,  1.28it/s, buffer=110200, ret=12.64, success=0.00]
Training episodes:  22%|██▏       | 551/2500 [05:16<23:30,  1.38it/s, buffer=110200, ret=12.64, success=0.00]
Training episodes:  22%|██▏       | 551/2500 [05:16<23:30,  1.38it/s, buffer=110400, ret=11.82, success=0.00]
Training episodes:  22%|██▏       | 552/2500 [05:16<22:05,  1.47it/s, buffer=110400, ret=11.82, success=0.00]
Training episodes:  22%|██▏       | 552/2500 [05:17<22:05,  1.47it/s, buffer=110600, ret=13.70, success=0.00]
Training episodes:  22%|██▏       | 553/2500 [05:17<21:05,  1.54it/s, buffer=110600, ret=13.70, success=0.00]
Training episodes:  22%|██▏       | 553/2500 [05:17<21:05,  1.54it/s, buffer=110800, ret=32.55, success=0.00]
Training episodes:  22%|██▏       | 554/2500 [05:17<20:30,  1.58it/s, buffer=110800, ret=32.55, success=0.00]
Training episodes:  22%|██▏       | 554/2500 [05:18<20:30,  1.58it/s, buffer=111000, ret=26.41, success=0.00]
Training episodes:  22%|██▏       | 555/2500 [05:18<20:19,  1.59it/s, buffer=111000, ret=26.41, success=0.00]
Training episodes:  22%|██▏       | 555/2500 [05:18<20:19,  1.59it/s, buffer=111200, ret=24.15, success=0.00]
Training episodes:  22%|██▏       | 556/2500 [05:18<20:09,  1.61it/s, buffer=111200, ret=24.15, success=0.00]
Training episodes:  22%|██▏       | 556/2500 [05:19<20:09,  1.61it/s, buffer=111400, ret=14.88, success=0.00]
Training episodes:  22%|██▏       | 557/2500 [05:19<19:55,  1.63it/s, buffer=111400, ret=14.88, success=0.00]
Training episodes:  22%|██▏       | 557/2500 [05:20<19:55,  1.63it/s, buffer=111600, ret=14.97, success=0.00]
Training episodes:  22%|██▏       | 558/2500 [05:20<19:42,  1.64it/s, buffer=111600, ret=14.97, success=0.00]
Training episodes:  22%|██▏       | 558/2500 [05:20<19:42,  1.64it/s, buffer=111800, ret=14.06, success=0.00]
Training episodes:  22%|██▏       | 559/2500 [05:20<19:31,  1.66it/s, buffer=111800, ret=14.06, success=0.00]
Training episodes:  22%|██▏       | 559/2500 [05:21<19:31,  1.66it/s, buffer=112000, ret=30.56, success=0.00]
Training episodes:  22%|██▏       | 560/2500 [05:21<19:28,  1.66it/s, buffer=112000, ret=30.56, success=0.00]
Training episodes:  22%|██▏       | 560/2500 [05:21<19:28,  1.66it/s, buffer=112200, ret=11.11, success=0.00]
Training episodes:  22%|██▏       | 561/2500 [05:21<19:25,  1.66it/s, buffer=112200, ret=11.11, success=0.00]
Training episodes:  22%|██▏       | 561/2500 [05:22<19:25,  1.66it/s, buffer=112400, ret=14.05, success=0.00]
Training episodes:  22%|██▏       | 562/2500 [05:22<19:26,  1.66it/s, buffer=112400, ret=14.05, success=0.00]
Training episodes:  22%|██▏       | 562/2500 [05:23<19:26,  1.66it/s, buffer=112600, ret=12.85, success=0.00]
Training episodes:  23%|██▎       | 563/2500 [05:23<19:09,  1.68it/s, buffer=112600, ret=12.85, success=0.00]
Training episodes:  23%|██▎       | 563/2500 [05:23<19:09,  1.68it/s, buffer=112800, ret=18.28, success=0.00]
Training episodes:  23%|██▎       | 564/2500 [05:23<19:13,  1.68it/s, buffer=112800, ret=18.28, success=0.00]
Training episodes:  23%|██▎       | 564/2500 [05:24<19:13,  1.68it/s, buffer=113000, ret=30.45, success=0.00]
Training episodes:  23%|██▎       | 565/2500 [05:24<19:31,  1.65it/s, buffer=113000, ret=30.45, success=0.00]
Training episodes:  23%|██▎       | 565/2500 [05:24<19:31,  1.65it/s, buffer=113200, ret=11.22, success=0.00]
Training episodes:  23%|██▎       | 566/2500 [05:24<19:29,  1.65it/s, buffer=113200, ret=11.22, success=0.00]
Training episodes:  23%|██▎       | 566/2500 [05:25<19:29,  1.65it/s, buffer=113400, ret=12.46, success=0.00]
Training episodes:  23%|██▎       | 567/2500 [05:25<19:15,  1.67it/s, buffer=113400, ret=12.46, success=0.00]
Training episodes:  23%|██▎       | 567/2500 [05:26<19:15,  1.67it/s, buffer=113600, ret=27.00, success=0.00]
Training episodes:  23%|██▎       | 568/2500 [05:26<19:33,  1.65it/s, buffer=113600, ret=27.00, success=0.00]
Training episodes:  23%|██▎       | 568/2500 [05:26<19:33,  1.65it/s, buffer=113800, ret=11.87, success=0.00]
Training episodes:  23%|██▎       | 569/2500 [05:26<19:30,  1.65it/s, buffer=113800, ret=11.87, success=0.00]
Training episodes:  23%|██▎       | 569/2500 [05:27<19:30,  1.65it/s, buffer=114000, ret=12.00, success=0.00]
Training episodes:  23%|██▎       | 570/2500 [05:27<19:12,  1.67it/s, buffer=114000, ret=12.00, success=0.00]
Training episodes:  23%|██▎       | 570/2500 [05:27<19:12,  1.67it/s, buffer=114200, ret=9.99, success=0.00] 
Training episodes:  23%|██▎       | 571/2500 [05:27<19:14,  1.67it/s, buffer=114200, ret=9.99, success=0.00]
Training episodes:  23%|██▎       | 571/2500 [05:28<19:14,  1.67it/s, buffer=114400, ret=14.23, success=0.00]
Training episodes:  23%|██▎       | 572/2500 [05:28<19:17,  1.67it/s, buffer=114400, ret=14.23, success=0.00]
Training episodes:  23%|██▎       | 572/2500 [05:29<19:17,  1.67it/s, buffer=114600, ret=12.33, success=0.00]
Training episodes:  23%|██▎       | 573/2500 [05:29<19:06,  1.68it/s, buffer=114600, ret=12.33, success=0.00]
Training episodes:  23%|██▎       | 573/2500 [05:29<19:06,  1.68it/s, buffer=114800, ret=12.04, success=0.00]
Training episodes:  23%|██▎       | 574/2500 [05:29<19:10,  1.67it/s, buffer=114800, ret=12.04, success=0.00]
Training episodes:  23%|██▎       | 574/2500 [05:30<19:10,  1.67it/s, buffer=115000, ret=12.95, success=0.00]
Training episodes:  23%|██▎       | 575/2500 [05:30<18:59,  1.69it/s, buffer=115000, ret=12.95, success=0.00]
Training episodes:  23%|██▎       | 575/2500 [05:30<18:59,  1.69it/s, buffer=115200, ret=25.01, success=0.00]
Training episodes:  23%|██▎       | 576/2500 [05:30<18:54,  1.70it/s, buffer=115200, ret=25.01, success=0.00]
Training episodes:  23%|██▎       | 576/2500 [05:31<18:54,  1.70it/s, buffer=115400, ret=26.47, success=0.00]
Training episodes:  23%|██▎       | 577/2500 [05:31<19:25,  1.65it/s, buffer=115400, ret=26.47, success=0.00]
Training episodes:  23%|██▎       | 577/2500 [05:32<19:25,  1.65it/s, buffer=115600, ret=18.19, success=0.00]
Training episodes:  23%|██▎       | 578/2500 [05:32<19:13,  1.67it/s, buffer=115600, ret=18.19, success=0.00]
Training episodes:  23%|██▎       | 578/2500 [05:32<19:13,  1.67it/s, buffer=115800, ret=13.39, success=0.00]
Training episodes:  23%|██▎       | 579/2500 [05:32<19:19,  1.66it/s, buffer=115800, ret=13.39, success=0.00]
Training episodes:  23%|██▎       | 579/2500 [05:33<19:19,  1.66it/s, buffer=116000, ret=12.32, success=0.00]
Training episodes:  23%|██▎       | 580/2500 [05:33<19:06,  1.67it/s, buffer=116000, ret=12.32, success=0.00]
Training episodes:  23%|██▎       | 580/2500 [05:33<19:06,  1.67it/s, buffer=116200, ret=25.25, success=0.00]
Training episodes:  23%|██▎       | 581/2500 [05:33<19:00,  1.68it/s, buffer=116200, ret=25.25, success=0.00]
Training episodes:  23%|██▎       | 581/2500 [05:34<19:00,  1.68it/s, buffer=116400, ret=28.02, success=0.00]
Training episodes:  23%|██▎       | 582/2500 [05:34<19:08,  1.67it/s, buffer=116400, ret=28.02, success=0.00]
Training episodes:  23%|██▎       | 582/2500 [05:35<19:08,  1.67it/s, buffer=116600, ret=12.57, success=0.00]
Training episodes:  23%|██▎       | 583/2500 [05:35<19:00,  1.68it/s, buffer=116600, ret=12.57, success=0.00]
Training episodes:  23%|██▎       | 583/2500 [05:35<19:00,  1.68it/s, buffer=116800, ret=20.94, success=0.00]
Training episodes:  23%|██▎       | 584/2500 [05:35<19:10,  1.67it/s, buffer=116800, ret=20.94, success=0.00]
Training episodes:  23%|██▎       | 584/2500 [05:36<19:10,  1.67it/s, buffer=117000, ret=13.28, success=0.00]
Training episodes:  23%|██▎       | 585/2500 [05:36<19:05,  1.67it/s, buffer=117000, ret=13.28, success=0.00]
Training episodes:  23%|██▎       | 585/2500 [05:36<19:05,  1.67it/s, buffer=117200, ret=11.21, success=0.00]
Training episodes:  23%|██▎       | 586/2500 [05:36<19:01,  1.68it/s, buffer=117200, ret=11.21, success=0.00]
Training episodes:  23%|██▎       | 586/2500 [05:37<19:01,  1.68it/s, buffer=117400, ret=10.49, success=0.00]
Training episodes:  23%|██▎       | 587/2500 [05:37<18:52,  1.69it/s, buffer=117400, ret=10.49, success=0.00]
Training episodes:  23%|██▎       | 587/2500 [05:38<18:52,  1.69it/s, buffer=117600, ret=15.19, success=0.00]
Training episodes:  24%|██▎       | 588/2500 [05:38<18:50,  1.69it/s, buffer=117600, ret=15.19, success=0.00]
Training episodes:  24%|██▎       | 588/2500 [05:38<18:50,  1.69it/s, buffer=117800, ret=18.83, success=0.00]
Training episodes:  24%|██▎       | 589/2500 [05:38<18:45,  1.70it/s, buffer=117800, ret=18.83, success=0.00]
Training episodes:  24%|██▎       | 589/2500 [05:39<18:45,  1.70it/s, buffer=118000, ret=11.14, success=0.00]
Training episodes:  24%|██▎       | 590/2500 [05:39<18:46,  1.70it/s, buffer=118000, ret=11.14, success=0.00]
Training episodes:  24%|██▎       | 590/2500 [05:39<18:46,  1.70it/s, buffer=118200, ret=16.91, success=0.00]
Training episodes:  24%|██▎       | 591/2500 [05:39<18:52,  1.69it/s, buffer=118200, ret=16.91, success=0.00]
Training episodes:  24%|██▎       | 591/2500 [05:40<18:52,  1.69it/s, buffer=118400, ret=12.42, success=0.00]
Training episodes:  24%|██▎       | 592/2500 [05:40<18:55,  1.68it/s, buffer=118400, ret=12.42, success=0.00]
Training episodes:  24%|██▎       | 592/2500 [05:41<18:55,  1.68it/s, buffer=118600, ret=11.94, success=0.00]
Training episodes:  24%|██▎       | 593/2500 [05:41<18:44,  1.70it/s, buffer=118600, ret=11.94, success=0.00]
Training episodes:  24%|██▎       | 593/2500 [05:41<18:44,  1.70it/s, buffer=118800, ret=11.67, success=0.00]
Training episodes:  24%|██▍       | 594/2500 [05:41<18:50,  1.69it/s, buffer=118800, ret=11.67, success=0.00]
Training episodes:  24%|██▍       | 594/2500 [05:42<18:50,  1.69it/s, buffer=119000, ret=19.04, success=0.00]
Training episodes:  24%|██▍       | 595/2500 [05:42<19:02,  1.67it/s, buffer=119000, ret=19.04, success=0.00]
Training episodes:  24%|██▍       | 595/2500 [05:42<19:02,  1.67it/s, buffer=119200, ret=50.89, success=0.00]
Training episodes:  24%|██▍       | 596/2500 [05:42<19:15,  1.65it/s, buffer=119200, ret=50.89, success=0.00]
Training episodes:  24%|██▍       | 596/2500 [05:43<19:15,  1.65it/s, buffer=119400, ret=11.01, success=0.00]
Training episodes:  24%|██▍       | 597/2500 [05:43<19:14,  1.65it/s, buffer=119400, ret=11.01, success=0.00]
Training episodes:  24%|██▍       | 597/2500 [05:44<19:14,  1.65it/s, buffer=119600, ret=11.74, success=0.00]
Training episodes:  24%|██▍       | 598/2500 [05:44<19:14,  1.65it/s, buffer=119600, ret=11.74, success=0.00]
Training episodes:  24%|██▍       | 598/2500 [05:44<19:14,  1.65it/s, buffer=119800, ret=14.90, success=0.00]
Training episodes:  24%|██▍       | 599/2500 [05:44<19:08,  1.66it/s, buffer=119800, ret=14.90, success=0.00]
Training episodes:  24%|██▍       | 599/2500 [05:45<19:08,  1.66it/s, buffer=120000, ret=14.63, success=0.00]wandb: WARNING `fps` argument does not affect the frame rate of the video when providing a file path or raw bytes.

Training episodes:  24%|██▍       | 600/2500 [05:45<24:37,  1.29it/s, buffer=120000, ret=14.63, success=0.00]
Training episodes:  24%|██▍       | 600/2500 [05:46<24:37,  1.29it/s, buffer=120200, ret=17.15, success=0.00]
Training episodes:  24%|██▍       | 601/2500 [05:46<22:54,  1.38it/s, buffer=120200, ret=17.15, success=0.00]
Training episodes:  24%|██▍       | 601/2500 [05:47<22:54,  1.38it/s, buffer=120400, ret=14.05, success=0.00]
Training episodes:  24%|██▍       | 602/2500 [05:47<21:51,  1.45it/s, buffer=120400, ret=14.05, success=0.00]
Training episodes:  24%|██▍       | 602/2500 [05:47<21:51,  1.45it/s, buffer=120600, ret=22.37, success=0.00]
Training episodes:  24%|██▍       | 603/2500 [05:47<20:40,  1.53it/s, buffer=120600, ret=22.37, success=0.00]
Training episodes:  24%|██▍       | 603/2500 [05:48<20:40,  1.53it/s, buffer=120800, ret=13.88, success=0.00]
Training episodes:  24%|██▍       | 604/2500 [05:48<19:56,  1.58it/s, buffer=120800, ret=13.88, success=0.00]
Training episodes:  24%|██▍       | 604/2500 [05:48<19:56,  1.58it/s, buffer=121000, ret=14.89, success=0.00]
Training episodes:  24%|██▍       | 605/2500 [05:48<19:28,  1.62it/s, buffer=121000, ret=14.89, success=0.00]
Training episodes:  24%|██▍       | 605/2500 [05:49<19:28,  1.62it/s, buffer=121200, ret=12.58, success=0.00]
Training episodes:  24%|██▍       | 606/2500 [05:49<19:03,  1.66it/s, buffer=121200, ret=12.58, success=0.00]
Training episodes:  24%|██▍       | 606/2500 [05:49<19:03,  1.66it/s, buffer=121400, ret=12.17, success=0.00]
Training episodes:  24%|██▍       | 607/2500 [05:49<18:45,  1.68it/s, buffer=121400, ret=12.17, success=0.00]
Training episodes:  24%|██▍       | 607/2500 [05:50<18:45,  1.68it/s, buffer=121600, ret=10.79, success=0.00]
Training episodes:  24%|██▍       | 608/2500 [05:50<18:30,  1.70it/s, buffer=121600, ret=10.79, success=0.00]
Training episodes:  24%|██▍       | 608/2500 [05:51<18:30,  1.70it/s, buffer=121800, ret=11.43, success=0.00]
Training episodes:  24%|██▍       | 609/2500 [05:51<18:22,  1.71it/s, buffer=121800, ret=11.43, success=0.00]
Training episodes:  24%|██▍       | 609/2500 [05:51<18:22,  1.71it/s, buffer=122000, ret=11.42, success=0.00]
Training episodes:  24%|██▍       | 610/2500 [05:51<18:23,  1.71it/s, buffer=122000, ret=11.42, success=0.00]
Training episodes:  24%|██▍       | 610/2500 [05:52<18:23,  1.71it/s, buffer=122200, ret=12.28, success=0.00]
Training episodes:  24%|██▍       | 611/2500 [05:52<18:20,  1.72it/s, buffer=122200, ret=12.28, success=0.00]
Training episodes:  24%|██▍       | 611/2500 [05:52<18:20,  1.72it/s, buffer=122400, ret=12.76, success=0.00]
Training episodes:  24%|██▍       | 612/2500 [05:52<18:34,  1.69it/s, buffer=122400, ret=12.76, success=0.00]
Training episodes:  24%|██▍       | 612/2500 [05:53<18:34,  1.69it/s, buffer=122600, ret=13.53, success=0.00]
Training episodes:  25%|██▍       | 613/2500 [05:53<18:32,  1.70it/s, buffer=122600, ret=13.53, success=0.00]
Training episodes:  25%|██▍       | 613/2500 [05:54<18:32,  1.70it/s, buffer=122800, ret=10.42, success=0.00]
Training episodes:  25%|██▍       | 614/2500 [05:54<18:28,  1.70it/s, buffer=122800, ret=10.42, success=0.00]
Training episodes:  25%|██▍       | 614/2500 [05:54<18:28,  1.70it/s, buffer=123000, ret=15.74, success=0.00]
Training episodes:  25%|██▍       | 615/2500 [05:54<18:36,  1.69it/s, buffer=123000, ret=15.74, success=0.00]
Training episodes:  25%|██▍       | 615/2500 [05:55<18:36,  1.69it/s, buffer=123200, ret=27.39, success=0.00]
Training episodes:  25%|██▍       | 616/2500 [05:55<18:37,  1.69it/s, buffer=123200, ret=27.39, success=0.00]
Training episodes:  25%|██▍       | 616/2500 [05:55<18:37,  1.69it/s, buffer=123400, ret=14.91, success=0.00]
Training episodes:  25%|██▍       | 617/2500 [05:55<18:29,  1.70it/s, buffer=123400, ret=14.91, success=0.00]
Training episodes:  25%|██▍       | 617/2500 [05:56<18:29,  1.70it/s, buffer=123600, ret=20.32, success=0.00]
Training episodes:  25%|██▍       | 618/2500 [05:56<18:43,  1.68it/s, buffer=123600, ret=20.32, success=0.00]
Training episodes:  25%|██▍       | 618/2500 [05:57<18:43,  1.68it/s, buffer=123800, ret=13.80, success=0.00]
Training episodes:  25%|██▍       | 619/2500 [05:57<18:47,  1.67it/s, buffer=123800, ret=13.80, success=0.00]
Training episodes:  25%|██▍       | 619/2500 [05:57<18:47,  1.67it/s, buffer=124000, ret=11.26, success=0.00]
Training episodes:  25%|██▍       | 620/2500 [05:57<18:44,  1.67it/s, buffer=124000, ret=11.26, success=0.00]
Training episodes:  25%|██▍       | 620/2500 [05:58<18:44,  1.67it/s, buffer=124200, ret=10.62, success=0.00]
Training episodes:  25%|██▍       | 621/2500 [05:58<18:27,  1.70it/s, buffer=124200, ret=10.62, success=0.00]
Training episodes:  25%|██▍       | 621/2500 [05:58<18:27,  1.70it/s, buffer=124400, ret=24.29, success=0.00]
Training episodes:  25%|██▍       | 622/2500 [05:58<18:28,  1.69it/s, buffer=124400, ret=24.29, success=0.00]
Training episodes:  25%|██▍       | 622/2500 [05:59<18:28,  1.69it/s, buffer=124600, ret=15.60, success=0.00]
Training episodes:  25%|██▍       | 623/2500 [05:59<18:21,  1.70it/s, buffer=124600, ret=15.60, success=0.00]
Training episodes:  25%|██▍       | 623/2500 [05:59<18:21,  1.70it/s, buffer=124800, ret=21.57, success=0.00]
Training episodes:  25%|██▍       | 624/2500 [05:59<18:17,  1.71it/s, buffer=124800, ret=21.57, success=0.00]
Training episodes:  25%|██▍       | 624/2500 [06:00<18:17,  1.71it/s, buffer=125000, ret=12.08, success=0.00]
Training episodes:  25%|██▌       | 625/2500 [06:00<18:10,  1.72it/s, buffer=125000, ret=12.08, success=0.00]
Training episodes:  25%|██▌       | 625/2500 [06:01<18:10,  1.72it/s, buffer=125200, ret=9.63, success=0.00] 
Training episodes:  25%|██▌       | 626/2500 [06:01<18:02,  1.73it/s, buffer=125200, ret=9.63, success=0.00]
Training episodes:  25%|██▌       | 626/2500 [06:01<18:02,  1.73it/s, buffer=125400, ret=14.17, success=0.00]
Training episodes:  25%|██▌       | 627/2500 [06:01<18:15,  1.71it/s, buffer=125400, ret=14.17, success=0.00]
Training episodes:  25%|██▌       | 627/2500 [06:02<18:15,  1.71it/s, buffer=125600, ret=11.89, success=0.00]
Training episodes:  25%|██▌       | 628/2500 [06:02<18:19,  1.70it/s, buffer=125600, ret=11.89, success=0.00]
Training episodes:  25%|██▌       | 628/2500 [06:02<18:19,  1.70it/s, buffer=125800, ret=20.46, success=0.00]
Training episodes:  25%|██▌       | 629/2500 [06:02<18:25,  1.69it/s, buffer=125800, ret=20.46, success=0.00]
Training episodes:  25%|██▌       | 629/2500 [06:03<18:25,  1.69it/s, buffer=126000, ret=21.49, success=0.00]
Training episodes:  25%|██▌       | 630/2500 [06:03<18:20,  1.70it/s, buffer=126000, ret=21.49, success=0.00]
Training episodes:  25%|██▌       | 630/2500 [06:04<18:20,  1.70it/s, buffer=126200, ret=10.69, success=0.00]
Training episodes:  25%|██▌       | 631/2500 [06:04<18:31,  1.68it/s, buffer=126200, ret=10.69, success=0.00]
Training episodes:  25%|██▌       | 631/2500 [06:04<18:31,  1.68it/s, buffer=126400, ret=13.28, success=0.00]
Training episodes:  25%|██▌       | 632/2500 [06:04<18:25,  1.69it/s, buffer=126400, ret=13.28, success=0.00]
Training episodes:  25%|██▌       | 632/2500 [06:05<18:25,  1.69it/s, buffer=126600, ret=11.09, success=0.00]
Training episodes:  25%|██▌       | 633/2500 [06:05<18:20,  1.70it/s, buffer=126600, ret=11.09, success=0.00]
Training episodes:  25%|██▌       | 633/2500 [06:05<18:20,  1.70it/s, buffer=126800, ret=13.17, success=0.00]
Training episodes:  25%|██▌       | 634/2500 [06:05<18:32,  1.68it/s, buffer=126800, ret=13.17, success=0.00]
Training episodes:  25%|██▌       | 634/2500 [06:06<18:32,  1.68it/s, buffer=127000, ret=26.21, success=0.00]
Training episodes:  25%|██▌       | 635/2500 [06:06<18:34,  1.67it/s, buffer=127000, ret=26.21, success=0.00]
Training episodes:  25%|██▌       | 635/2500 [06:07<18:34,  1.67it/s, buffer=127200, ret=30.31, success=0.00]
Training episodes:  25%|██▌       | 636/2500 [06:07<18:32,  1.68it/s, buffer=127200, ret=30.31, success=0.00]
Training episodes:  25%|██▌       | 636/2500 [06:07<18:32,  1.68it/s, buffer=127400, ret=17.09, success=0.00]
Training episodes:  25%|██▌       | 637/2500 [06:07<18:44,  1.66it/s, buffer=127400, ret=17.09, success=0.00]
Training episodes:  25%|██▌       | 637/2500 [06:08<18:44,  1.66it/s, buffer=127600, ret=14.97, success=0.00]
Training episodes:  26%|██▌       | 638/2500 [06:08<18:39,  1.66it/s, buffer=127600, ret=14.97, success=0.00]
Training episodes:  26%|██▌       | 638/2500 [06:08<18:39,  1.66it/s, buffer=127800, ret=13.17, success=0.00]
Training episodes:  26%|██▌       | 639/2500 [06:08<18:20,  1.69it/s, buffer=127800, ret=13.17, success=0.00]
Training episodes:  26%|██▌       | 639/2500 [06:09<18:20,  1.69it/s, buffer=128000, ret=15.01, success=0.00]
Training episodes:  26%|██▌       | 640/2500 [06:09<18:11,  1.70it/s, buffer=128000, ret=15.01, success=0.00]
Training episodes:  26%|██▌       | 640/2500 [06:10<18:11,  1.70it/s, buffer=128200, ret=13.56, success=0.00]
Training episodes:  26%|██▌       | 641/2500 [06:10<18:11,  1.70it/s, buffer=128200, ret=13.56, success=0.00]
Training episodes:  26%|██▌       | 641/2500 [06:10<18:11,  1.70it/s, buffer=128400, ret=16.91, success=0.00]
Training episodes:  26%|██▌       | 642/2500 [06:10<18:22,  1.69it/s, buffer=128400, ret=16.91, success=0.00]
Training episodes:  26%|██▌       | 642/2500 [06:11<18:22,  1.69it/s, buffer=128600, ret=14.61, success=0.00]
Training episodes:  26%|██▌       | 643/2500 [06:11<18:36,  1.66it/s, buffer=128600, ret=14.61, success=0.00]
Training episodes:  26%|██▌       | 643/2500 [06:11<18:36,  1.66it/s, buffer=128800, ret=15.70, success=0.00]
Training episodes:  26%|██▌       | 644/2500 [06:11<18:37,  1.66it/s, buffer=128800, ret=15.70, success=0.00]
Training episodes:  26%|██▌       | 644/2500 [06:12<18:37,  1.66it/s, buffer=129000, ret=18.16, success=0.00]
Training episodes:  26%|██▌       | 645/2500 [06:12<18:34,  1.66it/s, buffer=129000, ret=18.16, success=0.00]
Training episodes:  26%|██▌       | 645/2500 [06:13<18:34,  1.66it/s, buffer=129200, ret=16.31, success=0.00]
Training episodes:  26%|██▌       | 646/2500 [06:13<18:29,  1.67it/s, buffer=129200, ret=16.31, success=0.00]
Training episodes:  26%|██▌       | 646/2500 [06:13<18:29,  1.67it/s, buffer=129400, ret=13.53, success=0.00]
Training episodes:  26%|██▌       | 647/2500 [06:13<18:33,  1.66it/s, buffer=129400, ret=13.53, success=0.00]
Training episodes:  26%|██▌       | 647/2500 [06:14<18:33,  1.66it/s, buffer=129600, ret=11.89, success=0.00]
Training episodes:  26%|██▌       | 648/2500 [06:14<18:27,  1.67it/s, buffer=129600, ret=11.89, success=0.00]
Training episodes:  26%|██▌       | 648/2500 [06:14<18:27,  1.67it/s, buffer=129800, ret=12.62, success=0.00]
Training episodes:  26%|██▌       | 649/2500 [06:14<18:29,  1.67it/s, buffer=129800, ret=12.62, success=0.00]
Training episodes:  26%|██▌       | 649/2500 [06:15<18:29,  1.67it/s, buffer=130000, ret=15.75, success=0.00]wandb: WARNING `fps` argument does not affect the frame rate of the video when providing a file path or raw bytes.

Training episodes:  26%|██▌       | 650/2500 [06:16<23:51,  1.29it/s, buffer=130000, ret=15.75, success=0.00]
Training episodes:  26%|██▌       | 650/2500 [06:16<23:51,  1.29it/s, buffer=130200, ret=18.20, success=0.00]
Training episodes:  26%|██▌       | 651/2500 [06:16<22:10,  1.39it/s, buffer=130200, ret=18.20, success=0.00]
Training episodes:  26%|██▌       | 651/2500 [06:17<22:10,  1.39it/s, buffer=130400, ret=10.91, success=0.00]
Training episodes:  26%|██▌       | 652/2500 [06:17<20:42,  1.49it/s, buffer=130400, ret=10.91, success=0.00]
Training episodes:  26%|██▌       | 652/2500 [06:17<20:42,  1.49it/s, buffer=130600, ret=13.38, success=0.00]
Training episodes:  26%|██▌       | 653/2500 [06:17<19:45,  1.56it/s, buffer=130600, ret=13.38, success=0.00]
Training episodes:  26%|██▌       | 653/2500 [06:18<19:45,  1.56it/s, buffer=130800, ret=15.69, success=0.00]
Training episodes:  26%|██▌       | 654/2500 [06:18<19:27,  1.58it/s, buffer=130800, ret=15.69, success=0.00]
Training episodes:  26%|██▌       | 654/2500 [06:18<19:27,  1.58it/s, buffer=131000, ret=14.96, success=0.00]
Training episodes:  26%|██▌       | 655/2500 [06:18<19:05,  1.61it/s, buffer=131000, ret=14.96, success=0.00]
Training episodes:  26%|██▌       | 655/2500 [06:19<19:05,  1.61it/s, buffer=131200, ret=21.38, success=0.00]
Training episodes:  26%|██▌       | 656/2500 [06:19<18:48,  1.63it/s, buffer=131200, ret=21.38, success=0.00]
Training episodes:  26%|██▌       | 656/2500 [06:20<18:48,  1.63it/s, buffer=131400, ret=11.26, success=0.00]
Training episodes:  26%|██▋       | 657/2500 [06:20<18:23,  1.67it/s, buffer=131400, ret=11.26, success=0.00]
Training episodes:  26%|██▋       | 657/2500 [06:20<18:23,  1.67it/s, buffer=131600, ret=15.71, success=0.00]
Training episodes:  26%|██▋       | 658/2500 [06:20<18:09,  1.69it/s, buffer=131600, ret=15.71, success=0.00]
Training episodes:  26%|██▋       | 658/2500 [06:21<18:09,  1.69it/s, buffer=131800, ret=19.28, success=0.00]
Training episodes:  26%|██▋       | 659/2500 [06:21<18:06,  1.69it/s, buffer=131800, ret=19.28, success=0.00]
Training episodes:  26%|██▋       | 659/2500 [06:21<18:06,  1.69it/s, buffer=132000, ret=14.49, success=0.00]
Training episodes:  26%|██▋       | 660/2500 [06:21<18:09,  1.69it/s, buffer=132000, ret=14.49, success=0.00]
Training episodes:  26%|██▋       | 660/2500 [06:22<18:09,  1.69it/s, buffer=132200, ret=13.03, success=0.00]
Training episodes:  26%|██▋       | 661/2500 [06:22<18:06,  1.69it/s, buffer=132200, ret=13.03, success=0.00]
Training episodes:  26%|██▋       | 661/2500 [06:23<18:06,  1.69it/s, buffer=132400, ret=15.20, success=0.00]
Training episodes:  26%|██▋       | 662/2500 [06:23<18:09,  1.69it/s, buffer=132400, ret=15.20, success=0.00]
Training episodes:  26%|██▋       | 662/2500 [06:23<18:09,  1.69it/s, buffer=132600, ret=13.52, success=0.00]
Training episodes:  27%|██▋       | 663/2500 [06:23<18:08,  1.69it/s, buffer=132600, ret=13.52, success=0.00]
Training episodes:  27%|██▋       | 663/2500 [06:24<18:08,  1.69it/s, buffer=132800, ret=15.37, success=0.00]
Training episodes:  27%|██▋       | 664/2500 [06:24<18:09,  1.69it/s, buffer=132800, ret=15.37, success=0.00]
Training episodes:  27%|██▋       | 664/2500 [06:24<18:09,  1.69it/s, buffer=133000, ret=28.18, success=0.00]
Training episodes:  27%|██▋       | 665/2500 [06:24<18:31,  1.65it/s, buffer=133000, ret=28.18, success=0.00]
Training episodes:  27%|██▋       | 665/2500 [06:25<18:31,  1.65it/s, buffer=133200, ret=21.84, success=0.00]
Training episodes:  27%|██▋       | 666/2500 [06:25<18:24,  1.66it/s, buffer=133200, ret=21.84, success=0.00]
Training episodes:  27%|██▋       | 666/2500 [06:26<18:24,  1.66it/s, buffer=133400, ret=11.85, success=0.00]
Training episodes:  27%|██▋       | 667/2500 [06:26<18:09,  1.68it/s, buffer=133400, ret=11.85, success=0.00]
Training episodes:  27%|██▋       | 667/2500 [06:26<18:09,  1.68it/s, buffer=133600, ret=13.04, success=0.00]
Training episodes:  27%|██▋       | 668/2500 [06:26<18:18,  1.67it/s, buffer=133600, ret=13.04, success=0.00]
Training episodes:  27%|██▋       | 668/2500 [06:27<18:18,  1.67it/s, buffer=133800, ret=18.86, success=0.00]
Training episodes:  27%|██▋       | 669/2500 [06:27<18:13,  1.67it/s, buffer=133800, ret=18.86, success=0.00]
Training episodes:  27%|██▋       | 669/2500 [06:27<18:13,  1.67it/s, buffer=134000, ret=14.48, success=0.00]
Training episodes:  27%|██▋       | 670/2500 [06:27<18:24,  1.66it/s, buffer=134000, ret=14.48, success=0.00]
Training episodes:  27%|██▋       | 670/2500 [06:28<18:24,  1.66it/s, buffer=134200, ret=15.44, success=0.00]
Training episodes:  27%|██▋       | 671/2500 [06:28<18:31,  1.65it/s, buffer=134200, ret=15.44, success=0.00]
Training episodes:  27%|██▋       | 671/2500 [06:29<18:31,  1.65it/s, buffer=134400, ret=22.77, success=0.00]
Training episodes:  27%|██▋       | 672/2500 [06:29<18:29,  1.65it/s, buffer=134400, ret=22.77, success=0.00]
Training episodes:  27%|██▋       | 672/2500 [06:29<18:29,  1.65it/s, buffer=134600, ret=14.15, success=0.00]
Training episodes:  27%|██▋       | 673/2500 [06:29<18:16,  1.67it/s, buffer=134600, ret=14.15, success=0.00]
Training episodes:  27%|██▋       | 673/2500 [06:30<18:16,  1.67it/s, buffer=134800, ret=9.76, success=0.00] 
Training episodes:  27%|██▋       | 674/2500 [06:30<18:03,  1.68it/s, buffer=134800, ret=9.76, success=0.00]
Training episodes:  27%|██▋       | 674/2500 [06:30<18:03,  1.68it/s, buffer=135000, ret=11.17, success=0.00]
Training episodes:  27%|██▋       | 675/2500 [06:30<18:02,  1.69it/s, buffer=135000, ret=11.17, success=0.00]
Training episodes:  27%|██▋       | 675/2500 [06:31<18:02,  1.69it/s, buffer=135200, ret=32.36, success=0.00]
Training episodes:  27%|██▋       | 676/2500 [06:31<17:58,  1.69it/s, buffer=135200, ret=32.36, success=0.00]
Training episodes:  27%|██▋       | 676/2500 [06:32<17:58,  1.69it/s, buffer=135400, ret=18.07, success=0.00]
Training episodes:  27%|██▋       | 677/2500 [06:32<17:59,  1.69it/s, buffer=135400, ret=18.07, success=0.00]
Training episodes:  27%|██▋       | 677/2500 [06:32<17:59,  1.69it/s, buffer=135600, ret=12.96, success=0.00]
Training episodes:  27%|██▋       | 678/2500 [06:32<18:03,  1.68it/s, buffer=135600, ret=12.96, success=0.00]
Training episodes:  27%|██▋       | 678/2500 [06:33<18:03,  1.68it/s, buffer=135800, ret=14.57, success=0.00]
Training episodes:  27%|██▋       | 679/2500 [06:33<18:06,  1.68it/s, buffer=135800, ret=14.57, success=0.00]
Training episodes:  27%|██▋       | 679/2500 [06:33<18:06,  1.68it/s, buffer=136000, ret=14.98, success=0.00]
Training episodes:  27%|██▋       | 680/2500 [06:33<17:50,  1.70it/s, buffer=136000, ret=14.98, success=0.00]
Training episodes:  27%|██▋       | 680/2500 [06:34<17:50,  1.70it/s, buffer=136200, ret=14.09, success=0.00]
Training episodes:  27%|██▋       | 681/2500 [06:34<17:44,  1.71it/s, buffer=136200, ret=14.09, success=0.00]
Training episodes:  27%|██▋       | 681/2500 [06:34<17:44,  1.71it/s, buffer=136400, ret=13.72, success=0.00]
Training episodes:  27%|██▋       | 682/2500 [06:34<17:55,  1.69it/s, buffer=136400, ret=13.72, success=0.00]
Training episodes:  27%|██▋       | 682/2500 [06:35<17:55,  1.69it/s, buffer=136600, ret=12.21, success=0.00]
Training episodes:  27%|██▋       | 683/2500 [06:35<17:48,  1.70it/s, buffer=136600, ret=12.21, success=0.00]
Training episodes:  27%|██▋       | 683/2500 [06:36<17:48,  1.70it/s, buffer=136800, ret=13.90, success=0.00]
Training episodes:  27%|██▋       | 684/2500 [06:36<17:57,  1.69it/s, buffer=136800, ret=13.90, success=0.00]
Training episodes:  27%|██▋       | 684/2500 [06:36<17:57,  1.69it/s, buffer=137000, ret=15.90, success=0.00]
Training episodes:  27%|██▋       | 685/2500 [06:36<18:08,  1.67it/s, buffer=137000, ret=15.90, success=0.00]
Training episodes:  27%|██▋       | 685/2500 [06:37<18:08,  1.67it/s, buffer=137200, ret=22.62, success=0.00]
Training episodes:  27%|██▋       | 686/2500 [06:37<18:11,  1.66it/s, buffer=137200, ret=22.62, success=0.00]
Training episodes:  27%|██▋       | 686/2500 [06:37<18:11,  1.66it/s, buffer=137400, ret=11.91, success=0.00]
Training episodes:  27%|██▋       | 687/2500 [06:37<18:01,  1.68it/s, buffer=137400, ret=11.91, success=0.00]
Training episodes:  27%|██▋       | 687/2500 [06:38<18:01,  1.68it/s, buffer=137600, ret=12.10, success=0.00]
Training episodes:  28%|██▊       | 688/2500 [06:38<17:57,  1.68it/s, buffer=137600, ret=12.10, success=0.00]
Training episodes:  28%|██▊       | 688/2500 [06:39<17:57,  1.68it/s, buffer=137800, ret=14.78, success=0.00]
Training episodes:  28%|██▊       | 689/2500 [06:39<18:03,  1.67it/s, buffer=137800, ret=14.78, success=0.00]
Training episodes:  28%|██▊       | 689/2500 [06:39<18:03,  1.67it/s, buffer=138000, ret=24.76, success=0.00]
Training episodes:  28%|██▊       | 690/2500 [06:39<18:05,  1.67it/s, buffer=138000, ret=24.76, success=0.00]
Training episodes:  28%|██▊       | 690/2500 [06:40<18:05,  1.67it/s, buffer=138200, ret=18.51, success=0.00]
Training episodes:  28%|██▊       | 691/2500 [06:40<18:01,  1.67it/s, buffer=138200, ret=18.51, success=0.00]
Training episodes:  28%|██▊       | 691/2500 [06:40<18:01,  1.67it/s, buffer=138400, ret=14.45, success=0.00]
Training episodes:  28%|██▊       | 692/2500 [06:40<18:04,  1.67it/s, buffer=138400, ret=14.45, success=0.00]
Training episodes:  28%|██▊       | 692/2500 [06:41<18:04,  1.67it/s, buffer=138600, ret=11.85, success=0.00]
Training episodes:  28%|██▊       | 693/2500 [06:41<17:52,  1.68it/s, buffer=138600, ret=11.85, success=0.00]
Training episodes:  28%|██▊       | 693/2500 [06:42<17:52,  1.68it/s, buffer=138800, ret=12.63, success=0.00]
Training episodes:  28%|██▊       | 694/2500 [06:42<17:42,  1.70it/s, buffer=138800, ret=12.63, success=0.00]
Training episodes:  28%|██▊       | 694/2500 [06:42<17:42,  1.70it/s, buffer=139000, ret=18.64, success=0.00]
Training episodes:  28%|██▊       | 695/2500 [06:42<17:38,  1.71it/s, buffer=139000, ret=18.64, success=0.00]
Training episodes:  28%|██▊       | 695/2500 [06:43<17:38,  1.71it/s, buffer=139200, ret=14.46, success=0.00]
Training episodes:  28%|██▊       | 696/2500 [06:43<17:39,  1.70it/s, buffer=139200, ret=14.46, success=0.00]
Training episodes:  28%|██▊       | 696/2500 [06:43<17:39,  1.70it/s, buffer=139400, ret=17.77, success=0.00]
Training episodes:  28%|██▊       | 697/2500 [06:43<17:30,  1.72it/s, buffer=139400, ret=17.77, success=0.00]
Training episodes:  28%|██▊       | 697/2500 [06:44<17:30,  1.72it/s, buffer=139600, ret=18.69, success=0.00]
Training episodes:  28%|██▊       | 698/2500 [06:44<17:27,  1.72it/s, buffer=139600, ret=18.69, success=0.00]
Training episodes:  28%|██▊       | 698/2500 [06:45<17:27,  1.72it/s, buffer=139800, ret=14.20, success=0.00]
Training episodes:  28%|██▊       | 699/2500 [06:45<17:32,  1.71it/s, buffer=139800, ret=14.20, success=0.00]
Training episodes:  28%|██▊       | 699/2500 [06:45<17:32,  1.71it/s, buffer=140000, ret=13.66, success=0.00]wandb: WARNING `fps` argument does not affect the frame rate of the video when providing a file path or raw bytes.

Training episodes:  28%|██▊       | 700/2500 [06:46<22:57,  1.31it/s, buffer=140000, ret=13.66, success=0.00]
Training episodes:  28%|██▊       | 700/2500 [06:46<22:57,  1.31it/s, buffer=140200, ret=14.13, success=0.00]
Training episodes:  28%|██▊       | 701/2500 [06:46<21:28,  1.40it/s, buffer=140200, ret=14.13, success=0.00]
Training episodes:  28%|██▊       | 701/2500 [06:47<21:28,  1.40it/s, buffer=140400, ret=13.21, success=0.00]
Training episodes:  28%|██▊       | 702/2500 [06:47<20:25,  1.47it/s, buffer=140400, ret=13.21, success=0.00]
Training episodes:  28%|██▊       | 702/2500 [06:48<20:25,  1.47it/s, buffer=140600, ret=12.09, success=0.00]
Training episodes:  28%|██▊       | 703/2500 [06:48<19:44,  1.52it/s, buffer=140600, ret=12.09, success=0.00]
Training episodes:  28%|██▊       | 703/2500 [06:48<19:44,  1.52it/s, buffer=140800, ret=11.34, success=0.00]
Training episodes:  28%|██▊       | 704/2500 [06:48<18:42,  1.60it/s, buffer=140800, ret=11.34, success=0.00]
Training episodes:  28%|██▊       | 704/2500 [06:49<18:42,  1.60it/s, buffer=141000, ret=12.76, success=0.00]
Training episodes:  28%|██▊       | 705/2500 [06:49<18:16,  1.64it/s, buffer=141000, ret=12.76, success=0.00]
Training episodes:  28%|██▊       | 705/2500 [06:49<18:16,  1.64it/s, buffer=141200, ret=20.90, success=0.00]
Training episodes:  28%|██▊       | 706/2500 [06:49<18:00,  1.66it/s, buffer=141200, ret=20.90, success=0.00]
Training episodes:  28%|██▊       | 706/2500 [06:50<18:00,  1.66it/s, buffer=141400, ret=23.11, success=0.00]
Training episodes:  28%|██▊       | 707/2500 [06:50<17:46,  1.68it/s, buffer=141400, ret=23.11, success=0.00]
Training episodes:  28%|██▊       | 707/2500 [06:50<17:46,  1.68it/s, buffer=141600, ret=13.89, success=0.00]
Training episodes:  28%|██▊       | 708/2500 [06:50<17:38,  1.69it/s, buffer=141600, ret=13.89, success=0.00]
Training episodes:  28%|██▊       | 708/2500 [06:51<17:38,  1.69it/s, buffer=141800, ret=20.69, success=0.00]
Training episodes:  28%|██▊       | 709/2500 [06:51<17:28,  1.71it/s, buffer=141800, ret=20.69, success=0.00]
Training episodes:  28%|██▊       | 709/2500 [06:52<17:28,  1.71it/s, buffer=142000, ret=12.77, success=0.00]
Training episodes:  28%|██▊       | 710/2500 [06:52<17:23,  1.72it/s, buffer=142000, ret=12.77, success=0.00]
Training episodes:  28%|██▊       | 710/2500 [06:52<17:23,  1.72it/s, buffer=142200, ret=26.23, success=0.00]
Training episodes:  28%|██▊       | 711/2500 [06:52<17:22,  1.72it/s, buffer=142200, ret=26.23, success=0.00]
Training episodes:  28%|██▊       | 711/2500 [06:53<17:22,  1.72it/s, buffer=142400, ret=13.72, success=0.00]
Training episodes:  28%|██▊       | 712/2500 [06:53<17:18,  1.72it/s, buffer=142400, ret=13.72, success=0.00]
Training episodes:  28%|██▊       | 712/2500 [06:53<17:18,  1.72it/s, buffer=142600, ret=11.65, success=0.00]
Training episodes:  29%|██▊       | 713/2500 [06:53<17:14,  1.73it/s, buffer=142600, ret=11.65, success=0.00]
Training episodes:  29%|██▊       | 713/2500 [06:54<17:14,  1.73it/s, buffer=142800, ret=22.57, success=0.00]
Training episodes:  29%|██▊       | 714/2500 [06:54<17:25,  1.71it/s, buffer=142800, ret=22.57, success=0.00]
Training episodes:  29%|██▊       | 714/2500 [06:55<17:25,  1.71it/s, buffer=143000, ret=27.97, success=0.00]
Training episodes:  29%|██▊       | 715/2500 [06:55<17:40,  1.68it/s, buffer=143000, ret=27.97, success=0.00]
Training episodes:  29%|██▊       | 715/2500 [06:55<17:40,  1.68it/s, buffer=143200, ret=11.33, success=0.00]
Training episodes:  29%|██▊       | 716/2500 [06:55<17:44,  1.68it/s, buffer=143200, ret=11.33, success=0.00]
Training episodes:  29%|██▊       | 716/2500 [06:56<17:44,  1.68it/s, buffer=143400, ret=25.58, success=0.00]
Training episodes:  29%|██▊       | 717/2500 [06:56<17:43,  1.68it/s, buffer=143400, ret=25.58, success=0.00]
Training episodes:  29%|██▊       | 717/2500 [06:56<17:43,  1.68it/s, buffer=143600, ret=15.35, success=0.00]
Training episodes:  29%|██▊       | 718/2500 [06:56<17:43,  1.68it/s, buffer=143600, ret=15.35, success=0.00]
Training episodes:  29%|██▊       | 718/2500 [06:57<17:43,  1.68it/s, buffer=143800, ret=16.61, success=0.00]
Training episodes:  29%|██▉       | 719/2500 [06:57<17:52,  1.66it/s, buffer=143800, ret=16.61, success=0.00]
Training episodes:  29%|██▉       | 719/2500 [06:58<17:52,  1.66it/s, buffer=144000, ret=24.39, success=0.00]
Training episodes:  29%|██▉       | 720/2500 [06:58<18:04,  1.64it/s, buffer=144000, ret=24.39, success=0.00]
Training episodes:  29%|██▉       | 720/2500 [06:58<18:04,  1.64it/s, buffer=144200, ret=10.84, success=0.00]
Training episodes:  29%|██▉       | 721/2500 [06:58<18:01,  1.64it/s, buffer=144200, ret=10.84, success=0.00]
Training episodes:  29%|██▉       | 721/2500 [06:59<18:01,  1.64it/s, buffer=144400, ret=9.93, success=0.00] 
Training episodes:  29%|██▉       | 722/2500 [06:59<17:55,  1.65it/s, buffer=144400, ret=9.93, success=0.00]
Training episodes:  29%|██▉       | 722/2500 [06:59<17:55,  1.65it/s, buffer=144600, ret=18.37, success=0.00]
Training episodes:  29%|██▉       | 723/2500 [06:59<17:52,  1.66it/s, buffer=144600, ret=18.37, success=0.00]
Training episodes:  29%|██▉       | 723/2500 [07:00<17:52,  1.66it/s, buffer=144800, ret=11.15, success=0.00]
Training episodes:  29%|██▉       | 724/2500 [07:00<17:51,  1.66it/s, buffer=144800, ret=11.15, success=0.00]
Training episodes:  29%|██▉       | 724/2500 [07:01<17:51,  1.66it/s, buffer=145000, ret=16.06, success=0.00]
Training episodes:  29%|██▉       | 725/2500 [07:01<18:13,  1.62it/s, buffer=145000, ret=16.06, success=0.00]
Training episodes:  29%|██▉       | 725/2500 [07:01<18:13,  1.62it/s, buffer=145200, ret=25.58, success=0.00]
Training episodes:  29%|██▉       | 726/2500 [07:01<18:05,  1.63it/s, buffer=145200, ret=25.58, success=0.00]
Training episodes:  29%|██▉       | 726/2500 [07:02<18:05,  1.63it/s, buffer=145400, ret=12.86, success=0.00]
Training episodes:  29%|██▉       | 727/2500 [07:02<17:40,  1.67it/s, buffer=145400, ret=12.86, success=0.00]
Training episodes:  29%|██▉       | 727/2500 [07:02<17:40,  1.67it/s, buffer=145600, ret=45.73, success=0.00]
Training episodes:  29%|██▉       | 728/2500 [07:02<17:52,  1.65it/s, buffer=145600, ret=45.73, success=0.00]
Training episodes:  29%|██▉       | 728/2500 [07:03<17:52,  1.65it/s, buffer=145800, ret=16.78, success=0.00]
Training episodes:  29%|██▉       | 729/2500 [07:03<17:43,  1.66it/s, buffer=145800, ret=16.78, success=0.00]
Training episodes:  29%|██▉       | 729/2500 [07:04<17:43,  1.66it/s, buffer=146000, ret=11.18, success=0.00]
Training episodes:  29%|██▉       | 730/2500 [07:04<17:37,  1.67it/s, buffer=146000, ret=11.18, success=0.00]
Training episodes:  29%|██▉       | 730/2500 [07:04<17:37,  1.67it/s, buffer=146200, ret=15.49, success=0.00]
Training episodes:  29%|██▉       | 731/2500 [07:04<17:30,  1.68it/s, buffer=146200, ret=15.49, success=0.00]
Training episodes:  29%|██▉       | 731/2500 [07:05<17:30,  1.68it/s, buffer=146400, ret=14.99, success=0.00]
Training episodes:  29%|██▉       | 732/2500 [07:05<17:27,  1.69it/s, buffer=146400, ret=14.99, success=0.00]
Training episodes:  29%|██▉       | 732/2500 [07:05<17:27,  1.69it/s, buffer=146600, ret=13.42, success=0.00]
Training episodes:  29%|██▉       | 733/2500 [07:05<17:14,  1.71it/s, buffer=146600, ret=13.42, success=0.00]
Training episodes:  29%|██▉       | 733/2500 [07:06<17:14,  1.71it/s, buffer=146800, ret=12.32, success=0.00]
Training episodes:  29%|██▉       | 734/2500 [07:06<17:08,  1.72it/s, buffer=146800, ret=12.32, success=0.00]
Training episodes:  29%|██▉       | 734/2500 [07:06<17:08,  1.72it/s, buffer=147000, ret=15.89, success=0.00]
Training episodes:  29%|██▉       | 735/2500 [07:06<17:07,  1.72it/s, buffer=147000, ret=15.89, success=0.00]
Training episodes:  29%|██▉       | 735/2500 [07:07<17:07,  1.72it/s, buffer=147200, ret=11.78, success=0.00]
Training episodes:  29%|██▉       | 736/2500 [07:07<17:07,  1.72it/s, buffer=147200, ret=11.78, success=0.00]
Training episodes:  29%|██▉       | 736/2500 [07:08<17:07,  1.72it/s, buffer=147400, ret=13.98, success=0.00]
Training episodes:  29%|██▉       | 737/2500 [07:08<17:09,  1.71it/s, buffer=147400, ret=13.98, success=0.00]
Training episodes:  29%|██▉       | 737/2500 [07:08<17:09,  1.71it/s, buffer=147600, ret=18.66, success=0.00]
Training episodes:  30%|██▉       | 738/2500 [07:08<17:13,  1.71it/s, buffer=147600, ret=18.66, success=0.00]
Training episodes:  30%|██▉       | 738/2500 [07:09<17:13,  1.71it/s, buffer=147800, ret=10.53, success=0.00]
Training episodes:  30%|██▉       | 739/2500 [07:09<17:09,  1.71it/s, buffer=147800, ret=10.53, success=0.00]
Training episodes:  30%|██▉       | 739/2500 [07:09<17:09,  1.71it/s, buffer=148000, ret=14.38, success=0.00]
Training episodes:  30%|██▉       | 740/2500 [07:09<17:11,  1.71it/s, buffer=148000, ret=14.38, success=0.00]
Training episodes:  30%|██▉       | 740/2500 [07:10<17:11,  1.71it/s, buffer=148200, ret=12.42, success=0.00]
Training episodes:  30%|██▉       | 741/2500 [07:10<17:02,  1.72it/s, buffer=148200, ret=12.42, success=0.00]
Training episodes:  30%|██▉       | 741/2500 [07:11<17:02,  1.72it/s, buffer=148400, ret=10.76, success=0.00]
Training episodes:  30%|██▉       | 742/2500 [07:11<16:58,  1.73it/s, buffer=148400, ret=10.76, success=0.00]
Training episodes:  30%|██▉       | 742/2500 [07:11<16:58,  1.73it/s, buffer=148600, ret=15.34, success=0.00]
Training episodes:  30%|██▉       | 743/2500 [07:11<17:02,  1.72it/s, buffer=148600, ret=15.34, success=0.00]
Training episodes:  30%|██▉       | 743/2500 [07:12<17:02,  1.72it/s, buffer=148800, ret=13.75, success=0.00]
Training episodes:  30%|██▉       | 744/2500 [07:12<17:01,  1.72it/s, buffer=148800, ret=13.75, success=0.00]
Training episodes:  30%|██▉       | 744/2500 [07:12<17:01,  1.72it/s, buffer=149000, ret=14.43, success=0.00]
Training episodes:  30%|██▉       | 745/2500 [07:12<17:09,  1.70it/s, buffer=149000, ret=14.43, success=0.00]
Training episodes:  30%|██▉       | 745/2500 [07:13<17:09,  1.70it/s, buffer=149200, ret=15.59, success=0.00]
Training episodes:  30%|██▉       | 746/2500 [07:13<17:14,  1.70it/s, buffer=149200, ret=15.59, success=0.00]
Training episodes:  30%|██▉       | 746/2500 [07:14<17:14,  1.70it/s, buffer=149400, ret=13.19, success=0.00]
Training episodes:  30%|██▉       | 747/2500 [07:14<17:21,  1.68it/s, buffer=149400, ret=13.19, success=0.00]
Training episodes:  30%|██▉       | 747/2500 [07:14<17:21,  1.68it/s, buffer=149600, ret=13.68, success=0.00]
Training episodes:  30%|██▉       | 748/2500 [07:14<17:18,  1.69it/s, buffer=149600, ret=13.68, success=0.00]
Training episodes:  30%|██▉       | 748/2500 [07:15<17:18,  1.69it/s, buffer=149800, ret=11.90, success=0.00]
Training episodes:  30%|██▉       | 749/2500 [07:15<17:16,  1.69it/s, buffer=149800, ret=11.90, success=0.00]
Training episodes:  30%|██▉       | 749/2500 [07:15<17:16,  1.69it/s, buffer=150000, ret=11.70, success=0.00]wandb: WARNING `fps` argument does not affect the frame rate of the video when providing a file path or raw bytes.

Training episodes:  30%|███       | 750/2500 [07:16<22:29,  1.30it/s, buffer=150000, ret=11.70, success=0.00]
Training episodes:  30%|███       | 750/2500 [07:16<22:29,  1.30it/s, buffer=150200, ret=20.06, success=0.00]
Training episodes:  30%|███       | 751/2500 [07:16<20:57,  1.39it/s, buffer=150200, ret=20.06, success=0.00]
Training episodes:  30%|███       | 751/2500 [07:17<20:57,  1.39it/s, buffer=150400, ret=15.45, success=0.00]
Training episodes:  30%|███       | 752/2500 [07:17<19:48,  1.47it/s, buffer=150400, ret=15.45, success=0.00]
Training episodes:  30%|███       | 752/2500 [07:18<19:48,  1.47it/s, buffer=150600, ret=14.05, success=0.00]
Training episodes:  30%|███       | 753/2500 [07:18<19:07,  1.52it/s, buffer=150600, ret=14.05, success=0.00]
Training episodes:  30%|███       | 753/2500 [07:18<19:07,  1.52it/s, buffer=150800, ret=12.03, success=0.00]
Training episodes:  30%|███       | 754/2500 [07:18<18:22,  1.58it/s, buffer=150800, ret=12.03, success=0.00]
Training episodes:  30%|███       | 754/2500 [07:19<18:22,  1.58it/s, buffer=151000, ret=13.92, success=0.00]
Training episodes:  30%|███       | 755/2500 [07:19<18:01,  1.61it/s, buffer=151000, ret=13.92, success=0.00]
Training episodes:  30%|███       | 755/2500 [07:19<18:01,  1.61it/s, buffer=151200, ret=11.20, success=0.00]
Training episodes:  30%|███       | 756/2500 [07:19<17:48,  1.63it/s, buffer=151200, ret=11.20, success=0.00]
Training episodes:  30%|███       | 756/2500 [07:20<17:48,  1.63it/s, buffer=151400, ret=15.50, success=0.00]
Training episodes:  30%|███       | 757/2500 [07:20<17:29,  1.66it/s, buffer=151400, ret=15.50, success=0.00]
Training episodes:  30%|███       | 757/2500 [07:21<17:29,  1.66it/s, buffer=151600, ret=10.80, success=0.00]
Training episodes:  30%|███       | 758/2500 [07:21<17:14,  1.68it/s, buffer=151600, ret=10.80, success=0.00]
Training episodes:  30%|███       | 758/2500 [07:21<17:14,  1.68it/s, buffer=151800, ret=12.52, success=0.00]
Training episodes:  30%|███       | 759/2500 [07:21<17:20,  1.67it/s, buffer=151800, ret=12.52, success=0.00]
Training episodes:  30%|███       | 759/2500 [07:22<17:20,  1.67it/s, buffer=152000, ret=19.33, success=0.00]
Training episodes:  30%|███       | 760/2500 [07:22<17:19,  1.67it/s, buffer=152000, ret=19.33, success=0.00]
Training episodes:  30%|███       | 760/2500 [07:22<17:19,  1.67it/s, buffer=152200, ret=15.65, success=0.00]
Training episodes:  30%|███       | 761/2500 [07:22<17:21,  1.67it/s, buffer=152200, ret=15.65, success=0.00]
Training episodes:  30%|███       | 761/2500 [07:23<17:21,  1.67it/s, buffer=152400, ret=12.08, success=0.00]
Training episodes:  30%|███       | 762/2500 [07:23<17:11,  1.68it/s, buffer=152400, ret=12.08, success=0.00]
Training episodes:  30%|███       | 762/2500 [07:24<17:11,  1.68it/s, buffer=152600, ret=16.92, success=0.00]
Training episodes:  31%|███       | 763/2500 [07:24<17:04,  1.70it/s, buffer=152600, ret=16.92, success=0.00]
Training episodes:  31%|███       | 763/2500 [07:24<17:04,  1.70it/s, buffer=152800, ret=11.49, success=0.00]
Training episodes:  31%|███       | 764/2500 [07:24<17:07,  1.69it/s, buffer=152800, ret=11.49, success=0.00]
Training episodes:  31%|███       | 764/2500 [07:25<17:07,  1.69it/s, buffer=153000, ret=12.24, success=0.00]
Training episodes:  31%|███       | 765/2500 [07:25<16:56,  1.71it/s, buffer=153000, ret=12.24, success=0.00]
Training episodes:  31%|███       | 765/2500 [07:25<16:56,  1.71it/s, buffer=153200, ret=41.22, success=0.00]
Training episodes:  31%|███       | 766/2500 [07:25<17:04,  1.69it/s, buffer=153200, ret=41.22, success=0.00]
Training episodes:  31%|███       | 766/2500 [07:26<17:04,  1.69it/s, buffer=153400, ret=11.04, success=0.00]
Training episodes:  31%|███       | 767/2500 [07:26<16:57,  1.70it/s, buffer=153400, ret=11.04, success=0.00]
Training episodes:  31%|███       | 767/2500 [07:26<16:57,  1.70it/s, buffer=153600, ret=12.97, success=0.00]
Training episodes:  31%|███       | 768/2500 [07:27<17:00,  1.70it/s, buffer=153600, ret=12.97, success=0.00]
Training episodes:  31%|███       | 768/2500 [07:27<17:00,  1.70it/s, buffer=153800, ret=20.98, success=0.00]
Training episodes:  31%|███       | 769/2500 [07:27<17:08,  1.68it/s, buffer=153800, ret=20.98, success=0.00]
Training episodes:  31%|███       | 769/2500 [07:28<17:08,  1.68it/s, buffer=154000, ret=10.41, success=0.00]
Training episodes:  31%|███       | 770/2500 [07:28<16:59,  1.70it/s, buffer=154000, ret=10.41, success=0.00]
Training episodes:  31%|███       | 770/2500 [07:28<16:59,  1.70it/s, buffer=154200, ret=22.56, success=0.00]
Training episodes:  31%|███       | 771/2500 [07:28<17:09,  1.68it/s, buffer=154200, ret=22.56, success=0.00]
Training episodes:  31%|███       | 771/2500 [07:29<17:09,  1.68it/s, buffer=154400, ret=12.23, success=0.00]
Training episodes:  31%|███       | 772/2500 [07:29<17:05,  1.68it/s, buffer=154400, ret=12.23, success=0.00]
Training episodes:  31%|███       | 772/2500 [07:29<17:05,  1.68it/s, buffer=154600, ret=23.91, success=0.00]
Training episodes:  31%|███       | 773/2500 [07:29<16:58,  1.70it/s, buffer=154600, ret=23.91, success=0.00]
Training episodes:  31%|███       | 773/2500 [07:30<16:58,  1.70it/s, buffer=154800, ret=25.73, success=0.00]
Training episodes:  31%|███       | 774/2500 [07:30<17:02,  1.69it/s, buffer=154800, ret=25.73, success=0.00]
Training episodes:  31%|███       | 774/2500 [07:31<17:02,  1.69it/s, buffer=155000, ret=15.86, success=0.00]
Training episodes:  31%|███       | 775/2500 [07:31<16:57,  1.70it/s, buffer=155000, ret=15.86, success=0.00]
Training episodes:  31%|███       | 775/2500 [07:31<16:57,  1.70it/s, buffer=155200, ret=12.14, success=0.00]
Training episodes:  31%|███       | 776/2500 [07:31<16:52,  1.70it/s, buffer=155200, ret=12.14, success=0.00]
Training episodes:  31%|███       | 776/2500 [07:32<16:52,  1.70it/s, buffer=155400, ret=27.54, success=0.00]
Training episodes:  31%|███       | 777/2500 [07:32<16:53,  1.70it/s, buffer=155400, ret=27.54, success=0.00]
Training episodes:  31%|███       | 777/2500 [07:32<16:53,  1.70it/s, buffer=155600, ret=14.15, success=0.00]
Training episodes:  31%|███       | 778/2500 [07:32<16:58,  1.69it/s, buffer=155600, ret=14.15, success=0.00]
Training episodes:  31%|███       | 778/2500 [07:33<16:58,  1.69it/s, buffer=155800, ret=24.87, success=0.00]
Training episodes:  31%|███       | 779/2500 [07:33<16:50,  1.70it/s, buffer=155800, ret=24.87, success=0.00]
Training episodes:  31%|███       | 779/2500 [07:34<16:50,  1.70it/s, buffer=156000, ret=35.41, success=0.00]
Training episodes:  31%|███       | 780/2500 [07:34<16:45,  1.71it/s, buffer=156000, ret=35.41, success=0.00]
Training episodes:  31%|███       | 780/2500 [07:34<16:45,  1.71it/s, buffer=156200, ret=24.36, success=0.00]
Training episodes:  31%|███       | 781/2500 [07:34<16:51,  1.70it/s, buffer=156200, ret=24.36, success=0.00]
Training episodes:  31%|███       | 781/2500 [07:35<16:51,  1.70it/s, buffer=156400, ret=19.05, success=0.00]
Training episodes:  31%|███▏      | 782/2500 [07:35<17:01,  1.68it/s, buffer=156400, ret=19.05, success=0.00]
Training episodes:  31%|███▏      | 782/2500 [07:35<17:01,  1.68it/s, buffer=156600, ret=10.54, success=0.00]
Training episodes:  31%|███▏      | 783/2500 [07:35<16:56,  1.69it/s, buffer=156600, ret=10.54, success=0.00]
Training episodes:  31%|███▏      | 783/2500 [07:36<16:56,  1.69it/s, buffer=156800, ret=13.02, success=0.00]
Training episodes:  31%|███▏      | 784/2500 [07:36<16:47,  1.70it/s, buffer=156800, ret=13.02, success=0.00]
Training episodes:  31%|███▏      | 784/2500 [07:37<16:47,  1.70it/s, buffer=157000, ret=12.37, success=0.00]
Training episodes:  31%|███▏      | 785/2500 [07:37<16:38,  1.72it/s, buffer=157000, ret=12.37, success=0.00]
Training episodes:  31%|███▏      | 785/2500 [07:37<16:38,  1.72it/s, buffer=157200, ret=13.18, success=0.00]
Training episodes:  31%|███▏      | 786/2500 [07:37<16:48,  1.70it/s, buffer=157200, ret=13.18, success=0.00]
Training episodes:  31%|███▏      | 786/2500 [07:38<16:48,  1.70it/s, buffer=157400, ret=16.55, success=0.00]
Training episodes:  31%|███▏      | 787/2500 [07:38<16:51,  1.69it/s, buffer=157400, ret=16.55, success=0.00]
Training episodes:  31%|███▏      | 787/2500 [07:38<16:51,  1.69it/s, buffer=157600, ret=11.61, success=0.00]
Training episodes:  32%|███▏      | 788/2500 [07:38<16:44,  1.70it/s, buffer=157600, ret=11.61, success=0.00]
Training episodes:  32%|███▏      | 788/2500 [07:39<16:44,  1.70it/s, buffer=157800, ret=28.24, success=0.00]
Training episodes:  32%|███▏      | 789/2500 [07:39<16:46,  1.70it/s, buffer=157800, ret=28.24, success=0.00]
Training episodes:  32%|███▏      | 789/2500 [07:39<16:46,  1.70it/s, buffer=158000, ret=13.71, success=0.00]
Training episodes:  32%|███▏      | 790/2500 [07:39<16:45,  1.70it/s, buffer=158000, ret=13.71, success=0.00]
Training episodes:  32%|███▏      | 790/2500 [07:40<16:45,  1.70it/s, buffer=158200, ret=22.77, success=0.00]
Training episodes:  32%|███▏      | 791/2500 [07:40<16:43,  1.70it/s, buffer=158200, ret=22.77, success=0.00]
Training episodes:  32%|███▏      | 791/2500 [07:41<16:43,  1.70it/s, buffer=158400, ret=16.78, success=0.00]
Training episodes:  32%|███▏      | 792/2500 [07:41<16:53,  1.68it/s, buffer=158400, ret=16.78, success=0.00]
Training episodes:  32%|███▏      | 792/2500 [07:41<16:53,  1.68it/s, buffer=158600, ret=28.35, success=0.00]
Training episodes:  32%|███▏      | 793/2500 [07:41<16:46,  1.70it/s, buffer=158600, ret=28.35, success=0.00]
Training episodes:  32%|███▏      | 793/2500 [07:42<16:46,  1.70it/s, buffer=158800, ret=12.74, success=0.00]
Training episodes:  32%|███▏      | 794/2500 [07:42<16:41,  1.70it/s, buffer=158800, ret=12.74, success=0.00]
Training episodes:  32%|███▏      | 794/2500 [07:42<16:41,  1.70it/s, buffer=159000, ret=19.83, success=0.00]
Training episodes:  32%|███▏      | 795/2500 [07:42<16:52,  1.68it/s, buffer=159000, ret=19.83, success=0.00]
Training episodes:  32%|███▏      | 795/2500 [07:43<16:52,  1.68it/s, buffer=159200, ret=12.72, success=0.00]
Training episodes:  32%|███▏      | 796/2500 [07:43<16:47,  1.69it/s, buffer=159200, ret=12.72, success=0.00]
Training episodes:  32%|███▏      | 796/2500 [07:44<16:47,  1.69it/s, buffer=159400, ret=12.86, success=0.00]
Training episodes:  32%|███▏      | 797/2500 [07:44<16:40,  1.70it/s, buffer=159400, ret=12.86, success=0.00]
Training episodes:  32%|███▏      | 797/2500 [07:44<16:40,  1.70it/s, buffer=159600, ret=15.49, success=0.00]
Training episodes:  32%|███▏      | 798/2500 [07:44<16:33,  1.71it/s, buffer=159600, ret=15.49, success=0.00]
Training episodes:  32%|███▏      | 798/2500 [07:45<16:33,  1.71it/s, buffer=159800, ret=10.25, success=0.00]
Training episodes:  32%|███▏      | 799/2500 [07:45<16:30,  1.72it/s, buffer=159800, ret=10.25, success=0.00]
Training episodes:  32%|███▏      | 799/2500 [07:45<16:30,  1.72it/s, buffer=160000, ret=14.02, success=0.00]wandb: WARNING `fps` argument does not affect the frame rate of the video when providing a file path or raw bytes.

Training episodes:  32%|███▏      | 800/2500 [07:46<21:35,  1.31it/s, buffer=160000, ret=14.02, success=0.00]
Training episodes:  32%|███▏      | 800/2500 [07:47<21:35,  1.31it/s, buffer=160200, ret=13.62, success=0.00]
Training episodes:  32%|███▏      | 801/2500 [07:47<20:05,  1.41it/s, buffer=160200, ret=13.62, success=0.00]
Training episodes:  32%|███▏      | 801/2500 [07:47<20:05,  1.41it/s, buffer=160400, ret=11.95, success=0.00]
Training episodes:  32%|███▏      | 802/2500 [07:47<19:05,  1.48it/s, buffer=160400, ret=11.95, success=0.00]
Training episodes:  32%|███▏      | 802/2500 [07:48<19:05,  1.48it/s, buffer=160600, ret=13.57, success=0.00]
Training episodes:  32%|███▏      | 803/2500 [07:48<18:27,  1.53it/s, buffer=160600, ret=13.57, success=0.00]
Training episodes:  32%|███▏      | 803/2500 [07:48<18:27,  1.53it/s, buffer=160800, ret=11.68, success=0.00]
Training episodes:  32%|███▏      | 804/2500 [07:48<17:44,  1.59it/s, buffer=160800, ret=11.68, success=0.00]
Training episodes:  32%|███▏      | 804/2500 [07:49<17:44,  1.59it/s, buffer=161000, ret=17.61, success=0.00]
Training episodes:  32%|███▏      | 805/2500 [07:49<17:30,  1.61it/s, buffer=161000, ret=17.61, success=0.00]
Training episodes:  32%|███▏      | 805/2500 [07:49<17:30,  1.61it/s, buffer=161200, ret=21.20, success=0.00]
Training episodes:  32%|███▏      | 806/2500 [07:49<17:09,  1.65it/s, buffer=161200, ret=21.20, success=0.00]
Training episodes:  32%|███▏      | 806/2500 [07:50<17:09,  1.65it/s, buffer=161400, ret=19.85, success=0.00]
Training episodes:  32%|███▏      | 807/2500 [07:50<17:02,  1.66it/s, buffer=161400, ret=19.85, success=0.00]
Training episodes:  32%|███▏      | 807/2500 [07:51<17:02,  1.66it/s, buffer=161600, ret=11.71, success=0.00]
Training episodes:  32%|███▏      | 808/2500 [07:51<16:45,  1.68it/s, buffer=161600, ret=11.71, success=0.00]
Training episodes:  32%|███▏      | 808/2500 [07:51<16:45,  1.68it/s, buffer=161800, ret=13.31, success=0.00]
Training episodes:  32%|███▏      | 809/2500 [07:51<16:36,  1.70it/s, buffer=161800, ret=13.31, success=0.00]
Training episodes:  32%|███▏      | 809/2500 [07:52<16:36,  1.70it/s, buffer=162000, ret=16.52, success=0.00]
Training episodes:  32%|███▏      | 810/2500 [07:52<16:30,  1.71it/s, buffer=162000, ret=16.52, success=0.00]
Training episodes:  32%|███▏      | 810/2500 [07:52<16:30,  1.71it/s, buffer=162200, ret=12.87, success=0.00]
Training episodes:  32%|███▏      | 811/2500 [07:52<16:34,  1.70it/s, buffer=162200, ret=12.87, success=0.00]
Training episodes:  32%|███▏      | 811/2500 [07:53<16:34,  1.70it/s, buffer=162400, ret=11.89, success=0.00]
Training episodes:  32%|███▏      | 812/2500 [07:53<16:25,  1.71it/s, buffer=162400, ret=11.89, success=0.00]
Training episodes:  32%|███▏      | 812/2500 [07:54<16:25,  1.71it/s, buffer=162600, ret=14.33, success=0.00]
Training episodes:  33%|███▎      | 813/2500 [07:54<16:31,  1.70it/s, buffer=162600, ret=14.33, success=0.00]
Training episodes:  33%|███▎      | 813/2500 [07:54<16:31,  1.70it/s, buffer=162800, ret=24.68, success=0.00]
Training episodes:  33%|███▎      | 814/2500 [07:54<16:31,  1.70it/s, buffer=162800, ret=24.68, success=0.00]
Training episodes:  33%|███▎      | 814/2500 [07:55<16:31,  1.70it/s, buffer=163000, ret=19.08, success=0.00]
Training episodes:  33%|███▎      | 815/2500 [07:55<16:25,  1.71it/s, buffer=163000, ret=19.08, success=0.00]
Training episodes:  33%|███▎      | 815/2500 [07:55<16:25,  1.71it/s, buffer=163200, ret=10.84, success=0.00]
Training episodes:  33%|███▎      | 816/2500 [07:55<16:21,  1.71it/s, buffer=163200, ret=10.84, success=0.00]
Training episodes:  33%|███▎      | 816/2500 [07:56<16:21,  1.71it/s, buffer=163400, ret=12.15, success=0.00]
Training episodes:  33%|███▎      | 817/2500 [07:56<16:28,  1.70it/s, buffer=163400, ret=12.15, success=0.00]
Training episodes:  33%|███▎      | 817/2500 [07:56<16:28,  1.70it/s, buffer=163600, ret=14.26, success=0.00]
Training episodes:  33%|███▎      | 818/2500 [07:56<16:33,  1.69it/s, buffer=163600, ret=14.26, success=0.00]
Training episodes:  33%|███▎      | 818/2500 [07:57<16:33,  1.69it/s, buffer=163800, ret=27.93, success=0.00]
Training episodes:  33%|███▎      | 819/2500 [07:57<16:33,  1.69it/s, buffer=163800, ret=27.93, success=0.00]
Training episodes:  33%|███▎      | 819/2500 [07:58<16:33,  1.69it/s, buffer=164000, ret=31.95, success=0.00]
Training episodes:  33%|███▎      | 820/2500 [07:58<16:34,  1.69it/s, buffer=164000, ret=31.95, success=0.00]
Training episodes:  33%|███▎      | 820/2500 [07:58<16:34,  1.69it/s, buffer=164200, ret=20.44, success=0.00]
Training episodes:  33%|███▎      | 821/2500 [07:58<16:36,  1.69it/s, buffer=164200, ret=20.44, success=0.00]
Training episodes:  33%|███▎      | 821/2500 [07:59<16:36,  1.69it/s, buffer=164400, ret=14.16, success=0.00]
Training episodes:  33%|███▎      | 822/2500 [07:59<16:31,  1.69it/s, buffer=164400, ret=14.16, success=0.00]
Training episodes:  33%|███▎      | 822/2500 [07:59<16:31,  1.69it/s, buffer=164600, ret=10.82, success=0.00]
Training episodes:  33%|███▎      | 823/2500 [07:59<16:24,  1.70it/s, buffer=164600, ret=10.82, success=0.00]
Training episodes:  33%|███▎      | 823/2500 [08:00<16:24,  1.70it/s, buffer=164800, ret=18.23, success=0.00]
Training episodes:  33%|███▎      | 824/2500 [08:00<16:25,  1.70it/s, buffer=164800, ret=18.23, success=0.00]
Training episodes:  33%|███▎      | 824/2500 [08:01<16:25,  1.70it/s, buffer=165000, ret=11.41, success=0.00]
Training episodes:  33%|███▎      | 825/2500 [08:01<16:24,  1.70it/s, buffer=165000, ret=11.41, success=0.00]
Training episodes:  33%|███▎      | 825/2500 [08:01<16:24,  1.70it/s, buffer=165200, ret=12.81, success=0.00]
Training episodes:  33%|███▎      | 826/2500 [08:01<16:17,  1.71it/s, buffer=165200, ret=12.81, success=0.00]
Training episodes:  33%|███▎      | 826/2500 [08:02<16:17,  1.71it/s, buffer=165400, ret=9.76, success=0.00] 
Training episodes:  33%|███▎      | 827/2500 [08:02<16:13,  1.72it/s, buffer=165400, ret=9.76, success=0.00]
Training episodes:  33%|███▎      | 827/2500 [08:02<16:13,  1.72it/s, buffer=165600, ret=14.06, success=0.00]
Training episodes:  33%|███▎      | 828/2500 [08:02<16:11,  1.72it/s, buffer=165600, ret=14.06, success=0.00]
Training episodes:  33%|███▎      | 828/2500 [08:03<16:11,  1.72it/s, buffer=165800, ret=33.78, success=0.00]
Training episodes:  33%|███▎      | 829/2500 [08:03<16:29,  1.69it/s, buffer=165800, ret=33.78, success=0.00]
Training episodes:  33%|███▎      | 829/2500 [08:04<16:29,  1.69it/s, buffer=166000, ret=12.20, success=0.00]
Training episodes:  33%|███▎      | 830/2500 [08:04<16:24,  1.70it/s, buffer=166000, ret=12.20, success=0.00]
Training episodes:  33%|███▎      | 830/2500 [08:04<16:24,  1.70it/s, buffer=166200, ret=13.81, success=0.00]
Training episodes:  33%|███▎      | 831/2500 [08:04<16:25,  1.69it/s, buffer=166200, ret=13.81, success=0.00]
Training episodes:  33%|███▎      | 831/2500 [08:05<16:25,  1.69it/s, buffer=166400, ret=15.75, success=0.00]
Training episodes:  33%|███▎      | 832/2500 [08:05<16:20,  1.70it/s, buffer=166400, ret=15.75, success=0.00]
Training episodes:  33%|███▎      | 832/2500 [08:05<16:20,  1.70it/s, buffer=166600, ret=15.67, success=0.00]
Training episodes:  33%|███▎      | 833/2500 [08:05<16:21,  1.70it/s, buffer=166600, ret=15.67, success=0.00]
Training episodes:  33%|███▎      | 833/2500 [08:06<16:21,  1.70it/s, buffer=166800, ret=14.84, success=0.00]
Training episodes:  33%|███▎      | 834/2500 [08:06<16:21,  1.70it/s, buffer=166800, ret=14.84, success=0.00]
Training episodes:  33%|███▎      | 834/2500 [08:06<16:21,  1.70it/s, buffer=167000, ret=22.57, success=0.00]
Training episodes:  33%|███▎      | 835/2500 [08:06<16:22,  1.69it/s, buffer=167000, ret=22.57, success=0.00]
Training episodes:  33%|███▎      | 835/2500 [08:07<16:22,  1.69it/s, buffer=167200, ret=24.77, success=0.00]
Training episodes:  33%|███▎      | 836/2500 [08:07<16:22,  1.69it/s, buffer=167200, ret=24.77, success=0.00]
Training episodes:  33%|███▎      | 836/2500 [08:08<16:22,  1.69it/s, buffer=167400, ret=22.13, success=0.00]
Training episodes:  33%|███▎      | 837/2500 [08:08<16:22,  1.69it/s, buffer=167400, ret=22.13, success=0.00]
Training episodes:  33%|███▎      | 837/2500 [08:08<16:22,  1.69it/s, buffer=167600, ret=12.79, success=0.00]
Training episodes:  34%|███▎      | 838/2500 [08:08<16:15,  1.70it/s, buffer=167600, ret=12.79, success=0.00]
Training episodes:  34%|███▎      | 838/2500 [08:09<16:15,  1.70it/s, buffer=167800, ret=12.31, success=0.00]
Training episodes:  34%|███▎      | 839/2500 [08:09<16:18,  1.70it/s, buffer=167800, ret=12.31, success=0.00]
Training episodes:  34%|███▎      | 839/2500 [08:09<16:18,  1.70it/s, buffer=168000, ret=11.70, success=0.00]
Training episodes:  34%|███▎      | 840/2500 [08:09<16:13,  1.71it/s, buffer=168000, ret=11.70, success=0.00]
Training episodes:  34%|███▎      | 840/2500 [08:10<16:13,  1.71it/s, buffer=168200, ret=12.76, success=0.00]
Training episodes:  34%|███▎      | 841/2500 [08:10<16:07,  1.71it/s, buffer=168200, ret=12.76, success=0.00]
Training episodes:  34%|███▎      | 841/2500 [08:11<16:07,  1.71it/s, buffer=168400, ret=31.92, success=0.00]
Training episodes:  34%|███▎      | 842/2500 [08:11<16:14,  1.70it/s, buffer=168400, ret=31.92, success=0.00]
Training episodes:  34%|███▎      | 842/2500 [08:11<16:14,  1.70it/s, buffer=168600, ret=15.08, success=0.00]
Training episodes:  34%|███▎      | 843/2500 [08:11<16:17,  1.70it/s, buffer=168600, ret=15.08, success=0.00]
Training episodes:  34%|███▎      | 843/2500 [08:12<16:17,  1.70it/s, buffer=168800, ret=18.18, success=0.00]
Training episodes:  34%|███▍      | 844/2500 [08:12<16:21,  1.69it/s, buffer=168800, ret=18.18, success=0.00]
Training episodes:  34%|███▍      | 844/2500 [08:12<16:21,  1.69it/s, buffer=169000, ret=14.97, success=0.00]
Training episodes:  34%|███▍      | 845/2500 [08:12<16:17,  1.69it/s, buffer=169000, ret=14.97, success=0.00]
Training episodes:  34%|███▍      | 845/2500 [08:13<16:17,  1.69it/s, buffer=169200, ret=16.05, success=0.00]
Training episodes:  34%|███▍      | 846/2500 [08:13<16:16,  1.69it/s, buffer=169200, ret=16.05, success=0.00]
Training episodes:  34%|███▍      | 846/2500 [08:14<16:16,  1.69it/s, buffer=169400, ret=20.57, success=0.00]
Training episodes:  34%|███▍      | 847/2500 [08:14<16:13,  1.70it/s, buffer=169400, ret=20.57, success=0.00]
Training episodes:  34%|███▍      | 847/2500 [08:14<16:13,  1.70it/s, buffer=169600, ret=9.61, success=0.00] 
Training episodes:  34%|███▍      | 848/2500 [08:14<16:04,  1.71it/s, buffer=169600, ret=9.61, success=0.00]
Training episodes:  34%|███▍      | 848/2500 [08:15<16:04,  1.71it/s, buffer=169800, ret=14.12, success=0.00]
Training episodes:  34%|███▍      | 849/2500 [08:15<16:04,  1.71it/s, buffer=169800, ret=14.12, success=0.00]
Training episodes:  34%|███▍      | 849/2500 [08:15<16:04,  1.71it/s, buffer=170000, ret=13.12, success=0.00]wandb: WARNING `fps` argument does not affect the frame rate of the video when providing a file path or raw bytes.

Training episodes:  34%|███▍      | 850/2500 [08:16<21:13,  1.30it/s, buffer=170000, ret=13.12, success=0.00]
Training episodes:  34%|███▍      | 850/2500 [08:17<21:13,  1.30it/s, buffer=170200, ret=15.87, success=0.00]
Training episodes:  34%|███▍      | 851/2500 [08:17<19:39,  1.40it/s, buffer=170200, ret=15.87, success=0.00]
Training episodes:  34%|███▍      | 851/2500 [08:17<19:39,  1.40it/s, buffer=170400, ret=11.62, success=0.00]
Training episodes:  34%|███▍      | 852/2500 [08:17<18:32,  1.48it/s, buffer=170400, ret=11.62, success=0.00]
Training episodes:  34%|███▍      | 852/2500 [08:18<18:32,  1.48it/s, buffer=170600, ret=12.31, success=0.00]
Training episodes:  34%|███▍      | 853/2500 [08:18<17:45,  1.55it/s, buffer=170600, ret=12.31, success=0.00]
Training episodes:  34%|███▍      | 853/2500 [08:18<17:45,  1.55it/s, buffer=170800, ret=13.08, success=0.00]
Training episodes:  34%|███▍      | 854/2500 [08:18<17:24,  1.58it/s, buffer=170800, ret=13.08, success=0.00]
Training episodes:  34%|███▍      | 854/2500 [08:19<17:24,  1.58it/s, buffer=171000, ret=14.23, success=0.00]
Training episodes:  34%|███▍      | 855/2500 [08:19<17:06,  1.60it/s, buffer=171000, ret=14.23, success=0.00]
Training episodes:  34%|███▍      | 855/2500 [08:19<17:06,  1.60it/s, buffer=171200, ret=10.90, success=0.00]
Training episodes:  34%|███▍      | 856/2500 [08:19<16:39,  1.64it/s, buffer=171200, ret=10.90, success=0.00]
Training episodes:  34%|███▍      | 856/2500 [08:20<16:39,  1.64it/s, buffer=171400, ret=13.70, success=0.00]
Training episodes:  34%|███▍      | 857/2500 [08:20<16:23,  1.67it/s, buffer=171400, ret=13.70, success=0.00]
Training episodes:  34%|███▍      | 857/2500 [08:21<16:23,  1.67it/s, buffer=171600, ret=16.66, success=0.00]
Training episodes:  34%|███▍      | 858/2500 [08:21<16:25,  1.67it/s, buffer=171600, ret=16.66, success=0.00]
Training episodes:  34%|███▍      | 858/2500 [08:21<16:25,  1.67it/s, buffer=171800, ret=22.55, success=0.00]
Training episodes:  34%|███▍      | 859/2500 [08:21<16:21,  1.67it/s, buffer=171800, ret=22.55, success=0.00]
Training episodes:  34%|███▍      | 859/2500 [08:22<16:21,  1.67it/s, buffer=172000, ret=15.52, success=0.00]
Training episodes:  34%|███▍      | 860/2500 [08:22<16:09,  1.69it/s, buffer=172000, ret=15.52, success=0.00]
Training episodes:  34%|███▍      | 860/2500 [08:22<16:09,  1.69it/s, buffer=172200, ret=10.85, success=0.00]
Training episodes:  34%|███▍      | 861/2500 [08:22<16:03,  1.70it/s, buffer=172200, ret=10.85, success=0.00]
Training episodes:  34%|███▍      | 861/2500 [08:23<16:03,  1.70it/s, buffer=172400, ret=19.00, success=0.00]
Training episodes:  34%|███▍      | 862/2500 [08:23<16:05,  1.70it/s, buffer=172400, ret=19.00, success=0.00]
Training episodes:  34%|███▍      | 862/2500 [08:24<16:05,  1.70it/s, buffer=172600, ret=10.48, success=0.00]
Training episodes:  35%|███▍      | 863/2500 [08:24<16:03,  1.70it/s, buffer=172600, ret=10.48, success=0.00]
Training episodes:  35%|███▍      | 863/2500 [08:24<16:03,  1.70it/s, buffer=172800, ret=15.23, success=0.00]
Training episodes:  35%|███▍      | 864/2500 [08:24<16:06,  1.69it/s, buffer=172800, ret=15.23, success=0.00]
Training episodes:  35%|███▍      | 864/2500 [08:25<16:06,  1.69it/s, buffer=173000, ret=14.06, success=0.00]
Training episodes:  35%|███▍      | 865/2500 [08:25<16:00,  1.70it/s, buffer=173000, ret=14.06, success=0.00]
Training episodes:  35%|███▍      | 865/2500 [08:25<16:00,  1.70it/s, buffer=173200, ret=13.71, success=0.00]
Training episodes:  35%|███▍      | 866/2500 [08:25<15:52,  1.72it/s, buffer=173200, ret=13.71, success=0.00]
Training episodes:  35%|███▍      | 866/2500 [08:26<15:52,  1.72it/s, buffer=173400, ret=14.21, success=0.00]
Training episodes:  35%|███▍      | 867/2500 [08:26<15:53,  1.71it/s, buffer=173400, ret=14.21, success=0.00]
Training episodes:  35%|███▍      | 867/2500 [08:26<15:53,  1.71it/s, buffer=173600, ret=12.94, success=0.00]
Training episodes:  35%|███▍      | 868/2500 [08:26<15:52,  1.71it/s, buffer=173600, ret=12.94, success=0.00]
Training episodes:  35%|███▍      | 868/2500 [08:27<15:52,  1.71it/s, buffer=173800, ret=15.93, success=0.00]
Training episodes:  35%|███▍      | 869/2500 [08:27<15:58,  1.70it/s, buffer=173800, ret=15.93, success=0.00]
Training episodes:  35%|███▍      | 869/2500 [08:28<15:58,  1.70it/s, buffer=174000, ret=14.78, success=0.00]
Training episodes:  35%|███▍      | 870/2500 [08:28<15:58,  1.70it/s, buffer=174000, ret=14.78, success=0.00]
Training episodes:  35%|███▍      | 870/2500 [08:28<15:58,  1.70it/s, buffer=174200, ret=18.27, success=0.00]
Training episodes:  35%|███▍      | 871/2500 [08:28<15:57,  1.70it/s, buffer=174200, ret=18.27, success=0.00]
Training episodes:  35%|███▍      | 871/2500 [08:29<15:57,  1.70it/s, buffer=174400, ret=19.42, success=0.00]
Training episodes:  35%|███▍      | 872/2500 [08:29<15:51,  1.71it/s, buffer=174400, ret=19.42, success=0.00]
Training episodes:  35%|███▍      | 872/2500 [08:29<15:51,  1.71it/s, buffer=174600, ret=12.91, success=0.00]
Training episodes:  35%|███▍      | 873/2500 [08:29<15:59,  1.69it/s, buffer=174600, ret=12.91, success=0.00]
Training episodes:  35%|███▍      | 873/2500 [08:30<15:59,  1.69it/s, buffer=174800, ret=12.29, success=0.00]
Training episodes:  35%|███▍      | 874/2500 [08:30<15:51,  1.71it/s, buffer=174800, ret=12.29, success=0.00]
Training episodes:  35%|███▍      | 874/2500 [08:31<15:51,  1.71it/s, buffer=175000, ret=14.97, success=0.00]
Training episodes:  35%|███▌      | 875/2500 [08:31<16:10,  1.67it/s, buffer=175000, ret=14.97, success=0.00]
Training episodes:  35%|███▌      | 875/2500 [08:31<16:10,  1.67it/s, buffer=175200, ret=12.06, success=0.00]
Training episodes:  35%|███▌      | 876/2500 [08:31<16:08,  1.68it/s, buffer=175200, ret=12.06, success=0.00]
Training episodes:  35%|███▌      | 876/2500 [08:32<16:08,  1.68it/s, buffer=175400, ret=10.76, success=0.00]
Training episodes:  35%|███▌      | 877/2500 [08:32<16:12,  1.67it/s, buffer=175400, ret=10.76, success=0.00]
Training episodes:  35%|███▌      | 877/2500 [08:32<16:12,  1.67it/s, buffer=175600, ret=12.96, success=0.00]
Training episodes:  35%|███▌      | 878/2500 [08:32<16:10,  1.67it/s, buffer=175600, ret=12.96, success=0.00]
Training episodes:  35%|███▌      | 878/2500 [08:33<16:10,  1.67it/s, buffer=175800, ret=10.32, success=0.00]
Training episodes:  35%|███▌      | 879/2500 [08:33<16:08,  1.67it/s, buffer=175800, ret=10.32, success=0.00]
Training episodes:  35%|███▌      | 879/2500 [08:34<16:08,  1.67it/s, buffer=176000, ret=14.48, success=0.00]
Training episodes:  35%|███▌      | 880/2500 [08:34<16:15,  1.66it/s, buffer=176000, ret=14.48, success=0.00]
Training episodes:  35%|███▌      | 880/2500 [08:34<16:15,  1.66it/s, buffer=176200, ret=14.08, success=0.00]
Training episodes:  35%|███▌      | 881/2500 [08:34<16:08,  1.67it/s, buffer=176200, ret=14.08, success=0.00]
Training episodes:  35%|███▌      | 881/2500 [08:35<16:08,  1.67it/s, buffer=176400, ret=13.38, success=0.00]
Training episodes:  35%|███▌      | 882/2500 [08:35<16:15,  1.66it/s, buffer=176400, ret=13.38, success=0.00]
Training episodes:  35%|███▌      | 882/2500 [08:35<16:15,  1.66it/s, buffer=176600, ret=10.33, success=0.00]
Training episodes:  35%|███▌      | 883/2500 [08:35<16:09,  1.67it/s, buffer=176600, ret=10.33, success=0.00]
Training episodes:  35%|███▌      | 883/2500 [08:36<16:09,  1.67it/s, buffer=176800, ret=17.85, success=0.00]
Training episodes:  35%|███▌      | 884/2500 [08:36<16:06,  1.67it/s, buffer=176800, ret=17.85, success=0.00]
Training episodes:  35%|███▌      | 884/2500 [08:37<16:06,  1.67it/s, buffer=177000, ret=22.67, success=0.00]
Training episodes:  35%|███▌      | 885/2500 [08:37<16:08,  1.67it/s, buffer=177000, ret=22.67, success=0.00]
Training episodes:  35%|███▌      | 885/2500 [08:37<16:08,  1.67it/s, buffer=177200, ret=12.51, success=0.00]
Training episodes:  35%|███▌      | 886/2500 [08:37<16:05,  1.67it/s, buffer=177200, ret=12.51, success=0.00]
Training episodes:  35%|███▌      | 886/2500 [08:38<16:05,  1.67it/s, buffer=177400, ret=18.25, success=0.00]
Training episodes:  35%|███▌      | 887/2500 [08:38<16:01,  1.68it/s, buffer=177400, ret=18.25, success=0.00]
Training episodes:  35%|███▌      | 887/2500 [08:38<16:01,  1.68it/s, buffer=177600, ret=13.90, success=0.00]
Training episodes:  36%|███▌      | 888/2500 [08:38<15:58,  1.68it/s, buffer=177600, ret=13.90, success=0.00]
Training episodes:  36%|███▌      | 888/2500 [08:39<15:58,  1.68it/s, buffer=177800, ret=13.41, success=0.00]
Training episodes:  36%|███▌      | 889/2500 [08:39<15:51,  1.69it/s, buffer=177800, ret=13.41, success=0.00]
Training episodes:  36%|███▌      | 889/2500 [08:40<15:51,  1.69it/s, buffer=178000, ret=13.62, success=0.00]
Training episodes:  36%|███▌      | 890/2500 [08:40<15:51,  1.69it/s, buffer=178000, ret=13.62, success=0.00]
Training episodes:  36%|███▌      | 890/2500 [08:40<15:51,  1.69it/s, buffer=178200, ret=12.96, success=0.00]
Training episodes:  36%|███▌      | 891/2500 [08:40<15:45,  1.70it/s, buffer=178200, ret=12.96, success=0.00]
Training episodes:  36%|███▌      | 891/2500 [08:41<15:45,  1.70it/s, buffer=178400, ret=22.80, success=0.00]
Training episodes:  36%|███▌      | 892/2500 [08:41<15:53,  1.69it/s, buffer=178400, ret=22.80, success=0.00]
Training episodes:  36%|███▌      | 892/2500 [08:41<15:53,  1.69it/s, buffer=178600, ret=14.47, success=0.00]
Training episodes:  36%|███▌      | 893/2500 [08:41<15:51,  1.69it/s, buffer=178600, ret=14.47, success=0.00]
Training episodes:  36%|███▌      | 893/2500 [08:42<15:51,  1.69it/s, buffer=178800, ret=15.52, success=0.00]
Training episodes:  36%|███▌      | 894/2500 [08:42<15:55,  1.68it/s, buffer=178800, ret=15.52, success=0.00]
Training episodes:  36%|███▌      | 894/2500 [08:43<15:55,  1.68it/s, buffer=179000, ret=23.27, success=0.00]
Training episodes:  36%|███▌      | 895/2500 [08:43<16:03,  1.67it/s, buffer=179000, ret=23.27, success=0.00]
Training episodes:  36%|███▌      | 895/2500 [08:43<16:03,  1.67it/s, buffer=179200, ret=13.34, success=0.00]
Training episodes:  36%|███▌      | 896/2500 [08:43<15:50,  1.69it/s, buffer=179200, ret=13.34, success=0.00]
Training episodes:  36%|███▌      | 896/2500 [08:44<15:50,  1.69it/s, buffer=179400, ret=26.76, success=0.00]
Training episodes:  36%|███▌      | 897/2500 [08:44<15:53,  1.68it/s, buffer=179400, ret=26.76, success=0.00]
Training episodes:  36%|███▌      | 897/2500 [08:44<15:53,  1.68it/s, buffer=179600, ret=9.58, success=0.00] 
Training episodes:  36%|███▌      | 898/2500 [08:44<15:51,  1.68it/s, buffer=179600, ret=9.58, success=0.00]
Training episodes:  36%|███▌      | 898/2500 [08:45<15:51,  1.68it/s, buffer=179800, ret=12.79, success=0.00]
Training episodes:  36%|███▌      | 899/2500 [08:45<15:46,  1.69it/s, buffer=179800, ret=12.79, success=0.00]
Training episodes:  36%|███▌      | 899/2500 [08:46<15:46,  1.69it/s, buffer=180000, ret=25.91, success=0.00]wandb: WARNING `fps` argument does not affect the frame rate of the video when providing a file path or raw bytes.

Training episodes:  36%|███▌      | 900/2500 [08:46<20:44,  1.29it/s, buffer=180000, ret=25.91, success=0.00]
Training episodes:  36%|███▌      | 900/2500 [08:47<20:44,  1.29it/s, buffer=180200, ret=19.99, success=0.00]
Training episodes:  36%|███▌      | 901/2500 [08:47<19:18,  1.38it/s, buffer=180200, ret=19.99, success=0.00]
Training episodes:  36%|███▌      | 901/2500 [08:47<19:18,  1.38it/s, buffer=180400, ret=23.67, success=0.00]
Training episodes:  36%|███▌      | 902/2500 [08:47<18:17,  1.46it/s, buffer=180400, ret=23.67, success=0.00]
Training episodes:  36%|███▌      | 902/2500 [08:48<18:17,  1.46it/s, buffer=180600, ret=14.49, success=0.00]
Training episodes:  36%|███▌      | 903/2500 [08:48<17:37,  1.51it/s, buffer=180600, ret=14.49, success=0.00]
Training episodes:  36%|███▌      | 903/2500 [08:49<17:37,  1.51it/s, buffer=180800, ret=10.30, success=0.00]
Training episodes:  36%|███▌      | 904/2500 [08:49<16:55,  1.57it/s, buffer=180800, ret=10.30, success=0.00]
Training episodes:  36%|███▌      | 904/2500 [08:49<16:55,  1.57it/s, buffer=181000, ret=12.83, success=0.00]
Training episodes:  36%|███▌      | 905/2500 [08:49<16:43,  1.59it/s, buffer=181000, ret=12.83, success=0.00]
Training episodes:  36%|███▌      | 905/2500 [08:50<16:43,  1.59it/s, buffer=181200, ret=12.26, success=0.00]
Training episodes:  36%|███▌      | 906/2500 [08:50<16:28,  1.61it/s, buffer=181200, ret=12.26, success=0.00]
Training episodes:  36%|███▌      | 906/2500 [08:50<16:28,  1.61it/s, buffer=181400, ret=9.94, success=0.00] 
Training episodes:  36%|███▋      | 907/2500 [08:50<16:06,  1.65it/s, buffer=181400, ret=9.94, success=0.00]
Training episodes:  36%|███▋      | 907/2500 [08:51<16:06,  1.65it/s, buffer=181600, ret=14.16, success=0.00]
Training episodes:  36%|███▋      | 908/2500 [08:51<15:56,  1.66it/s, buffer=181600, ret=14.16, success=0.00]
Training episodes:  36%|███▋      | 908/2500 [08:51<15:56,  1.66it/s, buffer=181800, ret=11.60, success=0.00]
Training episodes:  36%|███▋      | 909/2500 [08:51<15:44,  1.68it/s, buffer=181800, ret=11.60, success=0.00]
Training episodes:  36%|███▋      | 909/2500 [08:52<15:44,  1.68it/s, buffer=182000, ret=21.79, success=0.00]
Training episodes:  36%|███▋      | 910/2500 [08:52<15:55,  1.66it/s, buffer=182000, ret=21.79, success=0.00]
Training episodes:  36%|███▋      | 910/2500 [08:53<15:55,  1.66it/s, buffer=182200, ret=35.08, success=0.00]
Training episodes:  36%|███▋      | 911/2500 [08:53<15:55,  1.66it/s, buffer=182200, ret=35.08, success=0.00]
Training episodes:  36%|███▋      | 911/2500 [08:53<15:55,  1.66it/s, buffer=182400, ret=29.69, success=0.00]
Training episodes:  36%|███▋      | 912/2500 [08:53<15:51,  1.67it/s, buffer=182400, ret=29.69, success=0.00]
Training episodes:  36%|███▋      | 912/2500 [08:54<15:51,  1.67it/s, buffer=182600, ret=26.48, success=0.00]
Training episodes:  37%|███▋      | 913/2500 [08:54<15:52,  1.67it/s, buffer=182600, ret=26.48, success=0.00]
Training episodes:  37%|███▋      | 913/2500 [08:54<15:52,  1.67it/s, buffer=182800, ret=17.83, success=0.00]
Training episodes:  37%|███▋      | 914/2500 [08:54<15:47,  1.67it/s, buffer=182800, ret=17.83, success=0.00]
Training episodes:  37%|███▋      | 914/2500 [08:55<15:47,  1.67it/s, buffer=183000, ret=15.11, success=0.00]
Training episodes:  37%|███▋      | 915/2500 [08:55<15:40,  1.68it/s, buffer=183000, ret=15.11, success=0.00]
Training episodes:  37%|███▋      | 915/2500 [08:56<15:40,  1.68it/s, buffer=183200, ret=14.95, success=0.00]
Training episodes:  37%|███▋      | 916/2500 [08:56<15:38,  1.69it/s, buffer=183200, ret=14.95, success=0.00]
Training episodes:  37%|███▋      | 916/2500 [08:56<15:38,  1.69it/s, buffer=183400, ret=13.77, success=0.00]
Training episodes:  37%|███▋      | 917/2500 [08:56<15:40,  1.68it/s, buffer=183400, ret=13.77, success=0.00]
Training episodes:  37%|███▋      | 917/2500 [08:57<15:40,  1.68it/s, buffer=183600, ret=13.19, success=0.00]
Training episodes:  37%|███▋      | 918/2500 [08:57<15:42,  1.68it/s, buffer=183600, ret=13.19, success=0.00]
Training episodes:  37%|███▋      | 918/2500 [08:57<15:42,  1.68it/s, buffer=183800, ret=18.00, success=0.00]
Training episodes:  37%|███▋      | 919/2500 [08:57<15:35,  1.69it/s, buffer=183800, ret=18.00, success=0.00]
Training episodes:  37%|███▋      | 919/2500 [08:58<15:35,  1.69it/s, buffer=184000, ret=13.50, success=0.00]
Training episodes:  37%|███▋      | 920/2500 [08:58<15:45,  1.67it/s, buffer=184000, ret=13.50, success=0.00]
Training episodes:  37%|███▋      | 920/2500 [08:59<15:45,  1.67it/s, buffer=184200, ret=12.61, success=0.00]
Training episodes:  37%|███▋      | 921/2500 [08:59<15:44,  1.67it/s, buffer=184200, ret=12.61, success=0.00]
Training episodes:  37%|███▋      | 921/2500 [08:59<15:44,  1.67it/s, buffer=184400, ret=12.69, success=0.00]
Training episodes:  37%|███▋      | 922/2500 [08:59<15:40,  1.68it/s, buffer=184400, ret=12.69, success=0.00]
Training episodes:  37%|███▋      | 922/2500 [09:00<15:40,  1.68it/s, buffer=184600, ret=23.54, success=0.00]
Training episodes:  37%|███▋      | 923/2500 [09:00<15:54,  1.65it/s, buffer=184600, ret=23.54, success=0.00]
Training episodes:  37%|███▋      | 923/2500 [09:00<15:54,  1.65it/s, buffer=184800, ret=18.94, success=0.00]
Training episodes:  37%|███▋      | 924/2500 [09:00<15:42,  1.67it/s, buffer=184800, ret=18.94, success=0.00]
Training episodes:  37%|███▋      | 924/2500 [09:01<15:42,  1.67it/s, buffer=185000, ret=11.54, success=0.00]
Training episodes:  37%|███▋      | 925/2500 [09:01<15:43,  1.67it/s, buffer=185000, ret=11.54, success=0.00]
Training episodes:  37%|███▋      | 925/2500 [09:02<15:43,  1.67it/s, buffer=185200, ret=11.93, success=0.00]
Training episodes:  37%|███▋      | 926/2500 [09:02<15:40,  1.67it/s, buffer=185200, ret=11.93, success=0.00]
Training episodes:  37%|███▋      | 926/2500 [09:02<15:40,  1.67it/s, buffer=185400, ret=13.50, success=0.00]
Training episodes:  37%|███▋      | 927/2500 [09:02<15:37,  1.68it/s, buffer=185400, ret=13.50, success=0.00]
Training episodes:  37%|███▋      | 927/2500 [09:03<15:37,  1.68it/s, buffer=185600, ret=13.67, success=0.00]
Training episodes:  37%|███▋      | 928/2500 [09:03<15:33,  1.68it/s, buffer=185600, ret=13.67, success=0.00]
Training episodes:  37%|███▋      | 928/2500 [09:03<15:33,  1.68it/s, buffer=185800, ret=12.71, success=0.00]
Training episodes:  37%|███▋      | 929/2500 [09:03<15:24,  1.70it/s, buffer=185800, ret=12.71, success=0.00]
Training episodes:  37%|███▋      | 929/2500 [09:04<15:24,  1.70it/s, buffer=186000, ret=22.41, success=0.00]
Training episodes:  37%|███▋      | 930/2500 [09:04<15:24,  1.70it/s, buffer=186000, ret=22.41, success=0.00]
Training episodes:  37%|███▋      | 930/2500 [09:05<15:24,  1.70it/s, buffer=186200, ret=13.75, success=0.00]
Training episodes:  37%|███▋      | 931/2500 [09:05<15:20,  1.71it/s, buffer=186200, ret=13.75, success=0.00]
Training episodes:  37%|███▋      | 931/2500 [09:05<15:20,  1.71it/s, buffer=186400, ret=12.64, success=0.00]
Training episodes:  37%|███▋      | 932/2500 [09:05<15:18,  1.71it/s, buffer=186400, ret=12.64, success=0.00]
Training episodes:  37%|███▋      | 932/2500 [09:06<15:18,  1.71it/s, buffer=186600, ret=11.30, success=0.00]
Training episodes:  37%|███▋      | 933/2500 [09:06<15:16,  1.71it/s, buffer=186600, ret=11.30, success=0.00]
Training episodes:  37%|███▋      | 933/2500 [09:06<15:16,  1.71it/s, buffer=186800, ret=36.04, success=0.00]
Training episodes:  37%|███▋      | 934/2500 [09:06<15:36,  1.67it/s, buffer=186800, ret=36.04, success=0.00]
Training episodes:  37%|███▋      | 934/2500 [09:07<15:36,  1.67it/s, buffer=187000, ret=14.24, success=0.00]
Training episodes:  37%|███▋      | 935/2500 [09:07<15:40,  1.66it/s, buffer=187000, ret=14.24, success=0.00]
Training episodes:  37%|███▋      | 935/2500 [09:08<15:40,  1.66it/s, buffer=187200, ret=11.57, success=0.00]
Training episodes:  37%|███▋      | 936/2500 [09:08<15:29,  1.68it/s, buffer=187200, ret=11.57, success=0.00]
Training episodes:  37%|███▋      | 936/2500 [09:08<15:29,  1.68it/s, buffer=187400, ret=15.60, success=0.00]
Training episodes:  37%|███▋      | 937/2500 [09:08<15:31,  1.68it/s, buffer=187400, ret=15.60, success=0.00]
Training episodes:  37%|███▋      | 937/2500 [09:09<15:31,  1.68it/s, buffer=187600, ret=22.70, success=0.00]
Training episodes:  38%|███▊      | 938/2500 [09:09<15:42,  1.66it/s, buffer=187600, ret=22.70, success=0.00]
Training episodes:  38%|███▊      | 938/2500 [09:09<15:42,  1.66it/s, buffer=187800, ret=18.55, success=0.00]
Training episodes:  38%|███▊      | 939/2500 [09:09<15:39,  1.66it/s, buffer=187800, ret=18.55, success=0.00]
Training episodes:  38%|███▊      | 939/2500 [09:10<15:39,  1.66it/s, buffer=188000, ret=22.60, success=0.00]
Training episodes:  38%|███▊      | 940/2500 [09:10<15:38,  1.66it/s, buffer=188000, ret=22.60, success=0.00]
Training episodes:  38%|███▊      | 940/2500 [09:11<15:38,  1.66it/s, buffer=188200, ret=23.18, success=0.00]
Training episodes:  38%|███▊      | 941/2500 [09:11<15:31,  1.67it/s, buffer=188200, ret=23.18, success=0.00]
Training episodes:  38%|███▊      | 941/2500 [09:11<15:31,  1.67it/s, buffer=188400, ret=13.79, success=0.00]
Training episodes:  38%|███▊      | 942/2500 [09:11<15:29,  1.68it/s, buffer=188400, ret=13.79, success=0.00]
Training episodes:  38%|███▊      | 942/2500 [09:12<15:29,  1.68it/s, buffer=188600, ret=13.11, success=0.00]
Training episodes:  38%|███▊      | 943/2500 [09:12<15:19,  1.69it/s, buffer=188600, ret=13.11, success=0.00]
Training episodes:  38%|███▊      | 943/2500 [09:12<15:19,  1.69it/s, buffer=188800, ret=9.62, success=0.00] 
Training episodes:  38%|███▊      | 944/2500 [09:12<15:10,  1.71it/s, buffer=188800, ret=9.62, success=0.00]
Training episodes:  38%|███▊      | 944/2500 [09:13<15:10,  1.71it/s, buffer=189000, ret=18.18, success=0.00]
Training episodes:  38%|███▊      | 945/2500 [09:13<15:16,  1.70it/s, buffer=189000, ret=18.18, success=0.00]
Training episodes:  38%|███▊      | 945/2500 [09:13<15:16,  1.70it/s, buffer=189200, ret=15.34, success=0.00]
Training episodes:  38%|███▊      | 946/2500 [09:13<15:13,  1.70it/s, buffer=189200, ret=15.34, success=0.00]
Training episodes:  38%|███▊      | 946/2500 [09:14<15:13,  1.70it/s, buffer=189400, ret=16.92, success=0.00]
Training episodes:  38%|███▊      | 947/2500 [09:14<15:10,  1.71it/s, buffer=189400, ret=16.92, success=0.00]
Training episodes:  38%|███▊      | 947/2500 [09:15<15:10,  1.71it/s, buffer=189600, ret=11.35, success=0.00]
Training episodes:  38%|███▊      | 948/2500 [09:15<15:08,  1.71it/s, buffer=189600, ret=11.35, success=0.00]
Training episodes:  38%|███▊      | 948/2500 [09:15<15:08,  1.71it/s, buffer=189800, ret=15.24, success=0.00]
Training episodes:  38%|███▊      | 949/2500 [09:15<15:14,  1.70it/s, buffer=189800, ret=15.24, success=0.00]
Training episodes:  38%|███▊      | 949/2500 [09:16<15:14,  1.70it/s, buffer=190000, ret=13.47, success=0.00]wandb: WARNING `fps` argument does not affect the frame rate of the video when providing a file path or raw bytes.

Training episodes:  38%|███▊      | 950/2500 [09:16<19:47,  1.31it/s, buffer=190000, ret=13.47, success=0.00]
Training episodes:  38%|███▊      | 950/2500 [09:17<19:47,  1.31it/s, buffer=190200, ret=12.34, success=0.00]
Training episodes:  38%|███▊      | 951/2500 [09:17<18:23,  1.40it/s, buffer=190200, ret=12.34, success=0.00]
Training episodes:  38%|███▊      | 951/2500 [09:18<18:23,  1.40it/s, buffer=190400, ret=17.32, success=0.00]
Training episodes:  38%|███▊      | 952/2500 [09:18<17:30,  1.47it/s, buffer=190400, ret=17.32, success=0.00]
Training episodes:  38%|███▊      | 952/2500 [09:18<17:30,  1.47it/s, buffer=190600, ret=10.86, success=0.00]
Training episodes:  38%|███▊      | 953/2500 [09:18<16:44,  1.54it/s, buffer=190600, ret=10.86, success=0.00]
Training episodes:  38%|███▊      | 953/2500 [09:19<16:44,  1.54it/s, buffer=190800, ret=11.98, success=0.00]
Training episodes:  38%|███▊      | 954/2500 [09:19<16:23,  1.57it/s, buffer=190800, ret=11.98, success=0.00]
Training episodes:  38%|███▊      | 954/2500 [09:19<16:23,  1.57it/s, buffer=191000, ret=22.59, success=0.00]
Training episodes:  38%|███▊      | 955/2500 [09:19<16:04,  1.60it/s, buffer=191000, ret=22.59, success=0.00]
Training episodes:  38%|███▊      | 955/2500 [09:20<16:04,  1.60it/s, buffer=191200, ret=227.17, success=1.00]
Training episodes:  38%|███▊      | 956/2500 [09:20<15:57,  1.61it/s, buffer=191200, ret=227.17, success=1.00]
Training episodes:  38%|███▊      | 956/2500 [09:21<15:57,  1.61it/s, buffer=191400, ret=12.33, success=0.00] 
Training episodes:  38%|███▊      | 957/2500 [09:21<15:45,  1.63it/s, buffer=191400, ret=12.33, success=0.00]
Training episodes:  38%|███▊      | 957/2500 [09:21<15:45,  1.63it/s, buffer=191600, ret=13.73, success=0.00]
Training episodes:  38%|███▊      | 958/2500 [09:21<15:28,  1.66it/s, buffer=191600, ret=13.73, success=0.00]
Training episodes:  38%|███▊      | 958/2500 [09:22<15:28,  1.66it/s, buffer=191800, ret=24.51, success=0.00]
Training episodes:  38%|███▊      | 959/2500 [09:22<15:22,  1.67it/s, buffer=191800, ret=24.51, success=0.00]
Training episodes:  38%|███▊      | 959/2500 [09:22<15:22,  1.67it/s, buffer=192000, ret=14.51, success=0.00]
Training episodes:  38%|███▊      | 960/2500 [09:22<15:26,  1.66it/s, buffer=192000, ret=14.51, success=0.00]
Training episodes:  38%|███▊      | 960/2500 [09:23<15:26,  1.66it/s, buffer=192200, ret=13.64, success=0.00]
Training episodes:  38%|███▊      | 961/2500 [09:23<15:31,  1.65it/s, buffer=192200, ret=13.64, success=0.00]
Training episodes:  38%|███▊      | 961/2500 [09:24<15:31,  1.65it/s, buffer=192400, ret=36.72, success=0.00]
Training episodes:  38%|███▊      | 962/2500 [09:24<15:42,  1.63it/s, buffer=192400, ret=36.72, success=0.00]
Training episodes:  38%|███▊      | 962/2500 [09:24<15:42,  1.63it/s, buffer=192600, ret=27.73, success=0.00]
Training episodes:  39%|███▊      | 963/2500 [09:24<15:42,  1.63it/s, buffer=192600, ret=27.73, success=0.00]
Training episodes:  39%|███▊      | 963/2500 [09:25<15:42,  1.63it/s, buffer=192800, ret=13.42, success=0.00]
Training episodes:  39%|███▊      | 964/2500 [09:25<15:23,  1.66it/s, buffer=192800, ret=13.42, success=0.00]
Training episodes:  39%|███▊      | 964/2500 [09:25<15:23,  1.66it/s, buffer=193000, ret=29.16, success=0.00]
Training episodes:  39%|███▊      | 965/2500 [09:25<15:31,  1.65it/s, buffer=193000, ret=29.16, success=0.00]
Training episodes:  39%|███▊      | 965/2500 [09:26<15:31,  1.65it/s, buffer=193200, ret=24.28, success=0.00]
Training episodes:  39%|███▊      | 966/2500 [09:26<15:34,  1.64it/s, buffer=193200, ret=24.28, success=0.00]
Training episodes:  39%|███▊      | 966/2500 [09:27<15:34,  1.64it/s, buffer=193400, ret=23.94, success=0.00]
Training episodes:  39%|███▊      | 967/2500 [09:27<15:23,  1.66it/s, buffer=193400, ret=23.94, success=0.00]
Training episodes:  39%|███▊      | 967/2500 [09:27<15:23,  1.66it/s, buffer=193600, ret=11.06, success=0.00]
Training episodes:  39%|███▊      | 968/2500 [09:27<15:11,  1.68it/s, buffer=193600, ret=11.06, success=0.00]
Training episodes:  39%|███▊      | 968/2500 [09:28<15:11,  1.68it/s, buffer=193800, ret=26.02, success=0.00]
Training episodes:  39%|███▉      | 969/2500 [09:28<15:18,  1.67it/s, buffer=193800, ret=26.02, success=0.00]
Training episodes:  39%|███▉      | 969/2500 [09:28<15:18,  1.67it/s, buffer=194000, ret=16.90, success=0.00]
Training episodes:  39%|███▉      | 970/2500 [09:28<15:10,  1.68it/s, buffer=194000, ret=16.90, success=0.00]
Training episodes:  39%|███▉      | 970/2500 [09:29<15:10,  1.68it/s, buffer=194200, ret=10.50, success=0.00]
Training episodes:  39%|███▉      | 971/2500 [09:29<15:02,  1.69it/s, buffer=194200, ret=10.50, success=0.00]
Training episodes:  39%|███▉      | 971/2500 [09:30<15:02,  1.69it/s, buffer=194400, ret=10.48, success=0.00]
Training episodes:  39%|███▉      | 972/2500 [09:30<15:03,  1.69it/s, buffer=194400, ret=10.48, success=0.00]
Training episodes:  39%|███▉      | 972/2500 [09:30<15:03,  1.69it/s, buffer=194600, ret=13.08, success=0.00]
Training episodes:  39%|███▉      | 973/2500 [09:30<15:09,  1.68it/s, buffer=194600, ret=13.08, success=0.00]
Training episodes:  39%|███▉      | 973/2500 [09:31<15:09,  1.68it/s, buffer=194800, ret=18.96, success=0.00]
Training episodes:  39%|███▉      | 974/2500 [09:31<15:13,  1.67it/s, buffer=194800, ret=18.96, success=0.00]
Training episodes:  39%|███▉      | 974/2500 [09:31<15:13,  1.67it/s, buffer=195000, ret=14.02, success=0.00]
Training episodes:  39%|███▉      | 975/2500 [09:31<15:08,  1.68it/s, buffer=195000, ret=14.02, success=0.00]
Training episodes:  39%|███▉      | 975/2500 [09:32<15:08,  1.68it/s, buffer=195200, ret=13.66, success=0.00]
Training episodes:  39%|███▉      | 976/2500 [09:32<15:06,  1.68it/s, buffer=195200, ret=13.66, success=0.00]
Training episodes:  39%|███▉      | 976/2500 [09:33<15:06,  1.68it/s, buffer=195400, ret=32.61, success=0.00]
Training episodes:  39%|███▉      | 977/2500 [09:33<15:02,  1.69it/s, buffer=195400, ret=32.61, success=0.00]
Training episodes:  39%|███▉      | 977/2500 [09:33<15:02,  1.69it/s, buffer=195600, ret=14.13, success=0.00]
Training episodes:  39%|███▉      | 978/2500 [09:33<15:00,  1.69it/s, buffer=195600, ret=14.13, success=0.00]
Training episodes:  39%|███▉      | 978/2500 [09:34<15:00,  1.69it/s, buffer=195800, ret=12.25, success=0.00]
Training episodes:  39%|███▉      | 979/2500 [09:34<14:57,  1.69it/s, buffer=195800, ret=12.25, success=0.00]
Training episodes:  39%|███▉      | 979/2500 [09:34<14:57,  1.69it/s, buffer=196000, ret=12.00, success=0.00]
Training episodes:  39%|███▉      | 980/2500 [09:34<14:53,  1.70it/s, buffer=196000, ret=12.00, success=0.00]
Training episodes:  39%|███▉      | 980/2500 [09:35<14:53,  1.70it/s, buffer=196200, ret=11.63, success=0.00]
Training episodes:  39%|███▉      | 981/2500 [09:35<14:48,  1.71it/s, buffer=196200, ret=11.63, success=0.00]
Training episodes:  39%|███▉      | 981/2500 [09:35<14:48,  1.71it/s, buffer=196400, ret=23.63, success=0.00]
Training episodes:  39%|███▉      | 982/2500 [09:35<14:53,  1.70it/s, buffer=196400, ret=23.63, success=0.00]
Training episodes:  39%|███▉      | 982/2500 [09:36<14:53,  1.70it/s, buffer=196600, ret=13.84, success=0.00]
Training episodes:  39%|███▉      | 983/2500 [09:36<14:53,  1.70it/s, buffer=196600, ret=13.84, success=0.00]
Training episodes:  39%|███▉      | 983/2500 [09:37<14:53,  1.70it/s, buffer=196800, ret=19.15, success=0.00]
Training episodes:  39%|███▉      | 984/2500 [09:37<14:55,  1.69it/s, buffer=196800, ret=19.15, success=0.00]
Training episodes:  39%|███▉      | 984/2500 [09:37<14:55,  1.69it/s, buffer=197000, ret=11.63, success=0.00]
Training episodes:  39%|███▉      | 985/2500 [09:37<14:57,  1.69it/s, buffer=197000, ret=11.63, success=0.00]
Training episodes:  39%|███▉      | 985/2500 [09:38<14:57,  1.69it/s, buffer=197200, ret=15.85, success=0.00]
Training episodes:  39%|███▉      | 986/2500 [09:38<14:56,  1.69it/s, buffer=197200, ret=15.85, success=0.00]
Training episodes:  39%|███▉      | 986/2500 [09:38<14:56,  1.69it/s, buffer=197400, ret=10.23, success=0.00]
Training episodes:  39%|███▉      | 987/2500 [09:38<15:06,  1.67it/s, buffer=197400, ret=10.23, success=0.00]
Training episodes:  39%|███▉      | 987/2500 [09:39<15:06,  1.67it/s, buffer=197600, ret=18.01, success=0.00]
Training episodes:  40%|███▉      | 988/2500 [09:39<15:14,  1.65it/s, buffer=197600, ret=18.01, success=0.00]
Training episodes:  40%|███▉      | 988/2500 [09:40<15:14,  1.65it/s, buffer=197800, ret=13.51, success=0.00]
Training episodes:  40%|███▉      | 989/2500 [09:40<15:09,  1.66it/s, buffer=197800, ret=13.51, success=0.00]
Training episodes:  40%|███▉      | 989/2500 [09:40<15:09,  1.66it/s, buffer=198000, ret=18.34, success=0.00]
Training episodes:  40%|███▉      | 990/2500 [09:40<15:04,  1.67it/s, buffer=198000, ret=18.34, success=0.00]
Training episodes:  40%|███▉      | 990/2500 [09:41<15:04,  1.67it/s, buffer=198200, ret=22.56, success=0.00]
Training episodes:  40%|███▉      | 991/2500 [09:41<14:56,  1.68it/s, buffer=198200, ret=22.56, success=0.00]
Training episodes:  40%|███▉      | 991/2500 [09:41<14:56,  1.68it/s, buffer=198400, ret=13.75, success=0.00]
Training episodes:  40%|███▉      | 992/2500 [09:41<14:51,  1.69it/s, buffer=198400, ret=13.75, success=0.00]
Training episodes:  40%|███▉      | 992/2500 [09:42<14:51,  1.69it/s, buffer=198600, ret=22.29, success=0.00]
Training episodes:  40%|███▉      | 993/2500 [09:42<15:01,  1.67it/s, buffer=198600, ret=22.29, success=0.00]
Training episodes:  40%|███▉      | 993/2500 [09:43<15:01,  1.67it/s, buffer=198800, ret=11.03, success=0.00]
Training episodes:  40%|███▉      | 994/2500 [09:43<14:56,  1.68it/s, buffer=198800, ret=11.03, success=0.00]
Training episodes:  40%|███▉      | 994/2500 [09:43<14:56,  1.68it/s, buffer=199000, ret=16.80, success=0.00]
Training episodes:  40%|███▉      | 995/2500 [09:43<14:50,  1.69it/s, buffer=199000, ret=16.80, success=0.00]
Training episodes:  40%|███▉      | 995/2500 [09:44<14:50,  1.69it/s, buffer=199200, ret=15.76, success=0.00]
Training episodes:  40%|███▉      | 996/2500 [09:44<14:45,  1.70it/s, buffer=199200, ret=15.76, success=0.00]
Training episodes:  40%|███▉      | 996/2500 [09:44<14:45,  1.70it/s, buffer=199400, ret=13.35, success=0.00]
Training episodes:  40%|███▉      | 997/2500 [09:44<14:42,  1.70it/s, buffer=199400, ret=13.35, success=0.00]
Training episodes:  40%|███▉      | 997/2500 [09:45<14:42,  1.70it/s, buffer=2e+5, ret=22.39, success=0.00]  
Training episodes:  40%|███▉      | 998/2500 [09:45<14:40,  1.71it/s, buffer=2e+5, ret=22.39, success=0.00]
Training episodes:  40%|███▉      | 998/2500 [09:46<14:40,  1.71it/s, buffer=2e+5, ret=27.11, success=0.00]
Training episodes:  40%|███▉      | 999/2500 [09:46<14:46,  1.69it/s, buffer=2e+5, ret=27.11, success=0.00]
Training episodes:  40%|███▉      | 999/2500 [09:46<14:46,  1.69it/s, buffer=2e+5, ret=15.21, success=0.00]wandb: WARNING `fps` argument does not affect the frame rate of the video when providing a file path or raw bytes.

Training episodes:  40%|████      | 1000/2500 [09:47<19:05,  1.31it/s, buffer=2e+5, ret=15.21, success=0.00]
Training episodes:  40%|████      | 1000/2500 [09:47<19:05,  1.31it/s, buffer=2e+5, ret=16.42, success=0.00]
Training episodes:  40%|████      | 1001/2500 [09:47<18:03,  1.38it/s, buffer=2e+5, ret=16.42, success=0.00]
Training episodes:  40%|████      | 1001/2500 [09:48<18:03,  1.38it/s, buffer=2e+5, ret=17.82, success=0.00]
Training episodes:  40%|████      | 1002/2500 [09:48<17:18,  1.44it/s, buffer=2e+5, ret=17.82, success=0.00]
Training episodes:  40%|████      | 1002/2500 [09:49<17:18,  1.44it/s, buffer=200600, ret=12.18, success=0.00]
Training episodes:  40%|████      | 1003/2500 [09:49<16:40,  1.50it/s, buffer=200600, ret=12.18, success=0.00]
Training episodes:  40%|████      | 1003/2500 [09:49<16:40,  1.50it/s, buffer=200800, ret=16.88, success=0.00]
Training episodes:  40%|████      | 1004/2500 [09:49<16:13,  1.54it/s, buffer=200800, ret=16.88, success=0.00]
Training episodes:  40%|████      | 1004/2500 [09:50<16:13,  1.54it/s, buffer=201000, ret=10.25, success=0.00]
Training episodes:  40%|████      | 1005/2500 [09:50<15:49,  1.57it/s, buffer=201000, ret=10.25, success=0.00]
Training episodes:  40%|████      | 1005/2500 [09:50<15:49,  1.57it/s, buffer=201200, ret=13.75, success=0.00]
Training episodes:  40%|████      | 1006/2500 [09:50<15:31,  1.60it/s, buffer=201200, ret=13.75, success=0.00]
Training episodes:  40%|████      | 1006/2500 [09:51<15:31,  1.60it/s, buffer=201400, ret=19.59, success=0.00]
Training episodes:  40%|████      | 1007/2500 [09:51<15:11,  1.64it/s, buffer=201400, ret=19.59, success=0.00]
Training episodes:  40%|████      | 1007/2500 [09:52<15:11,  1.64it/s, buffer=201600, ret=13.43, success=0.00]
Training episodes:  40%|████      | 1008/2500 [09:52<15:00,  1.66it/s, buffer=201600, ret=13.43, success=0.00]
Training episodes:  40%|████      | 1008/2500 [09:52<15:00,  1.66it/s, buffer=201800, ret=15.46, success=0.00]
Training episodes:  40%|████      | 1009/2500 [09:52<15:00,  1.66it/s, buffer=201800, ret=15.46, success=0.00]
Training episodes:  40%|████      | 1009/2500 [09:53<15:00,  1.66it/s, buffer=202000, ret=13.69, success=0.00]
Training episodes:  40%|████      | 1010/2500 [09:53<14:58,  1.66it/s, buffer=202000, ret=13.69, success=0.00]
Training episodes:  40%|████      | 1010/2500 [09:53<14:58,  1.66it/s, buffer=202200, ret=15.17, success=0.00]
Training episodes:  40%|████      | 1011/2500 [09:53<14:46,  1.68it/s, buffer=202200, ret=15.17, success=0.00]
Training episodes:  40%|████      | 1011/2500 [09:54<14:46,  1.68it/s, buffer=202400, ret=12.45, success=0.00]
Training episodes:  40%|████      | 1012/2500 [09:54<14:38,  1.69it/s, buffer=202400, ret=12.45, success=0.00]
Training episodes:  40%|████      | 1012/2500 [09:55<14:38,  1.69it/s, buffer=202600, ret=11.59, success=0.00]
Training episodes:  41%|████      | 1013/2500 [09:55<14:42,  1.69it/s, buffer=202600, ret=11.59, success=0.00]
Training episodes:  41%|████      | 1013/2500 [09:55<14:42,  1.69it/s, buffer=202800, ret=13.54, success=0.00]
Training episodes:  41%|████      | 1014/2500 [09:55<14:35,  1.70it/s, buffer=202800, ret=13.54, success=0.00]
Training episodes:  41%|████      | 1014/2500 [09:56<14:35,  1.70it/s, buffer=203000, ret=14.56, success=0.00]
Training episodes:  41%|████      | 1015/2500 [09:56<14:34,  1.70it/s, buffer=203000, ret=14.56, success=0.00]
Training episodes:  41%|████      | 1015/2500 [09:56<14:34,  1.70it/s, buffer=203200, ret=14.93, success=0.00]
Training episodes:  41%|████      | 1016/2500 [09:56<14:42,  1.68it/s, buffer=203200, ret=14.93, success=0.00]
Training episodes:  41%|████      | 1016/2500 [09:57<14:42,  1.68it/s, buffer=203400, ret=12.22, success=0.00]
Training episodes:  41%|████      | 1017/2500 [09:57<14:52,  1.66it/s, buffer=203400, ret=12.22, success=0.00]
Training episodes:  41%|████      | 1017/2500 [09:58<14:52,  1.66it/s, buffer=203600, ret=12.41, success=0.00]
Training episodes:  41%|████      | 1018/2500 [09:58<14:54,  1.66it/s, buffer=203600, ret=12.41, success=0.00]
Training episodes:  41%|████      | 1018/2500 [09:58<14:54,  1.66it/s, buffer=203800, ret=34.07, success=0.00]
Training episodes:  41%|████      | 1019/2500 [09:58<15:14,  1.62it/s, buffer=203800, ret=34.07, success=0.00]
Training episodes:  41%|████      | 1019/2500 [09:59<15:14,  1.62it/s, buffer=204000, ret=13.40, success=0.00]
Training episodes:  41%|████      | 1020/2500 [09:59<15:03,  1.64it/s, buffer=204000, ret=13.40, success=0.00]
Training episodes:  41%|████      | 1020/2500 [09:59<15:03,  1.64it/s, buffer=204200, ret=13.45, success=0.00]
Training episodes:  41%|████      | 1021/2500 [09:59<14:54,  1.65it/s, buffer=204200, ret=13.45, success=0.00]
Training episodes:  41%|████      | 1021/2500 [10:00<14:54,  1.65it/s, buffer=204400, ret=15.29, success=0.00]
Training episodes:  41%|████      | 1022/2500 [10:00<14:45,  1.67it/s, buffer=204400, ret=15.29, success=0.00]
Training episodes:  41%|████      | 1022/2500 [10:01<14:45,  1.67it/s, buffer=204600, ret=12.06, success=0.00]
Training episodes:  41%|████      | 1023/2500 [10:01<14:43,  1.67it/s, buffer=204600, ret=12.06, success=0.00]
Training episodes:  41%|████      | 1023/2500 [10:01<14:43,  1.67it/s, buffer=204800, ret=12.21, success=0.00]
Training episodes:  41%|████      | 1024/2500 [10:01<14:53,  1.65it/s, buffer=204800, ret=12.21, success=0.00]
Training episodes:  41%|████      | 1024/2500 [10:02<14:53,  1.65it/s, buffer=205000, ret=12.84, success=0.00]
Training episodes:  41%|████      | 1025/2500 [10:02<14:51,  1.65it/s, buffer=205000, ret=12.84, success=0.00]
Training episodes:  41%|████      | 1025/2500 [10:02<14:51,  1.65it/s, buffer=205200, ret=11.45, success=0.00]
Training episodes:  41%|████      | 1026/2500 [10:02<15:02,  1.63it/s, buffer=205200, ret=11.45, success=0.00]
Training episodes:  41%|████      | 1026/2500 [10:03<15:02,  1.63it/s, buffer=205400, ret=11.71, success=0.00]
Training episodes:  41%|████      | 1027/2500 [10:03<14:56,  1.64it/s, buffer=205400, ret=11.71, success=0.00]
Training episodes:  41%|████      | 1027/2500 [10:04<14:56,  1.64it/s, buffer=205600, ret=21.26, success=0.00]
Training episodes:  41%|████      | 1028/2500 [10:04<14:56,  1.64it/s, buffer=205600, ret=21.26, success=0.00]
Training episodes:  41%|████      | 1028/2500 [10:04<14:56,  1.64it/s, buffer=205800, ret=18.46, success=0.00]
Training episodes:  41%|████      | 1029/2500 [10:04<14:59,  1.64it/s, buffer=205800, ret=18.46, success=0.00]
Training episodes:  41%|████      | 1029/2500 [10:05<14:59,  1.64it/s, buffer=206000, ret=14.13, success=0.00]
Training episodes:  41%|████      | 1030/2500 [10:05<14:55,  1.64it/s, buffer=206000, ret=14.13, success=0.00]
Training episodes:  41%|████      | 1030/2500 [10:05<14:55,  1.64it/s, buffer=206200, ret=12.51, success=0.00]
Training episodes:  41%|████      | 1031/2500 [10:05<14:58,  1.64it/s, buffer=206200, ret=12.51, success=0.00]
Training episodes:  41%|████      | 1031/2500 [10:06<14:58,  1.64it/s, buffer=206400, ret=19.21, success=0.00]
Training episodes:  41%|████▏     | 1032/2500 [10:06<15:01,  1.63it/s, buffer=206400, ret=19.21, success=0.00]
Training episodes:  41%|████▏     | 1032/2500 [10:07<15:01,  1.63it/s, buffer=206600, ret=19.02, success=0.00]
Training episodes:  41%|████▏     | 1033/2500 [10:07<15:05,  1.62it/s, buffer=206600, ret=19.02, success=0.00]
Training episodes:  41%|████▏     | 1033/2500 [10:07<15:05,  1.62it/s, buffer=206800, ret=14.02, success=0.00]
Training episodes:  41%|████▏     | 1034/2500 [10:07<15:07,  1.61it/s, buffer=206800, ret=14.02, success=0.00]
Training episodes:  41%|████▏     | 1034/2500 [10:08<15:07,  1.61it/s, buffer=207000, ret=22.31, success=0.00]
Training episodes:  41%|████▏     | 1035/2500 [10:08<15:15,  1.60it/s, buffer=207000, ret=22.31, success=0.00]
Training episodes:  41%|████▏     | 1035/2500 [10:09<15:15,  1.60it/s, buffer=207200, ret=11.38, success=0.00]
Training episodes:  41%|████▏     | 1036/2500 [10:09<15:10,  1.61it/s, buffer=207200, ret=11.38, success=0.00]
Training episodes:  41%|████▏     | 1036/2500 [10:09<15:10,  1.61it/s, buffer=207400, ret=11.47, success=0.00]
Training episodes:  41%|████▏     | 1037/2500 [10:09<15:00,  1.62it/s, buffer=207400, ret=11.47, success=0.00]
Training episodes:  41%|████▏     | 1037/2500 [10:10<15:00,  1.62it/s, buffer=207600, ret=15.39, success=0.00]
Training episodes:  42%|████▏     | 1038/2500 [10:10<15:00,  1.62it/s, buffer=207600, ret=15.39, success=0.00]
Training episodes:  42%|████▏     | 1038/2500 [10:10<15:00,  1.62it/s, buffer=207800, ret=12.19, success=0.00]
Training episodes:  42%|████▏     | 1039/2500 [10:10<14:51,  1.64it/s, buffer=207800, ret=12.19, success=0.00]
Training episodes:  42%|████▏     | 1039/2500 [10:11<14:51,  1.64it/s, buffer=208000, ret=18.41, success=0.00]
Training episodes:  42%|████▏     | 1040/2500 [10:11<14:52,  1.64it/s, buffer=208000, ret=18.41, success=0.00]
Training episodes:  42%|████▏     | 1040/2500 [10:12<14:52,  1.64it/s, buffer=208200, ret=11.14, success=0.00]
Training episodes:  42%|████▏     | 1041/2500 [10:12<14:53,  1.63it/s, buffer=208200, ret=11.14, success=0.00]
Training episodes:  42%|████▏     | 1041/2500 [10:12<14:53,  1.63it/s, buffer=208400, ret=13.03, success=0.00]
Training episodes:  42%|████▏     | 1042/2500 [10:12<14:56,  1.63it/s, buffer=208400, ret=13.03, success=0.00]
Training episodes:  42%|████▏     | 1042/2500 [10:13<14:56,  1.63it/s, buffer=208600, ret=10.78, success=0.00]
Training episodes:  42%|████▏     | 1043/2500 [10:13<14:56,  1.63it/s, buffer=208600, ret=10.78, success=0.00]
Training episodes:  42%|████▏     | 1043/2500 [10:13<14:56,  1.63it/s, buffer=208800, ret=14.74, success=0.00]
Training episodes:  42%|████▏     | 1044/2500 [10:13<14:51,  1.63it/s, buffer=208800, ret=14.74, success=0.00]
Training episodes:  42%|████▏     | 1044/2500 [10:14<14:51,  1.63it/s, buffer=209000, ret=12.02, success=0.00]
Training episodes:  42%|████▏     | 1045/2500 [10:14<14:52,  1.63it/s, buffer=209000, ret=12.02, success=0.00]
Training episodes:  42%|████▏     | 1045/2500 [10:15<14:52,  1.63it/s, buffer=209200, ret=15.93, success=0.00]
Training episodes:  42%|████▏     | 1046/2500 [10:15<14:54,  1.63it/s, buffer=209200, ret=15.93, success=0.00]
Training episodes:  42%|████▏     | 1046/2500 [10:15<14:54,  1.63it/s, buffer=209400, ret=15.82, success=0.00]
Training episodes:  42%|████▏     | 1047/2500 [10:15<14:51,  1.63it/s, buffer=209400, ret=15.82, success=0.00]
Training episodes:  42%|████▏     | 1047/2500 [10:16<14:51,  1.63it/s, buffer=209600, ret=14.81, success=0.00]
Training episodes:  42%|████▏     | 1048/2500 [10:16<14:54,  1.62it/s, buffer=209600, ret=14.81, success=0.00]
Training episodes:  42%|████▏     | 1048/2500 [10:17<14:54,  1.62it/s, buffer=209800, ret=14.62, success=0.00]
Training episodes:  42%|████▏     | 1049/2500 [10:17<14:51,  1.63it/s, buffer=209800, ret=14.62, success=0.00]
Training episodes:  42%|████▏     | 1049/2500 [10:17<14:51,  1.63it/s, buffer=210000, ret=14.56, success=0.00]wandb: WARNING `fps` argument does not affect the frame rate of the video when providing a file path or raw bytes.

Training episodes:  42%|████▏     | 1050/2500 [10:18<19:26,  1.24it/s, buffer=210000, ret=14.56, success=0.00]
Training episodes:  42%|████▏     | 1050/2500 [10:18<19:26,  1.24it/s, buffer=210200, ret=16.27, success=0.00]
Training episodes:  42%|████▏     | 1051/2500 [10:18<17:57,  1.34it/s, buffer=210200, ret=16.27, success=0.00]
Training episodes:  42%|████▏     | 1051/2500 [10:19<17:57,  1.34it/s, buffer=210400, ret=31.71, success=0.00]
Training episodes:  42%|████▏     | 1052/2500 [10:19<16:59,  1.42it/s, buffer=210400, ret=31.71, success=0.00]
Training episodes:  42%|████▏     | 1052/2500 [10:20<16:59,  1.42it/s, buffer=210600, ret=15.52, success=0.00]
Training episodes:  42%|████▏     | 1053/2500 [10:20<16:15,  1.48it/s, buffer=210600, ret=15.52, success=0.00]
Training episodes:  42%|████▏     | 1053/2500 [10:20<16:15,  1.48it/s, buffer=210800, ret=10.17, success=0.00]
Training episodes:  42%|████▏     | 1054/2500 [10:20<15:48,  1.52it/s, buffer=210800, ret=10.17, success=0.00]
Training episodes:  42%|████▏     | 1054/2500 [10:21<15:48,  1.52it/s, buffer=211000, ret=20.83, success=0.00]
Training episodes:  42%|████▏     | 1055/2500 [10:21<15:31,  1.55it/s, buffer=211000, ret=20.83, success=0.00]
Training episodes:  42%|████▏     | 1055/2500 [10:21<15:31,  1.55it/s, buffer=211200, ret=22.75, success=0.00]
Training episodes:  42%|████▏     | 1056/2500 [10:21<15:11,  1.58it/s, buffer=211200, ret=22.75, success=0.00]
Training episodes:  42%|████▏     | 1056/2500 [10:22<15:11,  1.58it/s, buffer=211400, ret=18.65, success=0.00]
Training episodes:  42%|████▏     | 1057/2500 [10:22<15:08,  1.59it/s, buffer=211400, ret=18.65, success=0.00]
Training episodes:  42%|████▏     | 1057/2500 [10:23<15:08,  1.59it/s, buffer=211600, ret=23.59, success=0.00]
Training episodes:  42%|████▏     | 1058/2500 [10:23<15:10,  1.58it/s, buffer=211600, ret=23.59, success=0.00]
Training episodes:  42%|████▏     | 1058/2500 [10:23<15:10,  1.58it/s, buffer=211800, ret=14.14, success=0.00]
Training episodes:  42%|████▏     | 1059/2500 [10:23<15:13,  1.58it/s, buffer=211800, ret=14.14, success=0.00]
Training episodes:  42%|████▏     | 1059/2500 [10:24<15:13,  1.58it/s, buffer=212000, ret=16.69, success=0.00]
Training episodes:  42%|████▏     | 1060/2500 [10:24<15:01,  1.60it/s, buffer=212000, ret=16.69, success=0.00]
Training episodes:  42%|████▏     | 1060/2500 [10:25<15:01,  1.60it/s, buffer=212200, ret=18.44, success=0.00]
Training episodes:  42%|████▏     | 1061/2500 [10:25<14:52,  1.61it/s, buffer=212200, ret=18.44, success=0.00]
Training episodes:  42%|████▏     | 1061/2500 [10:25<14:52,  1.61it/s, buffer=212400, ret=15.03, success=0.00]
Training episodes:  42%|████▏     | 1062/2500 [10:25<14:35,  1.64it/s, buffer=212400, ret=15.03, success=0.00]
Training episodes:  42%|████▏     | 1062/2500 [10:26<14:35,  1.64it/s, buffer=212600, ret=18.38, success=0.00]
Training episodes:  43%|████▎     | 1063/2500 [10:26<14:32,  1.65it/s, buffer=212600, ret=18.38, success=0.00]
Training episodes:  43%|████▎     | 1063/2500 [10:26<14:32,  1.65it/s, buffer=212800, ret=19.48, success=0.00]
Training episodes:  43%|████▎     | 1064/2500 [10:26<14:21,  1.67it/s, buffer=212800, ret=19.48, success=0.00]
Training episodes:  43%|████▎     | 1064/2500 [10:27<14:21,  1.67it/s, buffer=213000, ret=13.33, success=0.00]
Training episodes:  43%|████▎     | 1065/2500 [10:27<14:18,  1.67it/s, buffer=213000, ret=13.33, success=0.00]
Training episodes:  43%|████▎     | 1065/2500 [10:28<14:18,  1.67it/s, buffer=213200, ret=11.61, success=0.00]
Training episodes:  43%|████▎     | 1066/2500 [10:28<14:14,  1.68it/s, buffer=213200, ret=11.61, success=0.00]
Training episodes:  43%|████▎     | 1066/2500 [10:28<14:14,  1.68it/s, buffer=213400, ret=14.16, success=0.00]
Training episodes:  43%|████▎     | 1067/2500 [10:28<14:13,  1.68it/s, buffer=213400, ret=14.16, success=0.00]
Training episodes:  43%|████▎     | 1067/2500 [10:29<14:13,  1.68it/s, buffer=213600, ret=15.13, success=0.00]
Training episodes:  43%|████▎     | 1068/2500 [10:29<14:12,  1.68it/s, buffer=213600, ret=15.13, success=0.00]
Training episodes:  43%|████▎     | 1068/2500 [10:29<14:12,  1.68it/s, buffer=213800, ret=15.89, success=0.00]
Training episodes:  43%|████▎     | 1069/2500 [10:29<14:13,  1.68it/s, buffer=213800, ret=15.89, success=0.00]
Training episodes:  43%|████▎     | 1069/2500 [10:30<14:13,  1.68it/s, buffer=214000, ret=13.66, success=0.00]
Training episodes:  43%|████▎     | 1070/2500 [10:30<14:11,  1.68it/s, buffer=214000, ret=13.66, success=0.00]
Training episodes:  43%|████▎     | 1070/2500 [10:30<14:11,  1.68it/s, buffer=214200, ret=13.34, success=0.00]
Training episodes:  43%|████▎     | 1071/2500 [10:30<14:06,  1.69it/s, buffer=214200, ret=13.34, success=0.00]
Training episodes:  43%|████▎     | 1071/2500 [10:31<14:06,  1.69it/s, buffer=214400, ret=25.93, success=0.00]
Training episodes:  43%|████▎     | 1072/2500 [10:31<14:11,  1.68it/s, buffer=214400, ret=25.93, success=0.00]
Training episodes:  43%|████▎     | 1072/2500 [10:32<14:11,  1.68it/s, buffer=214600, ret=24.73, success=0.00]
Training episodes:  43%|████▎     | 1073/2500 [10:32<14:14,  1.67it/s, buffer=214600, ret=24.73, success=0.00]
Training episodes:  43%|████▎     | 1073/2500 [10:32<14:14,  1.67it/s, buffer=214800, ret=13.72, success=0.00]
Training episodes:  43%|████▎     | 1074/2500 [10:32<14:13,  1.67it/s, buffer=214800, ret=13.72, success=0.00]
Training episodes:  43%|████▎     | 1074/2500 [10:33<14:13,  1.67it/s, buffer=215000, ret=27.86, success=0.00]
Training episodes:  43%|████▎     | 1075/2500 [10:33<14:11,  1.67it/s, buffer=215000, ret=27.86, success=0.00]
Training episodes:  43%|████▎     | 1075/2500 [10:33<14:11,  1.67it/s, buffer=215200, ret=13.00, success=0.00]
Training episodes:  43%|████▎     | 1076/2500 [10:33<14:07,  1.68it/s, buffer=215200, ret=13.00, success=0.00]
Training episodes:  43%|████▎     | 1076/2500 [10:34<14:07,  1.68it/s, buffer=215400, ret=13.64, success=0.00]
Training episodes:  43%|████▎     | 1077/2500 [10:34<14:11,  1.67it/s, buffer=215400, ret=13.64, success=0.00]
Training episodes:  43%|████▎     | 1077/2500 [10:35<14:11,  1.67it/s, buffer=215600, ret=16.90, success=0.00]
Training episodes:  43%|████▎     | 1078/2500 [10:35<14:10,  1.67it/s, buffer=215600, ret=16.90, success=0.00]
Training episodes:  43%|████▎     | 1078/2500 [10:35<14:10,  1.67it/s, buffer=215800, ret=12.89, success=0.00]
Training episodes:  43%|████▎     | 1079/2500 [10:35<14:05,  1.68it/s, buffer=215800, ret=12.89, success=0.00]
Training episodes:  43%|████▎     | 1079/2500 [10:36<14:05,  1.68it/s, buffer=216000, ret=14.17, success=0.00]
Training episodes:  43%|████▎     | 1080/2500 [10:36<13:58,  1.69it/s, buffer=216000, ret=14.17, success=0.00]
Training episodes:  43%|████▎     | 1080/2500 [10:36<13:58,  1.69it/s, buffer=216200, ret=22.54, success=0.00]
Training episodes:  43%|████▎     | 1081/2500 [10:36<14:01,  1.69it/s, buffer=216200, ret=22.54, success=0.00]
Training episodes:  43%|████▎     | 1081/2500 [10:37<14:01,  1.69it/s, buffer=216400, ret=13.75, success=0.00]
Training episodes:  43%|████▎     | 1082/2500 [10:37<14:02,  1.68it/s, buffer=216400, ret=13.75, success=0.00]
Training episodes:  43%|████▎     | 1082/2500 [10:38<14:02,  1.68it/s, buffer=216600, ret=29.31, success=0.00]
Training episodes:  43%|████▎     | 1083/2500 [10:38<14:04,  1.68it/s, buffer=216600, ret=29.31, success=0.00]
Training episodes:  43%|████▎     | 1083/2500 [10:38<14:04,  1.68it/s, buffer=216800, ret=11.65, success=0.00]
Training episodes:  43%|████▎     | 1084/2500 [10:38<14:06,  1.67it/s, buffer=216800, ret=11.65, success=0.00]
Training episodes:  43%|████▎     | 1084/2500 [10:39<14:06,  1.67it/s, buffer=217000, ret=16.67, success=0.00]
Training episodes:  43%|████▎     | 1085/2500 [10:39<14:16,  1.65it/s, buffer=217000, ret=16.67, success=0.00]
Training episodes:  43%|████▎     | 1085/2500 [10:39<14:16,  1.65it/s, buffer=217200, ret=14.17, success=0.00]
Training episodes:  43%|████▎     | 1086/2500 [10:39<14:09,  1.67it/s, buffer=217200, ret=14.17, success=0.00]
Training episodes:  43%|████▎     | 1086/2500 [10:40<14:09,  1.67it/s, buffer=217400, ret=31.83, success=0.00]
Training episodes:  43%|████▎     | 1087/2500 [10:40<14:20,  1.64it/s, buffer=217400, ret=31.83, success=0.00]
Training episodes:  43%|████▎     | 1087/2500 [10:41<14:20,  1.64it/s, buffer=217600, ret=10.42, success=0.00]
Training episodes:  44%|████▎     | 1088/2500 [10:41<14:10,  1.66it/s, buffer=217600, ret=10.42, success=0.00]
Training episodes:  44%|████▎     | 1088/2500 [10:41<14:10,  1.66it/s, buffer=217800, ret=10.49, success=0.00]
Training episodes:  44%|████▎     | 1089/2500 [10:41<14:00,  1.68it/s, buffer=217800, ret=10.49, success=0.00]
Training episodes:  44%|████▎     | 1089/2500 [10:42<14:00,  1.68it/s, buffer=218000, ret=12.20, success=0.00]
Training episodes:  44%|████▎     | 1090/2500 [10:42<14:00,  1.68it/s, buffer=218000, ret=12.20, success=0.00]
Training episodes:  44%|████▎     | 1090/2500 [10:42<14:00,  1.68it/s, buffer=218200, ret=11.39, success=0.00]
Training episodes:  44%|████▎     | 1091/2500 [10:42<14:05,  1.67it/s, buffer=218200, ret=11.39, success=0.00]
Training episodes:  44%|████▎     | 1091/2500 [10:43<14:05,  1.67it/s, buffer=218400, ret=20.19, success=0.00]
Training episodes:  44%|████▎     | 1092/2500 [10:43<14:11,  1.65it/s, buffer=218400, ret=20.19, success=0.00]
Training episodes:  44%|████▎     | 1092/2500 [10:44<14:11,  1.65it/s, buffer=218600, ret=23.16, success=0.00]
Training episodes:  44%|████▎     | 1093/2500 [10:44<14:23,  1.63it/s, buffer=218600, ret=23.16, success=0.00]
Training episodes:  44%|████▎     | 1093/2500 [10:44<14:23,  1.63it/s, buffer=218800, ret=20.30, success=0.00]
Training episodes:  44%|████▍     | 1094/2500 [10:44<14:19,  1.64it/s, buffer=218800, ret=20.30, success=0.00]
Training episodes:  44%|████▍     | 1094/2500 [10:45<14:19,  1.64it/s, buffer=219000, ret=11.40, success=0.00]
Training episodes:  44%|████▍     | 1095/2500 [10:45<14:22,  1.63it/s, buffer=219000, ret=11.40, success=0.00]
Training episodes:  44%|████▍     | 1095/2500 [10:46<14:22,  1.63it/s, buffer=219200, ret=15.22, success=0.00]
Training episodes:  44%|████▍     | 1096/2500 [10:46<14:28,  1.62it/s, buffer=219200, ret=15.22, success=0.00]
Training episodes:  44%|████▍     | 1096/2500 [10:46<14:28,  1.62it/s, buffer=219400, ret=11.24, success=0.00]
Training episodes:  44%|████▍     | 1097/2500 [10:46<14:29,  1.61it/s, buffer=219400, ret=11.24, success=0.00]
Training episodes:  44%|████▍     | 1097/2500 [10:47<14:29,  1.61it/s, buffer=219600, ret=20.90, success=0.00]
Training episodes:  44%|████▍     | 1098/2500 [10:47<14:19,  1.63it/s, buffer=219600, ret=20.90, success=0.00]
Training episodes:  44%|████▍     | 1098/2500 [10:47<14:19,  1.63it/s, buffer=219800, ret=14.49, success=0.00]
Training episodes:  44%|████▍     | 1099/2500 [10:47<14:14,  1.64it/s, buffer=219800, ret=14.49, success=0.00]
Training episodes:  44%|████▍     | 1099/2500 [10:48<14:14,  1.64it/s, buffer=220000, ret=13.16, success=0.00]wandb: WARNING `fps` argument does not affect the frame rate of the video when providing a file path or raw bytes.

Training episodes:  44%|████▍     | 1100/2500 [10:49<18:15,  1.28it/s, buffer=220000, ret=13.16, success=0.00]
Training episodes:  44%|████▍     | 1100/2500 [10:49<18:15,  1.28it/s, buffer=220200, ret=14.20, success=0.00]
Training episodes:  44%|████▍     | 1101/2500 [10:49<17:07,  1.36it/s, buffer=220200, ret=14.20, success=0.00]
Training episodes:  44%|████▍     | 1101/2500 [10:50<17:07,  1.36it/s, buffer=220400, ret=17.06, success=0.00]
Training episodes:  44%|████▍     | 1102/2500 [10:50<16:06,  1.45it/s, buffer=220400, ret=17.06, success=0.00]
Training episodes:  44%|████▍     | 1102/2500 [10:50<16:06,  1.45it/s, buffer=220600, ret=10.92, success=0.00]
Training episodes:  44%|████▍     | 1103/2500 [10:50<15:33,  1.50it/s, buffer=220600, ret=10.92, success=0.00]
Training episodes:  44%|████▍     | 1103/2500 [10:51<15:33,  1.50it/s, buffer=220800, ret=11.02, success=0.00]
Training episodes:  44%|████▍     | 1104/2500 [10:51<15:06,  1.54it/s, buffer=220800, ret=11.02, success=0.00]
Training episodes:  44%|████▍     | 1104/2500 [10:52<15:06,  1.54it/s, buffer=221000, ret=14.32, success=0.00]
Training episodes:  44%|████▍     | 1105/2500 [10:52<14:46,  1.57it/s, buffer=221000, ret=14.32, success=0.00]
Training episodes:  44%|████▍     | 1105/2500 [10:52<14:46,  1.57it/s, buffer=221200, ret=14.00, success=0.00]
Training episodes:  44%|████▍     | 1106/2500 [10:52<14:40,  1.58it/s, buffer=221200, ret=14.00, success=0.00]
Training episodes:  44%|████▍     | 1106/2500 [10:53<14:40,  1.58it/s, buffer=221400, ret=11.41, success=0.00]
Training episodes:  44%|████▍     | 1107/2500 [10:53<14:30,  1.60it/s, buffer=221400, ret=11.41, success=0.00]
Training episodes:  44%|████▍     | 1107/2500 [10:53<14:30,  1.60it/s, buffer=221600, ret=11.68, success=0.00]
Training episodes:  44%|████▍     | 1108/2500 [10:53<14:23,  1.61it/s, buffer=221600, ret=11.68, success=0.00]
Training episodes:  44%|████▍     | 1108/2500 [10:54<14:23,  1.61it/s, buffer=221800, ret=16.04, success=0.00]
Training episodes:  44%|████▍     | 1109/2500 [10:54<14:19,  1.62it/s, buffer=221800, ret=16.04, success=0.00]
Training episodes:  44%|████▍     | 1109/2500 [10:55<14:19,  1.62it/s, buffer=222000, ret=11.19, success=0.00]
Training episodes:  44%|████▍     | 1110/2500 [10:55<14:24,  1.61it/s, buffer=222000, ret=11.19, success=0.00]
Training episodes:  44%|████▍     | 1110/2500 [10:55<14:24,  1.61it/s, buffer=222200, ret=12.19, success=0.00]
Training episodes:  44%|████▍     | 1111/2500 [10:55<14:25,  1.61it/s, buffer=222200, ret=12.19, success=0.00]
Training episodes:  44%|████▍     | 1111/2500 [10:56<14:25,  1.61it/s, buffer=222400, ret=10.64, success=0.00]
Training episodes:  44%|████▍     | 1112/2500 [10:56<14:15,  1.62it/s, buffer=222400, ret=10.64, success=0.00]
Training episodes:  44%|████▍     | 1112/2500 [10:57<14:15,  1.62it/s, buffer=222600, ret=17.59, success=0.00]
Training episodes:  45%|████▍     | 1113/2500 [10:57<14:13,  1.62it/s, buffer=222600, ret=17.59, success=0.00]
Training episodes:  45%|████▍     | 1113/2500 [10:57<14:13,  1.62it/s, buffer=222800, ret=18.16, success=0.00]
Training episodes:  45%|████▍     | 1114/2500 [10:57<14:08,  1.63it/s, buffer=222800, ret=18.16, success=0.00]
Training episodes:  45%|████▍     | 1114/2500 [10:58<14:08,  1.63it/s, buffer=223000, ret=12.12, success=0.00]
Training episodes:  45%|████▍     | 1115/2500 [10:58<14:04,  1.64it/s, buffer=223000, ret=12.12, success=0.00]
Training episodes:  45%|████▍     | 1115/2500 [10:58<14:04,  1.64it/s, buffer=223200, ret=10.73, success=0.00]
Training episodes:  45%|████▍     | 1116/2500 [10:58<13:56,  1.65it/s, buffer=223200, ret=10.73, success=0.00]
Training episodes:  45%|████▍     | 1116/2500 [10:59<13:56,  1.65it/s, buffer=223400, ret=25.59, success=0.00]
Training episodes:  45%|████▍     | 1117/2500 [10:59<14:04,  1.64it/s, buffer=223400, ret=25.59, success=0.00]
Training episodes:  45%|████▍     | 1117/2500 [11:00<14:04,  1.64it/s, buffer=223600, ret=10.41, success=0.00]
Training episodes:  45%|████▍     | 1118/2500 [11:00<13:58,  1.65it/s, buffer=223600, ret=10.41, success=0.00]
Training episodes:  45%|████▍     | 1118/2500 [11:00<13:58,  1.65it/s, buffer=223800, ret=11.08, success=0.00]
Training episodes:  45%|████▍     | 1119/2500 [11:00<14:05,  1.63it/s, buffer=223800, ret=11.08, success=0.00]
Training episodes:  45%|████▍     | 1119/2500 [11:01<14:05,  1.63it/s, buffer=224000, ret=17.68, success=0.00]
Training episodes:  45%|████▍     | 1120/2500 [11:01<14:04,  1.63it/s, buffer=224000, ret=17.68, success=0.00]
Training episodes:  45%|████▍     | 1120/2500 [11:01<14:04,  1.63it/s, buffer=224200, ret=20.84, success=0.00]
Training episodes:  45%|████▍     | 1121/2500 [11:01<14:05,  1.63it/s, buffer=224200, ret=20.84, success=0.00]
Training episodes:  45%|████▍     | 1121/2500 [11:02<14:05,  1.63it/s, buffer=224400, ret=10.96, success=0.00]
Training episodes:  45%|████▍     | 1122/2500 [11:02<13:53,  1.65it/s, buffer=224400, ret=10.96, success=0.00]
Training episodes:  45%|████▍     | 1122/2500 [11:03<13:53,  1.65it/s, buffer=224600, ret=20.72, success=0.00]
Training episodes:  45%|████▍     | 1123/2500 [11:03<13:52,  1.65it/s, buffer=224600, ret=20.72, success=0.00]
Training episodes:  45%|████▍     | 1123/2500 [11:03<13:52,  1.65it/s, buffer=224800, ret=10.98, success=0.00]
Training episodes:  45%|████▍     | 1124/2500 [11:03<13:47,  1.66it/s, buffer=224800, ret=10.98, success=0.00]
Training episodes:  45%|████▍     | 1124/2500 [11:04<13:47,  1.66it/s, buffer=225000, ret=17.19, success=0.00]
Training episodes:  45%|████▌     | 1125/2500 [11:04<13:47,  1.66it/s, buffer=225000, ret=17.19, success=0.00]
Training episodes:  45%|████▌     | 1125/2500 [11:04<13:47,  1.66it/s, buffer=225200, ret=12.94, success=0.00]
Training episodes:  45%|████▌     | 1126/2500 [11:04<13:41,  1.67it/s, buffer=225200, ret=12.94, success=0.00]
Training episodes:  45%|████▌     | 1126/2500 [11:05<13:41,  1.67it/s, buffer=225400, ret=11.13, success=0.00]
Training episodes:  45%|████▌     | 1127/2500 [11:05<13:39,  1.67it/s, buffer=225400, ret=11.13, success=0.00]
Training episodes:  45%|████▌     | 1127/2500 [11:06<13:39,  1.67it/s, buffer=225600, ret=12.60, success=0.00]
Training episodes:  45%|████▌     | 1128/2500 [11:06<13:36,  1.68it/s, buffer=225600, ret=12.60, success=0.00]
Training episodes:  45%|████▌     | 1128/2500 [11:06<13:36,  1.68it/s, buffer=225800, ret=31.81, success=0.00]
Training episodes:  45%|████▌     | 1129/2500 [11:06<13:46,  1.66it/s, buffer=225800, ret=31.81, success=0.00]
Training episodes:  45%|████▌     | 1129/2500 [11:07<13:46,  1.66it/s, buffer=226000, ret=11.49, success=0.00]
Training episodes:  45%|████▌     | 1130/2500 [11:07<13:42,  1.67it/s, buffer=226000, ret=11.49, success=0.00]
Training episodes:  45%|████▌     | 1130/2500 [11:07<13:42,  1.67it/s, buffer=226200, ret=14.46, success=0.00]
Training episodes:  45%|████▌     | 1131/2500 [11:07<13:54,  1.64it/s, buffer=226200, ret=14.46, success=0.00]
Training episodes:  45%|████▌     | 1131/2500 [11:08<13:54,  1.64it/s, buffer=226400, ret=13.83, success=0.00]
Training episodes:  45%|████▌     | 1132/2500 [11:08<13:59,  1.63it/s, buffer=226400, ret=13.83, success=0.00]
Training episodes:  45%|████▌     | 1132/2500 [11:09<13:59,  1.63it/s, buffer=226600, ret=13.28, success=0.00]
Training episodes:  45%|████▌     | 1133/2500 [11:09<13:54,  1.64it/s, buffer=226600, ret=13.28, success=0.00]
Training episodes:  45%|████▌     | 1133/2500 [11:09<13:54,  1.64it/s, buffer=226800, ret=15.16, success=0.00]
Training episodes:  45%|████▌     | 1134/2500 [11:09<13:47,  1.65it/s, buffer=226800, ret=15.16, success=0.00]
Training episodes:  45%|████▌     | 1134/2500 [11:10<13:47,  1.65it/s, buffer=227000, ret=21.93, success=0.00]
Training episodes:  45%|████▌     | 1135/2500 [11:10<14:00,  1.62it/s, buffer=227000, ret=21.93, success=0.00]
Training episodes:  45%|████▌     | 1135/2500 [11:10<14:00,  1.62it/s, buffer=227200, ret=17.75, success=0.00]
Training episodes:  45%|████▌     | 1136/2500 [11:10<13:56,  1.63it/s, buffer=227200, ret=17.75, success=0.00]
Training episodes:  45%|████▌     | 1136/2500 [11:11<13:56,  1.63it/s, buffer=227400, ret=10.51, success=0.00]
Training episodes:  45%|████▌     | 1137/2500 [11:11<13:52,  1.64it/s, buffer=227400, ret=10.51, success=0.00]
Training episodes:  45%|████▌     | 1137/2500 [11:12<13:52,  1.64it/s, buffer=227600, ret=16.10, success=0.00]
Training episodes:  46%|████▌     | 1138/2500 [11:12<13:47,  1.65it/s, buffer=227600, ret=16.10, success=0.00]
Training episodes:  46%|████▌     | 1138/2500 [11:12<13:47,  1.65it/s, buffer=227800, ret=14.10, success=0.00]
Training episodes:  46%|████▌     | 1139/2500 [11:12<13:41,  1.66it/s, buffer=227800, ret=14.10, success=0.00]
Training episodes:  46%|████▌     | 1139/2500 [11:13<13:41,  1.66it/s, buffer=228000, ret=11.31, success=0.00]
Training episodes:  46%|████▌     | 1140/2500 [11:13<13:36,  1.67it/s, buffer=228000, ret=11.31, success=0.00]
Training episodes:  46%|████▌     | 1140/2500 [11:13<13:36,  1.67it/s, buffer=228200, ret=38.94, success=0.00]
Training episodes:  46%|████▌     | 1141/2500 [11:13<13:42,  1.65it/s, buffer=228200, ret=38.94, success=0.00]
Training episodes:  46%|████▌     | 1141/2500 [11:14<13:42,  1.65it/s, buffer=228400, ret=11.17, success=0.00]
Training episodes:  46%|████▌     | 1142/2500 [11:14<13:33,  1.67it/s, buffer=228400, ret=11.17, success=0.00]
Training episodes:  46%|████▌     | 1142/2500 [11:15<13:33,  1.67it/s, buffer=228600, ret=24.57, success=0.00]
Training episodes:  46%|████▌     | 1143/2500 [11:15<13:40,  1.65it/s, buffer=228600, ret=24.57, success=0.00]
Training episodes:  46%|████▌     | 1143/2500 [11:15<13:40,  1.65it/s, buffer=228800, ret=11.83, success=0.00]
Training episodes:  46%|████▌     | 1144/2500 [11:15<13:32,  1.67it/s, buffer=228800, ret=11.83, success=0.00]
Training episodes:  46%|████▌     | 1144/2500 [11:16<13:32,  1.67it/s, buffer=229000, ret=14.81, success=0.00]
Training episodes:  46%|████▌     | 1145/2500 [11:16<13:34,  1.66it/s, buffer=229000, ret=14.81, success=0.00]
Training episodes:  46%|████▌     | 1145/2500 [11:16<13:34,  1.66it/s, buffer=229200, ret=13.75, success=0.00]
Training episodes:  46%|████▌     | 1146/2500 [11:16<13:31,  1.67it/s, buffer=229200, ret=13.75, success=0.00]
Training episodes:  46%|████▌     | 1146/2500 [11:17<13:31,  1.67it/s, buffer=229400, ret=14.40, success=0.00]
Training episodes:  46%|████▌     | 1147/2500 [11:17<13:27,  1.67it/s, buffer=229400, ret=14.40, success=0.00]
Training episodes:  46%|████▌     | 1147/2500 [11:18<13:27,  1.67it/s, buffer=229600, ret=10.51, success=0.00]
Training episodes:  46%|████▌     | 1148/2500 [11:18<13:29,  1.67it/s, buffer=229600, ret=10.51, success=0.00]
Training episodes:  46%|████▌     | 1148/2500 [11:18<13:29,  1.67it/s, buffer=229800, ret=21.63, success=0.00]
Training episodes:  46%|████▌     | 1149/2500 [11:18<13:34,  1.66it/s, buffer=229800, ret=21.63, success=0.00]
Training episodes:  46%|████▌     | 1149/2500 [11:19<13:34,  1.66it/s, buffer=230000, ret=13.26, success=0.00]wandb: WARNING `fps` argument does not affect the frame rate of the video when providing a file path or raw bytes.

Training episodes:  46%|████▌     | 1150/2500 [11:19<17:29,  1.29it/s, buffer=230000, ret=13.26, success=0.00]
Training episodes:  46%|████▌     | 1150/2500 [11:20<17:29,  1.29it/s, buffer=230200, ret=19.08, success=0.00]
Training episodes:  46%|████▌     | 1151/2500 [11:20<16:15,  1.38it/s, buffer=230200, ret=19.08, success=0.00]
Training episodes:  46%|████▌     | 1151/2500 [11:21<16:15,  1.38it/s, buffer=230400, ret=30.55, success=0.00]
Training episodes:  46%|████▌     | 1152/2500 [11:21<15:27,  1.45it/s, buffer=230400, ret=30.55, success=0.00]
Training episodes:  46%|████▌     | 1152/2500 [11:21<15:27,  1.45it/s, buffer=230600, ret=21.13, success=0.00]
Training episodes:  46%|████▌     | 1153/2500 [11:21<14:49,  1.51it/s, buffer=230600, ret=21.13, success=0.00]
Training episodes:  46%|████▌     | 1153/2500 [11:22<14:49,  1.51it/s, buffer=230800, ret=14.32, success=0.00]
Training episodes:  46%|████▌     | 1154/2500 [11:22<14:25,  1.56it/s, buffer=230800, ret=14.32, success=0.00]
Training episodes:  46%|████▌     | 1154/2500 [11:22<14:25,  1.56it/s, buffer=231000, ret=13.95, success=0.00]
Training episodes:  46%|████▌     | 1155/2500 [11:22<14:13,  1.58it/s, buffer=231000, ret=13.95, success=0.00]
Training episodes:  46%|████▌     | 1155/2500 [11:23<14:13,  1.58it/s, buffer=231200, ret=15.19, success=0.00]
Training episodes:  46%|████▌     | 1156/2500 [11:23<14:00,  1.60it/s, buffer=231200, ret=15.19, success=0.00]
Training episodes:  46%|████▌     | 1156/2500 [11:24<14:00,  1.60it/s, buffer=231400, ret=12.67, success=0.00]
Training episodes:  46%|████▋     | 1157/2500 [11:24<13:49,  1.62it/s, buffer=231400, ret=12.67, success=0.00]
Training episodes:  46%|████▋     | 1157/2500 [11:24<13:49,  1.62it/s, buffer=231600, ret=13.80, success=0.00]
Training episodes:  46%|████▋     | 1158/2500 [11:24<13:37,  1.64it/s, buffer=231600, ret=13.80, success=0.00]
Training episodes:  46%|████▋     | 1158/2500 [11:25<13:37,  1.64it/s, buffer=231800, ret=17.43, success=0.00]
Training episodes:  46%|████▋     | 1159/2500 [11:25<13:42,  1.63it/s, buffer=231800, ret=17.43, success=0.00]
Training episodes:  46%|████▋     | 1159/2500 [11:26<13:42,  1.63it/s, buffer=232000, ret=20.84, success=0.00]
Training episodes:  46%|████▋     | 1160/2500 [11:26<13:47,  1.62it/s, buffer=232000, ret=20.84, success=0.00]
Training episodes:  46%|████▋     | 1160/2500 [11:26<13:47,  1.62it/s, buffer=232200, ret=18.33, success=0.00]
Training episodes:  46%|████▋     | 1161/2500 [11:26<13:41,  1.63it/s, buffer=232200, ret=18.33, success=0.00]
Training episodes:  46%|████▋     | 1161/2500 [11:27<13:41,  1.63it/s, buffer=232400, ret=13.17, success=0.00]
Training episodes:  46%|████▋     | 1162/2500 [11:27<13:45,  1.62it/s, buffer=232400, ret=13.17, success=0.00]
Training episodes:  46%|████▋     | 1162/2500 [11:27<13:45,  1.62it/s, buffer=232600, ret=11.13, success=0.00]
Training episodes:  47%|████▋     | 1163/2500 [11:27<13:36,  1.64it/s, buffer=232600, ret=11.13, success=0.00]
Training episodes:  47%|████▋     | 1163/2500 [11:28<13:36,  1.64it/s, buffer=232800, ret=11.87, success=0.00]
Training episodes:  47%|████▋     | 1164/2500 [11:28<13:30,  1.65it/s, buffer=232800, ret=11.87, success=0.00]
Training episodes:  47%|████▋     | 1164/2500 [11:29<13:30,  1.65it/s, buffer=233000, ret=24.95, success=0.00]
Training episodes:  47%|████▋     | 1165/2500 [11:29<13:40,  1.63it/s, buffer=233000, ret=24.95, success=0.00]
Training episodes:  47%|████▋     | 1165/2500 [11:29<13:40,  1.63it/s, buffer=233200, ret=18.32, success=0.00]
Training episodes:  47%|████▋     | 1166/2500 [11:29<13:45,  1.62it/s, buffer=233200, ret=18.32, success=0.00]
Training episodes:  47%|████▋     | 1166/2500 [11:30<13:45,  1.62it/s, buffer=233400, ret=11.96, success=0.00]
Training episodes:  47%|████▋     | 1167/2500 [11:30<13:36,  1.63it/s, buffer=233400, ret=11.96, success=0.00]
Training episodes:  47%|████▋     | 1167/2500 [11:30<13:36,  1.63it/s, buffer=233600, ret=19.86, success=0.00]
Training episodes:  47%|████▋     | 1168/2500 [11:30<13:44,  1.62it/s, buffer=233600, ret=19.86, success=0.00]
Training episodes:  47%|████▋     | 1168/2500 [11:31<13:44,  1.62it/s, buffer=233800, ret=12.20, success=0.00]
Training episodes:  47%|████▋     | 1169/2500 [11:31<13:43,  1.62it/s, buffer=233800, ret=12.20, success=0.00]
Training episodes:  47%|████▋     | 1169/2500 [11:32<13:43,  1.62it/s, buffer=234000, ret=10.55, success=0.00]
Training episodes:  47%|████▋     | 1170/2500 [11:32<13:35,  1.63it/s, buffer=234000, ret=10.55, success=0.00]
Training episodes:  47%|████▋     | 1170/2500 [11:32<13:35,  1.63it/s, buffer=234200, ret=11.38, success=0.00]
Training episodes:  47%|████▋     | 1171/2500 [11:32<13:36,  1.63it/s, buffer=234200, ret=11.38, success=0.00]
Training episodes:  47%|████▋     | 1171/2500 [11:33<13:36,  1.63it/s, buffer=234400, ret=30.10, success=0.00]
Training episodes:  47%|████▋     | 1172/2500 [11:33<13:31,  1.64it/s, buffer=234400, ret=30.10, success=0.00]
Training episodes:  47%|████▋     | 1172/2500 [11:34<13:31,  1.64it/s, buffer=234600, ret=22.66, success=0.00]
Training episodes:  47%|████▋     | 1173/2500 [11:34<13:38,  1.62it/s, buffer=234600, ret=22.66, success=0.00]
Training episodes:  47%|████▋     | 1173/2500 [11:34<13:38,  1.62it/s, buffer=234800, ret=12.05, success=0.00]
Training episodes:  47%|████▋     | 1174/2500 [11:34<13:41,  1.61it/s, buffer=234800, ret=12.05, success=0.00]
Training episodes:  47%|████▋     | 1174/2500 [11:35<13:41,  1.61it/s, buffer=235000, ret=14.03, success=0.00]
Training episodes:  47%|████▋     | 1175/2500 [11:35<13:41,  1.61it/s, buffer=235000, ret=14.03, success=0.00]
Training episodes:  47%|████▋     | 1175/2500 [11:35<13:41,  1.61it/s, buffer=235200, ret=12.22, success=0.00]
Training episodes:  47%|████▋     | 1176/2500 [11:35<13:38,  1.62it/s, buffer=235200, ret=12.22, success=0.00]
Training episodes:  47%|████▋     | 1176/2500 [11:36<13:38,  1.62it/s, buffer=235400, ret=11.97, success=0.00]
Training episodes:  47%|████▋     | 1177/2500 [11:36<13:26,  1.64it/s, buffer=235400, ret=11.97, success=0.00]
Training episodes:  47%|████▋     | 1177/2500 [11:37<13:26,  1.64it/s, buffer=235600, ret=23.28, success=0.00]
Training episodes:  47%|████▋     | 1178/2500 [11:37<13:38,  1.62it/s, buffer=235600, ret=23.28, success=0.00]
Training episodes:  47%|████▋     | 1178/2500 [11:37<13:38,  1.62it/s, buffer=235800, ret=20.30, success=0.00]
Training episodes:  47%|████▋     | 1179/2500 [11:37<13:36,  1.62it/s, buffer=235800, ret=20.30, success=0.00]
Training episodes:  47%|████▋     | 1179/2500 [11:38<13:36,  1.62it/s, buffer=236000, ret=12.05, success=0.00]
Training episodes:  47%|████▋     | 1180/2500 [11:38<13:32,  1.63it/s, buffer=236000, ret=12.05, success=0.00]
Training episodes:  47%|████▋     | 1180/2500 [11:38<13:32,  1.63it/s, buffer=236200, ret=12.40, success=0.00]
Training episodes:  47%|████▋     | 1181/2500 [11:38<13:24,  1.64it/s, buffer=236200, ret=12.40, success=0.00]
Training episodes:  47%|████▋     | 1181/2500 [11:39<13:24,  1.64it/s, buffer=236400, ret=12.61, success=0.00]
Training episodes:  47%|████▋     | 1182/2500 [11:39<13:33,  1.62it/s, buffer=236400, ret=12.61, success=0.00]
Training episodes:  47%|████▋     | 1182/2500 [11:40<13:33,  1.62it/s, buffer=236600, ret=10.57, success=0.00]
Training episodes:  47%|████▋     | 1183/2500 [11:40<13:36,  1.61it/s, buffer=236600, ret=10.57, success=0.00]
Training episodes:  47%|████▋     | 1183/2500 [11:40<13:36,  1.61it/s, buffer=236800, ret=10.02, success=0.00]
Training episodes:  47%|████▋     | 1184/2500 [11:40<13:37,  1.61it/s, buffer=236800, ret=10.02, success=0.00]
Training episodes:  47%|████▋     | 1184/2500 [11:41<13:37,  1.61it/s, buffer=237000, ret=28.72, success=0.00]
Training episodes:  47%|████▋     | 1185/2500 [11:41<13:43,  1.60it/s, buffer=237000, ret=28.72, success=0.00]
Training episodes:  47%|████▋     | 1185/2500 [11:42<13:43,  1.60it/s, buffer=237200, ret=12.87, success=0.00]
Training episodes:  47%|████▋     | 1186/2500 [11:42<13:44,  1.59it/s, buffer=237200, ret=12.87, success=0.00]
Training episodes:  47%|████▋     | 1186/2500 [11:42<13:44,  1.59it/s, buffer=237400, ret=12.62, success=0.00]
Training episodes:  47%|████▋     | 1187/2500 [11:42<13:28,  1.62it/s, buffer=237400, ret=12.62, success=0.00]
Training episodes:  47%|████▋     | 1187/2500 [11:43<13:28,  1.62it/s, buffer=237600, ret=12.90, success=0.00]
Training episodes:  48%|████▊     | 1188/2500 [11:43<13:21,  1.64it/s, buffer=237600, ret=12.90, success=0.00]
Training episodes:  48%|████▊     | 1188/2500 [11:43<13:21,  1.64it/s, buffer=237800, ret=14.55, success=0.00]
Training episodes:  48%|████▊     | 1189/2500 [11:43<13:13,  1.65it/s, buffer=237800, ret=14.55, success=0.00]
Training episodes:  48%|████▊     | 1189/2500 [11:44<13:13,  1.65it/s, buffer=238000, ret=13.22, success=0.00]
Training episodes:  48%|████▊     | 1190/2500 [11:44<13:05,  1.67it/s, buffer=238000, ret=13.22, success=0.00]
Training episodes:  48%|████▊     | 1190/2500 [11:45<13:05,  1.67it/s, buffer=238200, ret=11.95, success=0.00]
Training episodes:  48%|████▊     | 1191/2500 [11:45<13:01,  1.68it/s, buffer=238200, ret=11.95, success=0.00]
Training episodes:  48%|████▊     | 1191/2500 [11:45<13:01,  1.68it/s, buffer=238400, ret=15.63, success=0.00]
Training episodes:  48%|████▊     | 1192/2500 [11:45<13:00,  1.68it/s, buffer=238400, ret=15.63, success=0.00]
Training episodes:  48%|████▊     | 1192/2500 [11:46<13:00,  1.68it/s, buffer=238600, ret=18.63, success=0.00]
Training episodes:  48%|████▊     | 1193/2500 [11:46<12:59,  1.68it/s, buffer=238600, ret=18.63, success=0.00]
Training episodes:  48%|████▊     | 1193/2500 [11:46<12:59,  1.68it/s, buffer=238800, ret=10.87, success=0.00]
Training episodes:  48%|████▊     | 1194/2500 [11:46<12:58,  1.68it/s, buffer=238800, ret=10.87, success=0.00]
Training episodes:  48%|████▊     | 1194/2500 [11:47<12:58,  1.68it/s, buffer=239000, ret=13.54, success=0.00]
Training episodes:  48%|████▊     | 1195/2500 [11:47<12:58,  1.68it/s, buffer=239000, ret=13.54, success=0.00]
Training episodes:  48%|████▊     | 1195/2500 [11:48<12:58,  1.68it/s, buffer=239200, ret=12.99, success=0.00]
Training episodes:  48%|████▊     | 1196/2500 [11:48<13:08,  1.65it/s, buffer=239200, ret=12.99, success=0.00]
Training episodes:  48%|████▊     | 1196/2500 [11:48<13:08,  1.65it/s, buffer=239400, ret=16.57, success=0.00]
Training episodes:  48%|████▊     | 1197/2500 [11:48<13:13,  1.64it/s, buffer=239400, ret=16.57, success=0.00]
Training episodes:  48%|████▊     | 1197/2500 [11:49<13:13,  1.64it/s, buffer=239600, ret=16.03, success=0.00]
Training episodes:  48%|████▊     | 1198/2500 [11:49<13:17,  1.63it/s, buffer=239600, ret=16.03, success=0.00]
Training episodes:  48%|████▊     | 1198/2500 [11:49<13:17,  1.63it/s, buffer=239800, ret=11.61, success=0.00]
Training episodes:  48%|████▊     | 1199/2500 [11:49<13:15,  1.64it/s, buffer=239800, ret=11.61, success=0.00]
Training episodes:  48%|████▊     | 1199/2500 [11:50<13:15,  1.64it/s, buffer=240000, ret=26.19, success=0.00]wandb: WARNING `fps` argument does not affect the frame rate of the video when providing a file path or raw bytes.

Training episodes:  48%|████▊     | 1200/2500 [11:51<17:20,  1.25it/s, buffer=240000, ret=26.19, success=0.00]
Training episodes:  48%|████▊     | 1200/2500 [11:51<17:20,  1.25it/s, buffer=240200, ret=12.31, success=0.00]
Training episodes:  48%|████▊     | 1201/2500 [11:51<16:06,  1.34it/s, buffer=240200, ret=12.31, success=0.00]
Training episodes:  48%|████▊     | 1201/2500 [11:52<16:06,  1.34it/s, buffer=240400, ret=17.64, success=0.00]
Training episodes:  48%|████▊     | 1202/2500 [11:52<15:17,  1.42it/s, buffer=240400, ret=17.64, success=0.00]
Training episodes:  48%|████▊     | 1202/2500 [11:52<15:17,  1.42it/s, buffer=240600, ret=15.69, success=0.00]
Training episodes:  48%|████▊     | 1203/2500 [11:52<14:41,  1.47it/s, buffer=240600, ret=15.69, success=0.00]
Training episodes:  48%|████▊     | 1203/2500 [11:53<14:41,  1.47it/s, buffer=240800, ret=15.10, success=0.00]
Training episodes:  48%|████▊     | 1204/2500 [11:53<14:16,  1.51it/s, buffer=240800, ret=15.10, success=0.00]
Training episodes:  48%|████▊     | 1204/2500 [11:54<14:16,  1.51it/s, buffer=241000, ret=12.38, success=0.00]
Training episodes:  48%|████▊     | 1205/2500 [11:54<14:00,  1.54it/s, buffer=241000, ret=12.38, success=0.00]
Training episodes:  48%|████▊     | 1205/2500 [11:54<14:00,  1.54it/s, buffer=241200, ret=13.29, success=0.00]
Training episodes:  48%|████▊     | 1206/2500 [11:54<13:45,  1.57it/s, buffer=241200, ret=13.29, success=0.00]
Training episodes:  48%|████▊     | 1206/2500 [11:55<13:45,  1.57it/s, buffer=241400, ret=31.28, success=0.00]
Training episodes:  48%|████▊     | 1207/2500 [11:55<13:34,  1.59it/s, buffer=241400, ret=31.28, success=0.00]
Training episodes:  48%|████▊     | 1207/2500 [11:56<13:34,  1.59it/s, buffer=241600, ret=12.00, success=0.00]
Training episodes:  48%|████▊     | 1208/2500 [11:56<13:16,  1.62it/s, buffer=241600, ret=12.00, success=0.00]
Training episodes:  48%|████▊     | 1208/2500 [11:56<13:16,  1.62it/s, buffer=241800, ret=13.39, success=0.00]
Training episodes:  48%|████▊     | 1209/2500 [11:56<13:10,  1.63it/s, buffer=241800, ret=13.39, success=0.00]
Training episodes:  48%|████▊     | 1209/2500 [11:57<13:10,  1.63it/s, buffer=242000, ret=25.49, success=0.00]
Training episodes:  48%|████▊     | 1210/2500 [11:57<13:16,  1.62it/s, buffer=242000, ret=25.49, success=0.00]
Training episodes:  48%|████▊     | 1210/2500 [11:57<13:16,  1.62it/s, buffer=242200, ret=15.54, success=0.00]
Training episodes:  48%|████▊     | 1211/2500 [11:57<13:08,  1.63it/s, buffer=242200, ret=15.54, success=0.00]
Training episodes:  48%|████▊     | 1211/2500 [11:58<13:08,  1.63it/s, buffer=242400, ret=12.19, success=0.00]
Training episodes:  48%|████▊     | 1212/2500 [11:58<13:05,  1.64it/s, buffer=242400, ret=12.19, success=0.00]
Training episodes:  48%|████▊     | 1212/2500 [11:59<13:05,  1.64it/s, buffer=242600, ret=10.76, success=0.00]
Training episodes:  49%|████▊     | 1213/2500 [11:59<13:03,  1.64it/s, buffer=242600, ret=10.76, success=0.00]
Training episodes:  49%|████▊     | 1213/2500 [11:59<13:03,  1.64it/s, buffer=242800, ret=15.25, success=0.00]
Training episodes:  49%|████▊     | 1214/2500 [11:59<13:04,  1.64it/s, buffer=242800, ret=15.25, success=0.00]
Training episodes:  49%|████▊     | 1214/2500 [12:00<13:04,  1.64it/s, buffer=243000, ret=16.65, success=0.00]
Training episodes:  49%|████▊     | 1215/2500 [12:00<13:02,  1.64it/s, buffer=243000, ret=16.65, success=0.00]
Training episodes:  49%|████▊     | 1215/2500 [12:00<13:02,  1.64it/s, buffer=243200, ret=16.84, success=0.00]
Training episodes:  49%|████▊     | 1216/2500 [12:00<13:08,  1.63it/s, buffer=243200, ret=16.84, success=0.00]
Training episodes:  49%|████▊     | 1216/2500 [12:01<13:08,  1.63it/s, buffer=243400, ret=30.46, success=0.00]
Training episodes:  49%|████▊     | 1217/2500 [12:01<13:17,  1.61it/s, buffer=243400, ret=30.46, success=0.00]
Training episodes:  49%|████▊     | 1217/2500 [12:02<13:17,  1.61it/s, buffer=243600, ret=11.82, success=0.00]
Training episodes:  49%|████▊     | 1218/2500 [12:02<13:13,  1.62it/s, buffer=243600, ret=11.82, success=0.00]
Training episodes:  49%|████▊     | 1218/2500 [12:02<13:13,  1.62it/s, buffer=243800, ret=12.98, success=0.00]
Training episodes:  49%|████▉     | 1219/2500 [12:02<13:10,  1.62it/s, buffer=243800, ret=12.98, success=0.00]
Training episodes:  49%|████▉     | 1219/2500 [12:03<13:10,  1.62it/s, buffer=244000, ret=12.99, success=0.00]
Training episodes:  49%|████▉     | 1220/2500 [12:03<13:09,  1.62it/s, buffer=244000, ret=12.99, success=0.00]
Training episodes:  49%|████▉     | 1220/2500 [12:04<13:09,  1.62it/s, buffer=244200, ret=13.86, success=0.00]
Training episodes:  49%|████▉     | 1221/2500 [12:04<13:11,  1.62it/s, buffer=244200, ret=13.86, success=0.00]
Training episodes:  49%|████▉     | 1221/2500 [12:04<13:11,  1.62it/s, buffer=244400, ret=14.50, success=0.00]
Training episodes:  49%|████▉     | 1222/2500 [12:04<13:06,  1.63it/s, buffer=244400, ret=14.50, success=0.00]
Training episodes:  49%|████▉     | 1222/2500 [12:05<13:06,  1.63it/s, buffer=244600, ret=12.21, success=0.00]
Training episodes:  49%|████▉     | 1223/2500 [12:05<13:10,  1.62it/s, buffer=244600, ret=12.21, success=0.00]
Training episodes:  49%|████▉     | 1223/2500 [12:05<13:10,  1.62it/s, buffer=244800, ret=12.29, success=0.00]
Training episodes:  49%|████▉     | 1224/2500 [12:05<13:07,  1.62it/s, buffer=244800, ret=12.29, success=0.00]
Training episodes:  49%|████▉     | 1224/2500 [12:06<13:07,  1.62it/s, buffer=245000, ret=14.82, success=0.00]
Training episodes:  49%|████▉     | 1225/2500 [12:06<13:17,  1.60it/s, buffer=245000, ret=14.82, success=0.00]
Training episodes:  49%|████▉     | 1225/2500 [12:07<13:17,  1.60it/s, buffer=245200, ret=31.58, success=0.00]
Training episodes:  49%|████▉     | 1226/2500 [12:07<13:17,  1.60it/s, buffer=245200, ret=31.58, success=0.00]
Training episodes:  49%|████▉     | 1226/2500 [12:07<13:17,  1.60it/s, buffer=245400, ret=11.67, success=0.00]
Training episodes:  49%|████▉     | 1227/2500 [12:07<13:01,  1.63it/s, buffer=245400, ret=11.67, success=0.00]
Training episodes:  49%|████▉     | 1227/2500 [12:08<13:01,  1.63it/s, buffer=245600, ret=14.22, success=0.00]
Training episodes:  49%|████▉     | 1228/2500 [12:08<12:55,  1.64it/s, buffer=245600, ret=14.22, success=0.00]
Training episodes:  49%|████▉     | 1228/2500 [12:08<12:55,  1.64it/s, buffer=245800, ret=17.04, success=0.00]
Training episodes:  49%|████▉     | 1229/2500 [12:08<12:49,  1.65it/s, buffer=245800, ret=17.04, success=0.00]
Training episodes:  49%|████▉     | 1229/2500 [12:09<12:49,  1.65it/s, buffer=246000, ret=11.16, success=0.00]
Training episodes:  49%|████▉     | 1230/2500 [12:09<12:50,  1.65it/s, buffer=246000, ret=11.16, success=0.00]
Training episodes:  49%|████▉     | 1230/2500 [12:10<12:50,  1.65it/s, buffer=246200, ret=11.66, success=0.00]
Training episodes:  49%|████▉     | 1231/2500 [12:10<12:46,  1.66it/s, buffer=246200, ret=11.66, success=0.00]
Training episodes:  49%|████▉     | 1231/2500 [12:10<12:46,  1.66it/s, buffer=246400, ret=13.62, success=0.00]
Training episodes:  49%|████▉     | 1232/2500 [12:10<12:46,  1.65it/s, buffer=246400, ret=13.62, success=0.00]
Training episodes:  49%|████▉     | 1232/2500 [12:11<12:46,  1.65it/s, buffer=246600, ret=13.96, success=0.00]
Training episodes:  49%|████▉     | 1233/2500 [12:11<12:40,  1.67it/s, buffer=246600, ret=13.96, success=0.00]
Training episodes:  49%|████▉     | 1233/2500 [12:11<12:40,  1.67it/s, buffer=246800, ret=37.67, success=0.00]
Training episodes:  49%|████▉     | 1234/2500 [12:11<12:55,  1.63it/s, buffer=246800, ret=37.67, success=0.00]
Training episodes:  49%|████▉     | 1234/2500 [12:12<12:55,  1.63it/s, buffer=247000, ret=10.67, success=0.00]
Training episodes:  49%|████▉     | 1235/2500 [12:12<12:48,  1.65it/s, buffer=247000, ret=10.67, success=0.00]
Training episodes:  49%|████▉     | 1235/2500 [12:13<12:48,  1.65it/s, buffer=247200, ret=16.81, success=0.00]
Training episodes:  49%|████▉     | 1236/2500 [12:13<12:46,  1.65it/s, buffer=247200, ret=16.81, success=0.00]
Training episodes:  49%|████▉     | 1236/2500 [12:13<12:46,  1.65it/s, buffer=247400, ret=12.94, success=0.00]
Training episodes:  49%|████▉     | 1237/2500 [12:13<12:40,  1.66it/s, buffer=247400, ret=12.94, success=0.00]
Training episodes:  49%|████▉     | 1237/2500 [12:14<12:40,  1.66it/s, buffer=247600, ret=39.59, success=0.00]
Training episodes:  50%|████▉     | 1238/2500 [12:14<12:49,  1.64it/s, buffer=247600, ret=39.59, success=0.00]
Training episodes:  50%|████▉     | 1238/2500 [12:14<12:49,  1.64it/s, buffer=247800, ret=11.53, success=0.00]
Training episodes:  50%|████▉     | 1239/2500 [12:14<12:44,  1.65it/s, buffer=247800, ret=11.53, success=0.00]
Training episodes:  50%|████▉     | 1239/2500 [12:15<12:44,  1.65it/s, buffer=248000, ret=32.34, success=0.00]
Training episodes:  50%|████▉     | 1240/2500 [12:15<13:04,  1.61it/s, buffer=248000, ret=32.34, success=0.00]
Training episodes:  50%|████▉     | 1240/2500 [12:16<13:04,  1.61it/s, buffer=248200, ret=15.91, success=0.00]
Training episodes:  50%|████▉     | 1241/2500 [12:16<12:58,  1.62it/s, buffer=248200, ret=15.91, success=0.00]
Training episodes:  50%|████▉     | 1241/2500 [12:16<12:58,  1.62it/s, buffer=248400, ret=14.23, success=0.00]
Training episodes:  50%|████▉     | 1242/2500 [12:16<12:46,  1.64it/s, buffer=248400, ret=14.23, success=0.00]
Training episodes:  50%|████▉     | 1242/2500 [12:17<12:46,  1.64it/s, buffer=248600, ret=20.63, success=0.00]
Training episodes:  50%|████▉     | 1243/2500 [12:17<12:40,  1.65it/s, buffer=248600, ret=20.63, success=0.00]
Training episodes:  50%|████▉     | 1243/2500 [12:18<12:40,  1.65it/s, buffer=248800, ret=13.53, success=0.00]
Training episodes:  50%|████▉     | 1244/2500 [12:18<12:38,  1.66it/s, buffer=248800, ret=13.53, success=0.00]
Training episodes:  50%|████▉     | 1244/2500 [12:18<12:38,  1.66it/s, buffer=249000, ret=12.55, success=0.00]
Training episodes:  50%|████▉     | 1245/2500 [12:18<12:31,  1.67it/s, buffer=249000, ret=12.55, success=0.00]
Training episodes:  50%|████▉     | 1245/2500 [12:19<12:31,  1.67it/s, buffer=249200, ret=16.52, success=0.00]
Training episodes:  50%|████▉     | 1246/2500 [12:19<12:27,  1.68it/s, buffer=249200, ret=16.52, success=0.00]
Training episodes:  50%|████▉     | 1246/2500 [12:19<12:27,  1.68it/s, buffer=249400, ret=10.43, success=0.00]
Training episodes:  50%|████▉     | 1247/2500 [12:19<12:24,  1.68it/s, buffer=249400, ret=10.43, success=0.00]
Training episodes:  50%|████▉     | 1247/2500 [12:20<12:24,  1.68it/s, buffer=249600, ret=13.18, success=0.00]
Training episodes:  50%|████▉     | 1248/2500 [12:20<12:23,  1.68it/s, buffer=249600, ret=13.18, success=0.00]
Training episodes:  50%|████▉     | 1248/2500 [12:21<12:23,  1.68it/s, buffer=249800, ret=15.62, success=0.00]
Training episodes:  50%|████▉     | 1249/2500 [12:21<12:33,  1.66it/s, buffer=249800, ret=15.62, success=0.00]
Training episodes:  50%|████▉     | 1249/2500 [12:21<12:33,  1.66it/s, buffer=250000, ret=15.56, success=0.00]wandb: WARNING `fps` argument does not affect the frame rate of the video when providing a file path or raw bytes.

Training episodes:  50%|█████     | 1250/2500 [12:22<16:13,  1.28it/s, buffer=250000, ret=15.56, success=0.00]
Training episodes:  50%|█████     | 1250/2500 [12:22<16:13,  1.28it/s, buffer=250200, ret=11.37, success=0.00]
Training episodes:  50%|█████     | 1251/2500 [12:22<15:05,  1.38it/s, buffer=250200, ret=11.37, success=0.00]
Training episodes:  50%|█████     | 1251/2500 [12:23<15:05,  1.38it/s, buffer=250400, ret=15.49, success=0.00]
Training episodes:  50%|█████     | 1252/2500 [12:23<14:31,  1.43it/s, buffer=250400, ret=15.49, success=0.00]
Training episodes:  50%|█████     | 1252/2500 [12:24<14:31,  1.43it/s, buffer=250600, ret=31.15, success=0.00]
Training episodes:  50%|█████     | 1253/2500 [12:24<14:10,  1.47it/s, buffer=250600, ret=31.15, success=0.00]
Training episodes:  50%|█████     | 1253/2500 [12:24<14:10,  1.47it/s, buffer=250800, ret=13.85, success=0.00]
Training episodes:  50%|█████     | 1254/2500 [12:24<13:42,  1.52it/s, buffer=250800, ret=13.85, success=0.00]
Training episodes:  50%|█████     | 1254/2500 [12:25<13:42,  1.52it/s, buffer=251000, ret=12.24, success=0.00]
Training episodes:  50%|█████     | 1255/2500 [12:25<13:26,  1.54it/s, buffer=251000, ret=12.24, success=0.00]
Training episodes:  50%|█████     | 1255/2500 [12:25<13:26,  1.54it/s, buffer=251200, ret=19.82, success=0.00]
Training episodes:  50%|█████     | 1256/2500 [12:25<13:22,  1.55it/s, buffer=251200, ret=19.82, success=0.00]
Training episodes:  50%|█████     | 1256/2500 [12:26<13:22,  1.55it/s, buffer=251400, ret=13.79, success=0.00]
Training episodes:  50%|█████     | 1257/2500 [12:26<13:10,  1.57it/s, buffer=251400, ret=13.79, success=0.00]
Training episodes:  50%|█████     | 1257/2500 [12:27<13:10,  1.57it/s, buffer=251600, ret=21.37, success=0.00]
Training episodes:  50%|█████     | 1258/2500 [12:27<13:01,  1.59it/s, buffer=251600, ret=21.37, success=0.00]
Training episodes:  50%|█████     | 1258/2500 [12:27<13:01,  1.59it/s, buffer=251800, ret=11.47, success=0.00]
Training episodes:  50%|█████     | 1259/2500 [12:27<13:02,  1.59it/s, buffer=251800, ret=11.47, success=0.00]
Training episodes:  50%|█████     | 1259/2500 [12:28<13:02,  1.59it/s, buffer=252000, ret=18.46, success=0.00]
Training episodes:  50%|█████     | 1260/2500 [12:28<13:05,  1.58it/s, buffer=252000, ret=18.46, success=0.00]
Training episodes:  50%|█████     | 1260/2500 [12:29<13:05,  1.58it/s, buffer=252200, ret=17.31, success=0.00]
Training episodes:  50%|█████     | 1261/2500 [12:29<12:54,  1.60it/s, buffer=252200, ret=17.31, success=0.00]
Training episodes:  50%|█████     | 1261/2500 [12:29<12:54,  1.60it/s, buffer=252400, ret=18.87, success=0.00]
Training episodes:  50%|█████     | 1262/2500 [12:29<12:38,  1.63it/s, buffer=252400, ret=18.87, success=0.00]
Training episodes:  50%|█████     | 1262/2500 [12:30<12:38,  1.63it/s, buffer=252600, ret=21.87, success=0.00]
Training episodes:  51%|█████     | 1263/2500 [12:30<12:42,  1.62it/s, buffer=252600, ret=21.87, success=0.00]
Training episodes:  51%|█████     | 1263/2500 [12:30<12:42,  1.62it/s, buffer=252800, ret=22.33, success=0.00]
Training episodes:  51%|█████     | 1264/2500 [12:30<12:40,  1.63it/s, buffer=252800, ret=22.33, success=0.00]
Training episodes:  51%|█████     | 1264/2500 [12:31<12:40,  1.63it/s, buffer=253000, ret=25.99, success=0.00]
Training episodes:  51%|█████     | 1265/2500 [12:31<12:37,  1.63it/s, buffer=253000, ret=25.99, success=0.00]
Training episodes:  51%|█████     | 1265/2500 [12:32<12:37,  1.63it/s, buffer=253200, ret=19.67, success=0.00]
Training episodes:  51%|█████     | 1266/2500 [12:32<12:35,  1.63it/s, buffer=253200, ret=19.67, success=0.00]
Training episodes:  51%|█████     | 1266/2500 [12:32<12:35,  1.63it/s, buffer=253400, ret=19.32, success=0.00]
Training episodes:  51%|█████     | 1267/2500 [12:32<12:34,  1.63it/s, buffer=253400, ret=19.32, success=0.00]
Training episodes:  51%|█████     | 1267/2500 [12:33<12:34,  1.63it/s, buffer=253600, ret=14.38, success=0.00]
Training episodes:  51%|█████     | 1268/2500 [12:33<12:29,  1.64it/s, buffer=253600, ret=14.38, success=0.00]
Training episodes:  51%|█████     | 1268/2500 [12:33<12:29,  1.64it/s, buffer=253800, ret=11.97, success=0.00]
Training episodes:  51%|█████     | 1269/2500 [12:33<12:27,  1.65it/s, buffer=253800, ret=11.97, success=0.00]
Training episodes:  51%|█████     | 1269/2500 [12:34<12:27,  1.65it/s, buffer=254000, ret=40.15, success=0.00]
Training episodes:  51%|█████     | 1270/2500 [12:34<12:30,  1.64it/s, buffer=254000, ret=40.15, success=0.00]
Training episodes:  51%|█████     | 1270/2500 [12:35<12:30,  1.64it/s, buffer=254200, ret=15.24, success=0.00]
Training episodes:  51%|█████     | 1271/2500 [12:35<12:26,  1.65it/s, buffer=254200, ret=15.24, success=0.00]
Training episodes:  51%|█████     | 1271/2500 [12:35<12:26,  1.65it/s, buffer=254400, ret=12.46, success=0.00]
Training episodes:  51%|█████     | 1272/2500 [12:35<12:24,  1.65it/s, buffer=254400, ret=12.46, success=0.00]
Training episodes:  51%|█████     | 1272/2500 [12:36<12:24,  1.65it/s, buffer=254600, ret=14.74, success=0.00]
Training episodes:  51%|█████     | 1273/2500 [12:36<12:22,  1.65it/s, buffer=254600, ret=14.74, success=0.00]
Training episodes:  51%|█████     | 1273/2500 [12:36<12:22,  1.65it/s, buffer=254800, ret=13.90, success=0.00]
Training episodes:  51%|█████     | 1274/2500 [12:36<12:23,  1.65it/s, buffer=254800, ret=13.90, success=0.00]
Training episodes:  51%|█████     | 1274/2500 [12:37<12:23,  1.65it/s, buffer=255000, ret=12.49, success=0.00]
Training episodes:  51%|█████     | 1275/2500 [12:37<12:24,  1.64it/s, buffer=255000, ret=12.49, success=0.00]
Training episodes:  51%|█████     | 1275/2500 [12:38<12:24,  1.64it/s, buffer=255200, ret=16.42, success=0.00]
Training episodes:  51%|█████     | 1276/2500 [12:38<12:22,  1.65it/s, buffer=255200, ret=16.42, success=0.00]
Training episodes:  51%|█████     | 1276/2500 [12:38<12:22,  1.65it/s, buffer=255400, ret=17.02, success=0.00]
Training episodes:  51%|█████     | 1277/2500 [12:38<12:21,  1.65it/s, buffer=255400, ret=17.02, success=0.00]
Training episodes:  51%|█████     | 1277/2500 [12:39<12:21,  1.65it/s, buffer=255600, ret=16.30, success=0.00]
Training episodes:  51%|█████     | 1278/2500 [12:39<12:19,  1.65it/s, buffer=255600, ret=16.30, success=0.00]
Training episodes:  51%|█████     | 1278/2500 [12:39<12:19,  1.65it/s, buffer=255800, ret=22.01, success=0.00]
Training episodes:  51%|█████     | 1279/2500 [12:39<12:16,  1.66it/s, buffer=255800, ret=22.01, success=0.00]
Training episodes:  51%|█████     | 1279/2500 [12:40<12:16,  1.66it/s, buffer=256000, ret=12.93, success=0.00]
Training episodes:  51%|█████     | 1280/2500 [12:40<12:27,  1.63it/s, buffer=256000, ret=12.93, success=0.00]
Training episodes:  51%|█████     | 1280/2500 [12:41<12:27,  1.63it/s, buffer=256200, ret=34.33, success=0.00]
Training episodes:  51%|█████     | 1281/2500 [12:41<12:31,  1.62it/s, buffer=256200, ret=34.33, success=0.00]
Training episodes:  51%|█████     | 1281/2500 [12:41<12:31,  1.62it/s, buffer=256400, ret=20.96, success=0.00]
Training episodes:  51%|█████▏    | 1282/2500 [12:41<12:24,  1.64it/s, buffer=256400, ret=20.96, success=0.00]
Training episodes:  51%|█████▏    | 1282/2500 [12:42<12:24,  1.64it/s, buffer=256600, ret=14.34, success=0.00]
Training episodes:  51%|█████▏    | 1283/2500 [12:42<12:30,  1.62it/s, buffer=256600, ret=14.34, success=0.00]
Training episodes:  51%|█████▏    | 1283/2500 [12:43<12:30,  1.62it/s, buffer=256800, ret=11.84, success=0.00]
Training episodes:  51%|█████▏    | 1284/2500 [12:43<12:34,  1.61it/s, buffer=256800, ret=11.84, success=0.00]
Training episodes:  51%|█████▏    | 1284/2500 [12:43<12:34,  1.61it/s, buffer=257000, ret=11.55, success=0.00]
Training episodes:  51%|█████▏    | 1285/2500 [12:43<12:23,  1.63it/s, buffer=257000, ret=11.55, success=0.00]
Training episodes:  51%|█████▏    | 1285/2500 [12:44<12:23,  1.63it/s, buffer=257200, ret=14.91, success=0.00]
Training episodes:  51%|█████▏    | 1286/2500 [12:44<12:20,  1.64it/s, buffer=257200, ret=14.91, success=0.00]
Training episodes:  51%|█████▏    | 1286/2500 [12:44<12:20,  1.64it/s, buffer=257400, ret=19.19, success=0.00]
Training episodes:  51%|█████▏    | 1287/2500 [12:44<12:15,  1.65it/s, buffer=257400, ret=19.19, success=0.00]
Training episodes:  51%|█████▏    | 1287/2500 [12:45<12:15,  1.65it/s, buffer=257600, ret=13.11, success=0.00]
Training episodes:  52%|█████▏    | 1288/2500 [12:45<12:11,  1.66it/s, buffer=257600, ret=13.11, success=0.00]
Training episodes:  52%|█████▏    | 1288/2500 [12:46<12:11,  1.66it/s, buffer=257800, ret=51.54, success=0.00]
Training episodes:  52%|█████▏    | 1289/2500 [12:46<12:22,  1.63it/s, buffer=257800, ret=51.54, success=0.00]
Training episodes:  52%|█████▏    | 1289/2500 [12:46<12:22,  1.63it/s, buffer=258000, ret=14.37, success=0.00]
Training episodes:  52%|█████▏    | 1290/2500 [12:46<12:13,  1.65it/s, buffer=258000, ret=14.37, success=0.00]
Training episodes:  52%|█████▏    | 1290/2500 [12:47<12:13,  1.65it/s, buffer=258200, ret=12.66, success=0.00]
Training episodes:  52%|█████▏    | 1291/2500 [12:47<12:06,  1.67it/s, buffer=258200, ret=12.66, success=0.00]
Training episodes:  52%|█████▏    | 1291/2500 [12:47<12:06,  1.67it/s, buffer=258400, ret=11.44, success=0.00]
Training episodes:  52%|█████▏    | 1292/2500 [12:47<12:03,  1.67it/s, buffer=258400, ret=11.44, success=0.00]
Training episodes:  52%|█████▏    | 1292/2500 [12:48<12:03,  1.67it/s, buffer=258600, ret=18.29, success=0.00]
Training episodes:  52%|█████▏    | 1293/2500 [12:48<12:02,  1.67it/s, buffer=258600, ret=18.29, success=0.00]
Training episodes:  52%|█████▏    | 1293/2500 [12:49<12:02,  1.67it/s, buffer=258800, ret=13.14, success=0.00]
Training episodes:  52%|█████▏    | 1294/2500 [12:49<11:59,  1.68it/s, buffer=258800, ret=13.14, success=0.00]
Training episodes:  52%|█████▏    | 1294/2500 [12:49<11:59,  1.68it/s, buffer=259000, ret=12.96, success=0.00]
Training episodes:  52%|█████▏    | 1295/2500 [12:49<11:58,  1.68it/s, buffer=259000, ret=12.96, success=0.00]
Training episodes:  52%|█████▏    | 1295/2500 [12:50<11:58,  1.68it/s, buffer=259200, ret=14.43, success=0.00]
Training episodes:  52%|█████▏    | 1296/2500 [12:50<11:54,  1.68it/s, buffer=259200, ret=14.43, success=0.00]
Training episodes:  52%|█████▏    | 1296/2500 [12:50<11:54,  1.68it/s, buffer=259400, ret=12.74, success=0.00]
Training episodes:  52%|█████▏    | 1297/2500 [12:50<11:56,  1.68it/s, buffer=259400, ret=12.74, success=0.00]
Training episodes:  52%|█████▏    | 1297/2500 [12:51<11:56,  1.68it/s, buffer=259600, ret=15.35, success=0.00]
Training episodes:  52%|█████▏    | 1298/2500 [12:51<12:04,  1.66it/s, buffer=259600, ret=15.35, success=0.00]
Training episodes:  52%|█████▏    | 1298/2500 [12:52<12:04,  1.66it/s, buffer=259800, ret=12.07, success=0.00]
Training episodes:  52%|█████▏    | 1299/2500 [12:52<12:00,  1.67it/s, buffer=259800, ret=12.07, success=0.00]
Training episodes:  52%|█████▏    | 1299/2500 [12:52<12:00,  1.67it/s, buffer=260000, ret=11.07, success=0.00]wandb: WARNING `fps` argument does not affect the frame rate of the video when providing a file path or raw bytes.

Training episodes:  52%|█████▏    | 1300/2500 [12:53<15:28,  1.29it/s, buffer=260000, ret=11.07, success=0.00]
Training episodes:  52%|█████▏    | 1300/2500 [12:53<15:28,  1.29it/s, buffer=260200, ret=11.85, success=0.00]
Training episodes:  52%|█████▏    | 1301/2500 [12:53<14:34,  1.37it/s, buffer=260200, ret=11.85, success=0.00]
Training episodes:  52%|█████▏    | 1301/2500 [12:54<14:34,  1.37it/s, buffer=260400, ret=16.80, success=0.00]
Training episodes:  52%|█████▏    | 1302/2500 [12:54<13:48,  1.45it/s, buffer=260400, ret=16.80, success=0.00]
Training episodes:  52%|█████▏    | 1302/2500 [12:55<13:48,  1.45it/s, buffer=260600, ret=12.91, success=0.00]
Training episodes:  52%|█████▏    | 1303/2500 [12:55<13:12,  1.51it/s, buffer=260600, ret=12.91, success=0.00]
Training episodes:  52%|█████▏    | 1303/2500 [12:55<13:12,  1.51it/s, buffer=260800, ret=19.79, success=0.00]
Training episodes:  52%|█████▏    | 1304/2500 [12:55<12:47,  1.56it/s, buffer=260800, ret=19.79, success=0.00]
Training episodes:  52%|█████▏    | 1304/2500 [12:56<12:47,  1.56it/s, buffer=261000, ret=48.56, success=0.00]
Training episodes:  52%|█████▏    | 1305/2500 [12:56<12:36,  1.58it/s, buffer=261000, ret=48.56, success=0.00]
Training episodes:  52%|█████▏    | 1305/2500 [12:56<12:36,  1.58it/s, buffer=261200, ret=18.95, success=0.00]
Training episodes:  52%|█████▏    | 1306/2500 [12:56<12:24,  1.60it/s, buffer=261200, ret=18.95, success=0.00]
Training episodes:  52%|█████▏    | 1306/2500 [12:57<12:24,  1.60it/s, buffer=261400, ret=10.25, success=0.00]
Training episodes:  52%|█████▏    | 1307/2500 [12:57<12:10,  1.63it/s, buffer=261400, ret=10.25, success=0.00]
Training episodes:  52%|█████▏    | 1307/2500 [12:58<12:10,  1.63it/s, buffer=261600, ret=12.64, success=0.00]
Training episodes:  52%|█████▏    | 1308/2500 [12:58<12:01,  1.65it/s, buffer=261600, ret=12.64, success=0.00]
Training episodes:  52%|█████▏    | 1308/2500 [12:58<12:01,  1.65it/s, buffer=261800, ret=11.19, success=0.00]
Training episodes:  52%|█████▏    | 1309/2500 [12:58<12:09,  1.63it/s, buffer=261800, ret=11.19, success=0.00]
Training episodes:  52%|█████▏    | 1309/2500 [12:59<12:09,  1.63it/s, buffer=262000, ret=29.59, success=0.00]
Training episodes:  52%|█████▏    | 1310/2500 [12:59<12:12,  1.63it/s, buffer=262000, ret=29.59, success=0.00]
Training episodes:  52%|█████▏    | 1310/2500 [12:59<12:12,  1.63it/s, buffer=262200, ret=29.33, success=0.00]
Training episodes:  52%|█████▏    | 1311/2500 [12:59<12:12,  1.62it/s, buffer=262200, ret=29.33, success=0.00]
Training episodes:  52%|█████▏    | 1311/2500 [13:00<12:12,  1.62it/s, buffer=262400, ret=42.05, success=0.00]
Training episodes:  52%|█████▏    | 1312/2500 [13:00<12:20,  1.60it/s, buffer=262400, ret=42.05, success=0.00]
Training episodes:  52%|█████▏    | 1312/2500 [13:01<12:20,  1.60it/s, buffer=262600, ret=12.96, success=0.00]
Training episodes:  53%|█████▎    | 1313/2500 [13:01<12:23,  1.60it/s, buffer=262600, ret=12.96, success=0.00]
Training episodes:  53%|█████▎    | 1313/2500 [13:01<12:23,  1.60it/s, buffer=262800, ret=13.18, success=0.00]
Training episodes:  53%|█████▎    | 1314/2500 [13:01<12:20,  1.60it/s, buffer=262800, ret=13.18, success=0.00]
Training episodes:  53%|█████▎    | 1314/2500 [13:02<12:20,  1.60it/s, buffer=263000, ret=13.20, success=0.00]
Training episodes:  53%|█████▎    | 1315/2500 [13:02<12:14,  1.61it/s, buffer=263000, ret=13.20, success=0.00]
Training episodes:  53%|█████▎    | 1315/2500 [13:03<12:14,  1.61it/s, buffer=263200, ret=11.02, success=0.00]
Training episodes:  53%|█████▎    | 1316/2500 [13:03<12:11,  1.62it/s, buffer=263200, ret=11.02, success=0.00]
Training episodes:  53%|█████▎    | 1316/2500 [13:03<12:11,  1.62it/s, buffer=263400, ret=11.68, success=0.00]
Training episodes:  53%|█████▎    | 1317/2500 [13:03<12:09,  1.62it/s, buffer=263400, ret=11.68, success=0.00]
Training episodes:  53%|█████▎    | 1317/2500 [13:04<12:09,  1.62it/s, buffer=263600, ret=13.62, success=0.00]
Training episodes:  53%|█████▎    | 1318/2500 [13:04<12:03,  1.63it/s, buffer=263600, ret=13.62, success=0.00]
Training episodes:  53%|█████▎    | 1318/2500 [13:04<12:03,  1.63it/s, buffer=263800, ret=14.29, success=0.00]
Training episodes:  53%|█████▎    | 1319/2500 [13:04<12:00,  1.64it/s, buffer=263800, ret=14.29, success=0.00]
Training episodes:  53%|█████▎    | 1319/2500 [13:05<12:00,  1.64it/s, buffer=264000, ret=15.86, success=0.00]
Training episodes:  53%|█████▎    | 1320/2500 [13:05<12:00,  1.64it/s, buffer=264000, ret=15.86, success=0.00]
Training episodes:  53%|█████▎    | 1320/2500 [13:06<12:00,  1.64it/s, buffer=264200, ret=11.54, success=0.00]
Training episodes:  53%|█████▎    | 1321/2500 [13:06<12:01,  1.63it/s, buffer=264200, ret=11.54, success=0.00]
Training episodes:  53%|█████▎    | 1321/2500 [13:06<12:01,  1.63it/s, buffer=264400, ret=20.19, success=0.00]
Training episodes:  53%|█████▎    | 1322/2500 [13:06<11:58,  1.64it/s, buffer=264400, ret=20.19, success=0.00]
Training episodes:  53%|█████▎    | 1322/2500 [13:07<11:58,  1.64it/s, buffer=264600, ret=13.44, success=0.00]
Training episodes:  53%|█████▎    | 1323/2500 [13:07<12:00,  1.63it/s, buffer=264600, ret=13.44, success=0.00]
Training episodes:  53%|█████▎    | 1323/2500 [13:07<12:00,  1.63it/s, buffer=264800, ret=12.37, success=0.00]
Training episodes:  53%|█████▎    | 1324/2500 [13:07<11:52,  1.65it/s, buffer=264800, ret=12.37, success=0.00]
Training episodes:  53%|█████▎    | 1324/2500 [13:08<11:52,  1.65it/s, buffer=265000, ret=22.88, success=0.00]
Training episodes:  53%|█████▎    | 1325/2500 [13:08<11:57,  1.64it/s, buffer=265000, ret=22.88, success=0.00]
Training episodes:  53%|█████▎    | 1325/2500 [13:09<11:57,  1.64it/s, buffer=265200, ret=27.72, success=0.00]
Training episodes:  53%|█████▎    | 1326/2500 [13:09<12:04,  1.62it/s, buffer=265200, ret=27.72, success=0.00]
Training episodes:  53%|█████▎    | 1326/2500 [13:09<12:04,  1.62it/s, buffer=265400, ret=20.04, success=0.00]
Training episodes:  53%|█████▎    | 1327/2500 [13:09<12:03,  1.62it/s, buffer=265400, ret=20.04, success=0.00]
Training episodes:  53%|█████▎    | 1327/2500 [13:10<12:03,  1.62it/s, buffer=265600, ret=12.41, success=0.00]
Training episodes:  53%|█████▎    | 1328/2500 [13:10<11:58,  1.63it/s, buffer=265600, ret=12.41, success=0.00]
Training episodes:  53%|█████▎    | 1328/2500 [13:11<11:58,  1.63it/s, buffer=265800, ret=41.97, success=0.00]
Training episodes:  53%|█████▎    | 1329/2500 [13:11<12:03,  1.62it/s, buffer=265800, ret=41.97, success=0.00]
Training episodes:  53%|█████▎    | 1329/2500 [13:11<12:03,  1.62it/s, buffer=266000, ret=26.62, success=0.00]
Training episodes:  53%|█████▎    | 1330/2500 [13:11<12:04,  1.61it/s, buffer=266000, ret=26.62, success=0.00]
Training episodes:  53%|█████▎    | 1330/2500 [13:12<12:04,  1.61it/s, buffer=266200, ret=10.47, success=0.00]
Training episodes:  53%|█████▎    | 1331/2500 [13:12<11:59,  1.62it/s, buffer=266200, ret=10.47, success=0.00]
Training episodes:  53%|█████▎    | 1331/2500 [13:12<11:59,  1.62it/s, buffer=266400, ret=12.20, success=0.00]
Training episodes:  53%|█████▎    | 1332/2500 [13:12<11:59,  1.62it/s, buffer=266400, ret=12.20, success=0.00]
Training episodes:  53%|█████▎    | 1332/2500 [13:13<11:59,  1.62it/s, buffer=266600, ret=12.41, success=0.00]
Training episodes:  53%|█████▎    | 1333/2500 [13:13<12:00,  1.62it/s, buffer=266600, ret=12.41, success=0.00]
Training episodes:  53%|█████▎    | 1333/2500 [13:14<12:00,  1.62it/s, buffer=266800, ret=31.73, success=0.00]
Training episodes:  53%|█████▎    | 1334/2500 [13:14<11:56,  1.63it/s, buffer=266800, ret=31.73, success=0.00]
Training episodes:  53%|█████▎    | 1334/2500 [13:14<11:56,  1.63it/s, buffer=267000, ret=11.06, success=0.00]
Training episodes:  53%|█████▎    | 1335/2500 [13:14<11:55,  1.63it/s, buffer=267000, ret=11.06, success=0.00]
Training episodes:  53%|█████▎    | 1335/2500 [13:15<11:55,  1.63it/s, buffer=267200, ret=12.10, success=0.00]
Training episodes:  53%|█████▎    | 1336/2500 [13:15<11:57,  1.62it/s, buffer=267200, ret=12.10, success=0.00]
Training episodes:  53%|█████▎    | 1336/2500 [13:15<11:57,  1.62it/s, buffer=267400, ret=11.57, success=0.00]
Training episodes:  53%|█████▎    | 1337/2500 [13:15<12:01,  1.61it/s, buffer=267400, ret=11.57, success=0.00]
Training episodes:  53%|█████▎    | 1337/2500 [13:16<12:01,  1.61it/s, buffer=267600, ret=12.57, success=0.00]
Training episodes:  54%|█████▎    | 1338/2500 [13:16<12:03,  1.61it/s, buffer=267600, ret=12.57, success=0.00]
Training episodes:  54%|█████▎    | 1338/2500 [13:17<12:03,  1.61it/s, buffer=267800, ret=12.50, success=0.00]
Training episodes:  54%|█████▎    | 1339/2500 [13:17<12:00,  1.61it/s, buffer=267800, ret=12.50, success=0.00]
Training episodes:  54%|█████▎    | 1339/2500 [13:17<12:00,  1.61it/s, buffer=268000, ret=12.76, success=0.00]
Training episodes:  54%|█████▎    | 1340/2500 [13:17<12:00,  1.61it/s, buffer=268000, ret=12.76, success=0.00]
Training episodes:  54%|█████▎    | 1340/2500 [13:18<12:00,  1.61it/s, buffer=268200, ret=16.38, success=0.00]
Training episodes:  54%|█████▎    | 1341/2500 [13:18<12:00,  1.61it/s, buffer=268200, ret=16.38, success=0.00]
Training episodes:  54%|█████▎    | 1341/2500 [13:19<12:00,  1.61it/s, buffer=268400, ret=11.44, success=0.00]
Training episodes:  54%|█████▎    | 1342/2500 [13:19<12:00,  1.61it/s, buffer=268400, ret=11.44, success=0.00]
Training episodes:  54%|█████▎    | 1342/2500 [13:19<12:00,  1.61it/s, buffer=268600, ret=16.83, success=0.00]
Training episodes:  54%|█████▎    | 1343/2500 [13:19<11:57,  1.61it/s, buffer=268600, ret=16.83, success=0.00]
Training episodes:  54%|█████▎    | 1343/2500 [13:20<11:57,  1.61it/s, buffer=268800, ret=15.40, success=0.00]
Training episodes:  54%|█████▍    | 1344/2500 [13:20<11:56,  1.61it/s, buffer=268800, ret=15.40, success=0.00]
Training episodes:  54%|█████▍    | 1344/2500 [13:20<11:56,  1.61it/s, buffer=269000, ret=14.86, success=0.00]
Training episodes:  54%|█████▍    | 1345/2500 [13:20<12:00,  1.60it/s, buffer=269000, ret=14.86, success=0.00]
Training episodes:  54%|█████▍    | 1345/2500 [13:21<12:00,  1.60it/s, buffer=269200, ret=31.37, success=0.00]
Training episodes:  54%|█████▍    | 1346/2500 [13:21<12:07,  1.59it/s, buffer=269200, ret=31.37, success=0.00]
Training episodes:  54%|█████▍    | 1346/2500 [13:22<12:07,  1.59it/s, buffer=269400, ret=18.60, success=0.00]
Training episodes:  54%|█████▍    | 1347/2500 [13:22<12:01,  1.60it/s, buffer=269400, ret=18.60, success=0.00]
Training episodes:  54%|█████▍    | 1347/2500 [13:22<12:01,  1.60it/s, buffer=269600, ret=11.65, success=0.00]
Training episodes:  54%|█████▍    | 1348/2500 [13:22<11:55,  1.61it/s, buffer=269600, ret=11.65, success=0.00]
Training episodes:  54%|█████▍    | 1348/2500 [13:23<11:55,  1.61it/s, buffer=269800, ret=25.61, success=0.00]
Training episodes:  54%|█████▍    | 1349/2500 [13:23<11:51,  1.62it/s, buffer=269800, ret=25.61, success=0.00]
Training episodes:  54%|█████▍    | 1349/2500 [13:24<11:51,  1.62it/s, buffer=270000, ret=25.00, success=0.00]wandb: WARNING `fps` argument does not affect the frame rate of the video when providing a file path or raw bytes.

Training episodes:  54%|█████▍    | 1350/2500 [13:24<15:19,  1.25it/s, buffer=270000, ret=25.00, success=0.00]
Training episodes:  54%|█████▍    | 1350/2500 [13:25<15:19,  1.25it/s, buffer=270200, ret=19.07, success=0.00]
Training episodes:  54%|█████▍    | 1351/2500 [13:25<14:11,  1.35it/s, buffer=270200, ret=19.07, success=0.00]
Training episodes:  54%|█████▍    | 1351/2500 [13:25<14:11,  1.35it/s, buffer=270400, ret=24.79, success=0.00]
Training episodes:  54%|█████▍    | 1352/2500 [13:25<13:30,  1.42it/s, buffer=270400, ret=24.79, success=0.00]
Training episodes:  54%|█████▍    | 1352/2500 [13:26<13:30,  1.42it/s, buffer=270600, ret=26.73, success=0.00]
Training episodes:  54%|█████▍    | 1353/2500 [13:26<13:06,  1.46it/s, buffer=270600, ret=26.73, success=0.00]
Training episodes:  54%|█████▍    | 1353/2500 [13:27<13:06,  1.46it/s, buffer=270800, ret=13.57, success=0.00]
Training episodes:  54%|█████▍    | 1354/2500 [13:27<12:35,  1.52it/s, buffer=270800, ret=13.57, success=0.00]
Training episodes:  54%|█████▍    | 1354/2500 [13:27<12:35,  1.52it/s, buffer=271000, ret=29.69, success=0.00]
Training episodes:  54%|█████▍    | 1355/2500 [13:27<12:29,  1.53it/s, buffer=271000, ret=29.69, success=0.00]
Training episodes:  54%|█████▍    | 1355/2500 [13:28<12:29,  1.53it/s, buffer=271200, ret=12.12, success=0.00]
Training episodes:  54%|█████▍    | 1356/2500 [13:28<12:18,  1.55it/s, buffer=271200, ret=12.12, success=0.00]
Training episodes:  54%|█████▍    | 1356/2500 [13:28<12:18,  1.55it/s, buffer=271400, ret=20.09, success=0.00]
Training episodes:  54%|█████▍    | 1357/2500 [13:28<12:07,  1.57it/s, buffer=271400, ret=20.09, success=0.00]
Training episodes:  54%|█████▍    | 1357/2500 [13:29<12:07,  1.57it/s, buffer=271600, ret=25.98, success=0.00]
Training episodes:  54%|█████▍    | 1358/2500 [13:29<11:53,  1.60it/s, buffer=271600, ret=25.98, success=0.00]
Training episodes:  54%|█████▍    | 1358/2500 [13:30<11:53,  1.60it/s, buffer=271800, ret=16.52, success=0.00]
Training episodes:  54%|█████▍    | 1359/2500 [13:30<11:46,  1.62it/s, buffer=271800, ret=16.52, success=0.00]
Training episodes:  54%|█████▍    | 1359/2500 [13:30<11:46,  1.62it/s, buffer=272000, ret=12.39, success=0.00]
Training episodes:  54%|█████▍    | 1360/2500 [13:30<11:40,  1.63it/s, buffer=272000, ret=12.39, success=0.00]
Training episodes:  54%|█████▍    | 1360/2500 [13:31<11:40,  1.63it/s, buffer=272200, ret=21.78, success=0.00]
Training episodes:  54%|█████▍    | 1361/2500 [13:31<11:36,  1.64it/s, buffer=272200, ret=21.78, success=0.00]
Training episodes:  54%|█████▍    | 1361/2500 [13:32<11:36,  1.64it/s, buffer=272400, ret=14.05, success=0.00]
Training episodes:  54%|█████▍    | 1362/2500 [13:32<11:37,  1.63it/s, buffer=272400, ret=14.05, success=0.00]
Training episodes:  54%|█████▍    | 1362/2500 [13:32<11:37,  1.63it/s, buffer=272600, ret=11.81, success=0.00]
Training episodes:  55%|█████▍    | 1363/2500 [13:32<11:40,  1.62it/s, buffer=272600, ret=11.81, success=0.00]
Training episodes:  55%|█████▍    | 1363/2500 [13:33<11:40,  1.62it/s, buffer=272800, ret=18.32, success=0.00]
Training episodes:  55%|█████▍    | 1364/2500 [13:33<11:43,  1.61it/s, buffer=272800, ret=18.32, success=0.00]
Training episodes:  55%|█████▍    | 1364/2500 [13:33<11:43,  1.61it/s, buffer=273000, ret=10.35, success=0.00]
Training episodes:  55%|█████▍    | 1365/2500 [13:33<11:44,  1.61it/s, buffer=273000, ret=10.35, success=0.00]
Training episodes:  55%|█████▍    | 1365/2500 [13:34<11:44,  1.61it/s, buffer=273200, ret=31.49, success=0.00]
Training episodes:  55%|█████▍    | 1366/2500 [13:34<11:39,  1.62it/s, buffer=273200, ret=31.49, success=0.00]
Training episodes:  55%|█████▍    | 1366/2500 [13:35<11:39,  1.62it/s, buffer=273400, ret=35.92, success=0.00]
Training episodes:  55%|█████▍    | 1367/2500 [13:35<11:53,  1.59it/s, buffer=273400, ret=35.92, success=0.00]
Training episodes:  55%|█████▍    | 1367/2500 [13:35<11:53,  1.59it/s, buffer=273600, ret=19.83, success=0.00]
Training episodes:  55%|█████▍    | 1368/2500 [13:35<11:54,  1.59it/s, buffer=273600, ret=19.83, success=0.00]
Training episodes:  55%|█████▍    | 1368/2500 [13:36<11:54,  1.59it/s, buffer=273800, ret=16.36, success=0.00]
Training episodes:  55%|█████▍    | 1369/2500 [13:36<11:52,  1.59it/s, buffer=273800, ret=16.36, success=0.00]
Training episodes:  55%|█████▍    | 1369/2500 [13:37<11:52,  1.59it/s, buffer=274000, ret=25.45, success=0.00]
Training episodes:  55%|█████▍    | 1370/2500 [13:37<11:54,  1.58it/s, buffer=274000, ret=25.45, success=0.00]
Training episodes:  55%|█████▍    | 1370/2500 [13:37<11:54,  1.58it/s, buffer=274200, ret=18.74, success=0.00]
Training episodes:  55%|█████▍    | 1371/2500 [13:37<11:47,  1.60it/s, buffer=274200, ret=18.74, success=0.00]
Training episodes:  55%|█████▍    | 1371/2500 [13:38<11:47,  1.60it/s, buffer=274400, ret=16.00, success=0.00]
Training episodes:  55%|█████▍    | 1372/2500 [13:38<11:37,  1.62it/s, buffer=274400, ret=16.00, success=0.00]
Training episodes:  55%|█████▍    | 1372/2500 [13:38<11:37,  1.62it/s, buffer=274600, ret=14.90, success=0.00]
Training episodes:  55%|█████▍    | 1373/2500 [13:38<11:35,  1.62it/s, buffer=274600, ret=14.90, success=0.00]
Training episodes:  55%|█████▍    | 1373/2500 [13:39<11:35,  1.62it/s, buffer=274800, ret=11.84, success=0.00]
Training episodes:  55%|█████▍    | 1374/2500 [13:39<11:34,  1.62it/s, buffer=274800, ret=11.84, success=0.00]
Training episodes:  55%|█████▍    | 1374/2500 [13:40<11:34,  1.62it/s, buffer=275000, ret=14.83, success=0.00]
Training episodes:  55%|█████▌    | 1375/2500 [13:40<11:50,  1.58it/s, buffer=275000, ret=14.83, success=0.00]
Training episodes:  55%|█████▌    | 1375/2500 [13:40<11:50,  1.58it/s, buffer=275200, ret=11.75, success=0.00]
Training episodes:  55%|█████▌    | 1376/2500 [13:40<11:45,  1.59it/s, buffer=275200, ret=11.75, success=0.00]
Training episodes:  55%|█████▌    | 1376/2500 [13:41<11:45,  1.59it/s, buffer=275400, ret=15.30, success=0.00]
Training episodes:  55%|█████▌    | 1377/2500 [13:41<11:44,  1.59it/s, buffer=275400, ret=15.30, success=0.00]
Training episodes:  55%|█████▌    | 1377/2500 [13:42<11:44,  1.59it/s, buffer=275600, ret=11.71, success=0.00]
Training episodes:  55%|█████▌    | 1378/2500 [13:42<11:41,  1.60it/s, buffer=275600, ret=11.71, success=0.00]
Training episodes:  55%|█████▌    | 1378/2500 [13:42<11:41,  1.60it/s, buffer=275800, ret=12.90, success=0.00]
Training episodes:  55%|█████▌    | 1379/2500 [13:42<11:48,  1.58it/s, buffer=275800, ret=12.90, success=0.00]
Training episodes:  55%|█████▌    | 1379/2500 [13:43<11:48,  1.58it/s, buffer=276000, ret=12.82, success=0.00]
Training episodes:  55%|█████▌    | 1380/2500 [13:43<11:46,  1.59it/s, buffer=276000, ret=12.82, success=0.00]
Training episodes:  55%|█████▌    | 1380/2500 [13:43<11:46,  1.59it/s, buffer=276200, ret=16.90, success=0.00]
Training episodes:  55%|█████▌    | 1381/2500 [13:43<11:34,  1.61it/s, buffer=276200, ret=16.90, success=0.00]
Training episodes:  55%|█████▌    | 1381/2500 [13:44<11:34,  1.61it/s, buffer=276400, ret=14.26, success=0.00]
Training episodes:  55%|█████▌    | 1382/2500 [13:44<11:32,  1.61it/s, buffer=276400, ret=14.26, success=0.00]
Training episodes:  55%|█████▌    | 1382/2500 [13:45<11:32,  1.61it/s, buffer=276600, ret=12.67, success=0.00]
Training episodes:  55%|█████▌    | 1383/2500 [13:45<11:34,  1.61it/s, buffer=276600, ret=12.67, success=0.00]
Training episodes:  55%|█████▌    | 1383/2500 [13:45<11:34,  1.61it/s, buffer=276800, ret=24.99, success=0.00]
Training episodes:  55%|█████▌    | 1384/2500 [13:45<11:28,  1.62it/s, buffer=276800, ret=24.99, success=0.00]
Training episodes:  55%|█████▌    | 1384/2500 [13:46<11:28,  1.62it/s, buffer=277000, ret=13.38, success=0.00]
Training episodes:  55%|█████▌    | 1385/2500 [13:46<11:25,  1.63it/s, buffer=277000, ret=13.38, success=0.00]
Training episodes:  55%|█████▌    | 1385/2500 [13:46<11:25,  1.63it/s, buffer=277200, ret=12.23, success=0.00]
Training episodes:  55%|█████▌    | 1386/2500 [13:46<11:27,  1.62it/s, buffer=277200, ret=12.23, success=0.00]
Training episodes:  55%|█████▌    | 1386/2500 [13:47<11:27,  1.62it/s, buffer=277400, ret=12.76, success=0.00]
Training episodes:  55%|█████▌    | 1387/2500 [13:47<11:22,  1.63it/s, buffer=277400, ret=12.76, success=0.00]
Training episodes:  55%|█████▌    | 1387/2500 [13:48<11:22,  1.63it/s, buffer=277600, ret=10.95, success=0.00]
Training episodes:  56%|█████▌    | 1388/2500 [13:48<11:24,  1.62it/s, buffer=277600, ret=10.95, success=0.00]
Training episodes:  56%|█████▌    | 1388/2500 [13:48<11:24,  1.62it/s, buffer=277800, ret=31.14, success=0.00]
Training episodes:  56%|█████▌    | 1389/2500 [13:48<11:27,  1.62it/s, buffer=277800, ret=31.14, success=0.00]
Training episodes:  56%|█████▌    | 1389/2500 [13:49<11:27,  1.62it/s, buffer=278000, ret=11.82, success=0.00]
Training episodes:  56%|█████▌    | 1390/2500 [13:49<11:22,  1.63it/s, buffer=278000, ret=11.82, success=0.00]
Training episodes:  56%|█████▌    | 1390/2500 [13:50<11:22,  1.63it/s, buffer=278200, ret=16.01, success=0.00]
Training episodes:  56%|█████▌    | 1391/2500 [13:50<11:21,  1.63it/s, buffer=278200, ret=16.01, success=0.00]
Training episodes:  56%|█████▌    | 1391/2500 [13:50<11:21,  1.63it/s, buffer=278400, ret=43.08, success=0.00]
Training episodes:  56%|█████▌    | 1392/2500 [13:50<11:22,  1.62it/s, buffer=278400, ret=43.08, success=0.00]
Training episodes:  56%|█████▌    | 1392/2500 [13:51<11:22,  1.62it/s, buffer=278600, ret=19.12, success=0.00]
Training episodes:  56%|█████▌    | 1393/2500 [13:51<11:17,  1.63it/s, buffer=278600, ret=19.12, success=0.00]
Training episodes:  56%|█████▌    | 1393/2500 [13:51<11:17,  1.63it/s, buffer=278800, ret=14.22, success=0.00]
Training episodes:  56%|█████▌    | 1394/2500 [13:51<11:16,  1.64it/s, buffer=278800, ret=14.22, success=0.00]
Training episodes:  56%|█████▌    | 1394/2500 [13:52<11:16,  1.64it/s, buffer=279000, ret=11.18, success=0.00]
Training episodes:  56%|█████▌    | 1395/2500 [13:52<11:12,  1.64it/s, buffer=279000, ret=11.18, success=0.00]
Training episodes:  56%|█████▌    | 1395/2500 [13:53<11:12,  1.64it/s, buffer=279200, ret=27.27, success=0.00]
Training episodes:  56%|█████▌    | 1396/2500 [13:53<11:19,  1.62it/s, buffer=279200, ret=27.27, success=0.00]
Training episodes:  56%|█████▌    | 1396/2500 [13:53<11:19,  1.62it/s, buffer=279400, ret=16.30, success=0.00]
Training episodes:  56%|█████▌    | 1397/2500 [13:53<11:16,  1.63it/s, buffer=279400, ret=16.30, success=0.00]
Training episodes:  56%|█████▌    | 1397/2500 [13:54<11:16,  1.63it/s, buffer=279600, ret=10.98, success=0.00]
Training episodes:  56%|█████▌    | 1398/2500 [13:54<11:16,  1.63it/s, buffer=279600, ret=10.98, success=0.00]
Training episodes:  56%|█████▌    | 1398/2500 [13:54<11:16,  1.63it/s, buffer=279800, ret=16.12, success=0.00]
Training episodes:  56%|█████▌    | 1399/2500 [13:54<11:11,  1.64it/s, buffer=279800, ret=16.12, success=0.00]
Training episodes:  56%|█████▌    | 1399/2500 [13:55<11:11,  1.64it/s, buffer=280000, ret=10.92, success=0.00]wandb: WARNING `fps` argument does not affect the frame rate of the video when providing a file path or raw bytes.

Training episodes:  56%|█████▌    | 1400/2500 [13:56<14:22,  1.28it/s, buffer=280000, ret=10.92, success=0.00]
Training episodes:  56%|█████▌    | 1400/2500 [13:56<14:22,  1.28it/s, buffer=280200, ret=14.47, success=0.00]
Training episodes:  56%|█████▌    | 1401/2500 [13:56<13:25,  1.37it/s, buffer=280200, ret=14.47, success=0.00]
Training episodes:  56%|█████▌    | 1401/2500 [13:57<13:25,  1.37it/s, buffer=280400, ret=15.01, success=0.00]
Training episodes:  56%|█████▌    | 1402/2500 [13:57<12:42,  1.44it/s, buffer=280400, ret=15.01, success=0.00]
Training episodes:  56%|█████▌    | 1402/2500 [13:57<12:42,  1.44it/s, buffer=280600, ret=18.20, success=0.00]
Training episodes:  56%|█████▌    | 1403/2500 [13:57<12:13,  1.50it/s, buffer=280600, ret=18.20, success=0.00]
Training episodes:  56%|█████▌    | 1403/2500 [13:58<12:13,  1.50it/s, buffer=280800, ret=14.28, success=0.00]
Training episodes:  56%|█████▌    | 1404/2500 [13:58<12:03,  1.51it/s, buffer=280800, ret=14.28, success=0.00]
Training episodes:  56%|█████▌    | 1404/2500 [13:59<12:03,  1.51it/s, buffer=281000, ret=11.43, success=0.00]
Training episodes:  56%|█████▌    | 1405/2500 [13:59<11:48,  1.54it/s, buffer=281000, ret=11.43, success=0.00]
Training episodes:  56%|█████▌    | 1405/2500 [13:59<11:48,  1.54it/s, buffer=281200, ret=12.57, success=0.00]
Training episodes:  56%|█████▌    | 1406/2500 [13:59<11:38,  1.57it/s, buffer=281200, ret=12.57, success=0.00]
Training episodes:  56%|█████▌    | 1406/2500 [14:00<11:38,  1.57it/s, buffer=281400, ret=21.36, success=0.00]
Training episodes:  56%|█████▋    | 1407/2500 [14:00<11:33,  1.58it/s, buffer=281400, ret=21.36, success=0.00]
Training episodes:  56%|█████▋    | 1407/2500 [14:01<11:33,  1.58it/s, buffer=281600, ret=12.71, success=0.00]
Training episodes:  56%|█████▋    | 1408/2500 [14:01<11:28,  1.59it/s, buffer=281600, ret=12.71, success=0.00]
Training episodes:  56%|█████▋    | 1408/2500 [14:01<11:28,  1.59it/s, buffer=281800, ret=17.96, success=0.00]
Training episodes:  56%|█████▋    | 1409/2500 [14:01<11:23,  1.60it/s, buffer=281800, ret=17.96, success=0.00]
Training episodes:  56%|█████▋    | 1409/2500 [14:02<11:23,  1.60it/s, buffer=282000, ret=13.68, success=0.00]
Training episodes:  56%|█████▋    | 1410/2500 [14:02<11:15,  1.61it/s, buffer=282000, ret=13.68, success=0.00]
Training episodes:  56%|█████▋    | 1410/2500 [14:02<11:15,  1.61it/s, buffer=282200, ret=15.42, success=0.00]
Training episodes:  56%|█████▋    | 1411/2500 [14:02<11:11,  1.62it/s, buffer=282200, ret=15.42, success=0.00]
Training episodes:  56%|█████▋    | 1411/2500 [14:03<11:11,  1.62it/s, buffer=282400, ret=17.13, success=0.00]
Training episodes:  56%|█████▋    | 1412/2500 [14:03<11:12,  1.62it/s, buffer=282400, ret=17.13, success=0.00]
Training episodes:  56%|█████▋    | 1412/2500 [14:04<11:12,  1.62it/s, buffer=282600, ret=12.91, success=0.00]
Training episodes:  57%|█████▋    | 1413/2500 [14:04<11:06,  1.63it/s, buffer=282600, ret=12.91, success=0.00]
Training episodes:  57%|█████▋    | 1413/2500 [14:04<11:06,  1.63it/s, buffer=282800, ret=15.64, success=0.00]
Training episodes:  57%|█████▋    | 1414/2500 [14:04<11:06,  1.63it/s, buffer=282800, ret=15.64, success=0.00]
Training episodes:  57%|█████▋    | 1414/2500 [14:05<11:06,  1.63it/s, buffer=283000, ret=18.69, success=0.00]
Training episodes:  57%|█████▋    | 1415/2500 [14:05<11:10,  1.62it/s, buffer=283000, ret=18.69, success=0.00]
Training episodes:  57%|█████▋    | 1415/2500 [14:05<11:10,  1.62it/s, buffer=283200, ret=13.65, success=0.00]
Training episodes:  57%|█████▋    | 1416/2500 [14:05<11:10,  1.62it/s, buffer=283200, ret=13.65, success=0.00]
Training episodes:  57%|█████▋    | 1416/2500 [14:06<11:10,  1.62it/s, buffer=283400, ret=12.08, success=0.00]
Training episodes:  57%|█████▋    | 1417/2500 [14:06<11:04,  1.63it/s, buffer=283400, ret=12.08, success=0.00]
Training episodes:  57%|█████▋    | 1417/2500 [14:07<11:04,  1.63it/s, buffer=283600, ret=13.69, success=0.00]
Training episodes:  57%|█████▋    | 1418/2500 [14:07<11:12,  1.61it/s, buffer=283600, ret=13.69, success=0.00]
Training episodes:  57%|█████▋    | 1418/2500 [14:07<11:12,  1.61it/s, buffer=283800, ret=17.54, success=0.00]
Training episodes:  57%|█████▋    | 1419/2500 [14:07<11:11,  1.61it/s, buffer=283800, ret=17.54, success=0.00]
Training episodes:  57%|█████▋    | 1419/2500 [14:08<11:11,  1.61it/s, buffer=284000, ret=12.14, success=0.00]
Training episodes:  57%|█████▋    | 1420/2500 [14:08<11:09,  1.61it/s, buffer=284000, ret=12.14, success=0.00]
Training episodes:  57%|█████▋    | 1420/2500 [14:09<11:09,  1.61it/s, buffer=284200, ret=29.05, success=0.00]
Training episodes:  57%|█████▋    | 1421/2500 [14:09<11:04,  1.62it/s, buffer=284200, ret=29.05, success=0.00]
Training episodes:  57%|█████▋    | 1421/2500 [14:09<11:04,  1.62it/s, buffer=284400, ret=40.87, success=0.00]
Training episodes:  57%|█████▋    | 1422/2500 [14:09<11:07,  1.62it/s, buffer=284400, ret=40.87, success=0.00]
Training episodes:  57%|█████▋    | 1422/2500 [14:10<11:07,  1.62it/s, buffer=284600, ret=52.53, success=0.00]
Training episodes:  57%|█████▋    | 1423/2500 [14:10<11:20,  1.58it/s, buffer=284600, ret=52.53, success=0.00]
Training episodes:  57%|█████▋    | 1423/2500 [14:10<11:20,  1.58it/s, buffer=284800, ret=36.33, success=0.00]
Training episodes:  57%|█████▋    | 1424/2500 [14:10<11:14,  1.60it/s, buffer=284800, ret=36.33, success=0.00]
Training episodes:  57%|█████▋    | 1424/2500 [14:11<11:14,  1.60it/s, buffer=285000, ret=13.68, success=0.00]
Training episodes:  57%|█████▋    | 1425/2500 [14:11<11:21,  1.58it/s, buffer=285000, ret=13.68, success=0.00]
Training episodes:  57%|█████▋    | 1425/2500 [14:12<11:21,  1.58it/s, buffer=285200, ret=11.60, success=0.00]
Training episodes:  57%|█████▋    | 1426/2500 [14:12<11:18,  1.58it/s, buffer=285200, ret=11.60, success=0.00]
Training episodes:  57%|█████▋    | 1426/2500 [14:12<11:18,  1.58it/s, buffer=285400, ret=12.86, success=0.00]
Training episodes:  57%|█████▋    | 1427/2500 [14:12<11:17,  1.58it/s, buffer=285400, ret=12.86, success=0.00]
Training episodes:  57%|█████▋    | 1427/2500 [14:13<11:17,  1.58it/s, buffer=285600, ret=14.07, success=0.00]
Training episodes:  57%|█████▋    | 1428/2500 [14:13<11:12,  1.59it/s, buffer=285600, ret=14.07, success=0.00]
Training episodes:  57%|█████▋    | 1428/2500 [14:14<11:12,  1.59it/s, buffer=285800, ret=15.15, success=0.00]
Training episodes:  57%|█████▋    | 1429/2500 [14:14<10:59,  1.62it/s, buffer=285800, ret=15.15, success=0.00]
Training episodes:  57%|█████▋    | 1429/2500 [14:14<10:59,  1.62it/s, buffer=286000, ret=12.11, success=0.00]
Training episodes:  57%|█████▋    | 1430/2500 [14:14<11:00,  1.62it/s, buffer=286000, ret=12.11, success=0.00]
Training episodes:  57%|█████▋    | 1430/2500 [14:15<11:00,  1.62it/s, buffer=286200, ret=18.13, success=0.00]
Training episodes:  57%|█████▋    | 1431/2500 [14:15<10:59,  1.62it/s, buffer=286200, ret=18.13, success=0.00]
Training episodes:  57%|█████▋    | 1431/2500 [14:15<10:59,  1.62it/s, buffer=286400, ret=11.48, success=0.00]
Training episodes:  57%|█████▋    | 1432/2500 [14:15<11:00,  1.62it/s, buffer=286400, ret=11.48, success=0.00]
Training episodes:  57%|█████▋    | 1432/2500 [14:16<11:00,  1.62it/s, buffer=286600, ret=12.59, success=0.00]
Training episodes:  57%|█████▋    | 1433/2500 [14:16<11:02,  1.61it/s, buffer=286600, ret=12.59, success=0.00]
Training episodes:  57%|█████▋    | 1433/2500 [14:17<11:02,  1.61it/s, buffer=286800, ret=30.75, success=0.00]
Training episodes:  57%|█████▋    | 1434/2500 [14:17<10:59,  1.62it/s, buffer=286800, ret=30.75, success=0.00]
Training episodes:  57%|█████▋    | 1434/2500 [14:17<10:59,  1.62it/s, buffer=287000, ret=12.01, success=0.00]
Training episodes:  57%|█████▋    | 1435/2500 [14:17<10:54,  1.63it/s, buffer=287000, ret=12.01, success=0.00]
Training episodes:  57%|█████▋    | 1435/2500 [14:18<10:54,  1.63it/s, buffer=287200, ret=11.39, success=0.00]
Training episodes:  57%|█████▋    | 1436/2500 [14:18<10:54,  1.62it/s, buffer=287200, ret=11.39, success=0.00]
Training episodes:  57%|█████▋    | 1436/2500 [14:19<10:54,  1.62it/s, buffer=287400, ret=13.45, success=0.00]
Training episodes:  57%|█████▋    | 1437/2500 [14:19<10:53,  1.63it/s, buffer=287400, ret=13.45, success=0.00]
Training episodes:  57%|█████▋    | 1437/2500 [14:19<10:53,  1.63it/s, buffer=287600, ret=13.82, success=0.00]
Training episodes:  58%|█████▊    | 1438/2500 [14:19<10:58,  1.61it/s, buffer=287600, ret=13.82, success=0.00]
Training episodes:  58%|█████▊    | 1438/2500 [14:20<10:58,  1.61it/s, buffer=287800, ret=30.18, success=0.00]
Training episodes:  58%|█████▊    | 1439/2500 [14:20<11:00,  1.61it/s, buffer=287800, ret=30.18, success=0.00]
Training episodes:  58%|█████▊    | 1439/2500 [14:20<11:00,  1.61it/s, buffer=288000, ret=13.54, success=0.00]
Training episodes:  58%|█████▊    | 1440/2500 [14:20<11:01,  1.60it/s, buffer=288000, ret=13.54, success=0.00]
Training episodes:  58%|█████▊    | 1440/2500 [14:21<11:01,  1.60it/s, buffer=288200, ret=11.30, success=0.00]
Training episodes:  58%|█████▊    | 1441/2500 [14:21<11:02,  1.60it/s, buffer=288200, ret=11.30, success=0.00]
Training episodes:  58%|█████▊    | 1441/2500 [14:22<11:02,  1.60it/s, buffer=288400, ret=15.64, success=0.00]
Training episodes:  58%|█████▊    | 1442/2500 [14:22<11:05,  1.59it/s, buffer=288400, ret=15.64, success=0.00]
Training episodes:  58%|█████▊    | 1442/2500 [14:22<11:05,  1.59it/s, buffer=288600, ret=15.11, success=0.00]
Training episodes:  58%|█████▊    | 1443/2500 [14:22<11:02,  1.60it/s, buffer=288600, ret=15.11, success=0.00]
Training episodes:  58%|█████▊    | 1443/2500 [14:23<11:02,  1.60it/s, buffer=288800, ret=30.78, success=0.00]
Training episodes:  58%|█████▊    | 1444/2500 [14:23<11:04,  1.59it/s, buffer=288800, ret=30.78, success=0.00]
Training episodes:  58%|█████▊    | 1444/2500 [14:24<11:04,  1.59it/s, buffer=289000, ret=14.17, success=0.00]
Training episodes:  58%|█████▊    | 1445/2500 [14:24<11:08,  1.58it/s, buffer=289000, ret=14.17, success=0.00]
Training episodes:  58%|█████▊    | 1445/2500 [14:24<11:08,  1.58it/s, buffer=289200, ret=14.40, success=0.00]
Training episodes:  58%|█████▊    | 1446/2500 [14:24<11:05,  1.58it/s, buffer=289200, ret=14.40, success=0.00]
Training episodes:  58%|█████▊    | 1446/2500 [14:25<11:05,  1.58it/s, buffer=289400, ret=12.03, success=0.00]
Training episodes:  58%|█████▊    | 1447/2500 [14:25<11:05,  1.58it/s, buffer=289400, ret=12.03, success=0.00]
Training episodes:  58%|█████▊    | 1447/2500 [14:25<11:05,  1.58it/s, buffer=289600, ret=16.90, success=0.00]
Training episodes:  58%|█████▊    | 1448/2500 [14:25<11:00,  1.59it/s, buffer=289600, ret=16.90, success=0.00]
Training episodes:  58%|█████▊    | 1448/2500 [14:26<11:00,  1.59it/s, buffer=289800, ret=17.05, success=0.00]
Training episodes:  58%|█████▊    | 1449/2500 [14:26<10:54,  1.60it/s, buffer=289800, ret=17.05, success=0.00]
Training episodes:  58%|█████▊    | 1449/2500 [14:27<10:54,  1.60it/s, buffer=290000, ret=16.86, success=0.00]wandb: WARNING `fps` argument does not affect the frame rate of the video when providing a file path or raw bytes.

Training episodes:  58%|█████▊    | 1450/2500 [14:27<14:07,  1.24it/s, buffer=290000, ret=16.86, success=0.00]
Training episodes:  58%|█████▊    | 1450/2500 [14:28<14:07,  1.24it/s, buffer=290200, ret=14.40, success=0.00]
Training episodes:  58%|█████▊    | 1451/2500 [14:28<13:12,  1.32it/s, buffer=290200, ret=14.40, success=0.00]
Training episodes:  58%|█████▊    | 1451/2500 [14:29<13:12,  1.32it/s, buffer=290400, ret=31.15, success=0.00]
Training episodes:  58%|█████▊    | 1452/2500 [14:29<12:33,  1.39it/s, buffer=290400, ret=31.15, success=0.00]
Training episodes:  58%|█████▊    | 1452/2500 [14:29<12:33,  1.39it/s, buffer=290600, ret=12.15, success=0.00]
Training episodes:  58%|█████▊    | 1453/2500 [14:29<12:03,  1.45it/s, buffer=290600, ret=12.15, success=0.00]
Training episodes:  58%|█████▊    | 1453/2500 [14:30<12:03,  1.45it/s, buffer=290800, ret=17.26, success=0.00]
Training episodes:  58%|█████▊    | 1454/2500 [14:30<11:37,  1.50it/s, buffer=290800, ret=17.26, success=0.00]
Training episodes:  58%|█████▊    | 1454/2500 [14:30<11:37,  1.50it/s, buffer=291000, ret=18.68, success=0.00]
Training episodes:  58%|█████▊    | 1455/2500 [14:30<11:21,  1.53it/s, buffer=291000, ret=18.68, success=0.00]
Training episodes:  58%|█████▊    | 1455/2500 [14:31<11:21,  1.53it/s, buffer=291200, ret=16.38, success=0.00]
Training episodes:  58%|█████▊    | 1456/2500 [14:31<11:16,  1.54it/s, buffer=291200, ret=16.38, success=0.00]
Training episodes:  58%|█████▊    | 1456/2500 [14:32<11:16,  1.54it/s, buffer=291400, ret=31.18, success=0.00]
Training episodes:  58%|█████▊    | 1457/2500 [14:32<11:14,  1.55it/s, buffer=291400, ret=31.18, success=0.00]
Training episodes:  58%|█████▊    | 1457/2500 [14:32<11:14,  1.55it/s, buffer=291600, ret=21.70, success=0.00]
Training episodes:  58%|█████▊    | 1458/2500 [14:32<11:04,  1.57it/s, buffer=291600, ret=21.70, success=0.00]
Training episodes:  58%|█████▊    | 1458/2500 [14:33<11:04,  1.57it/s, buffer=291800, ret=13.90, success=0.00]
Training episodes:  58%|█████▊    | 1459/2500 [14:33<10:57,  1.58it/s, buffer=291800, ret=13.90, success=0.00]
Training episodes:  58%|█████▊    | 1459/2500 [14:34<10:57,  1.58it/s, buffer=292000, ret=12.50, success=0.00]
Training episodes:  58%|█████▊    | 1460/2500 [14:34<10:52,  1.59it/s, buffer=292000, ret=12.50, success=0.00]
Training episodes:  58%|█████▊    | 1460/2500 [14:34<10:52,  1.59it/s, buffer=292200, ret=17.81, success=0.00]
Training episodes:  58%|█████▊    | 1461/2500 [14:34<10:44,  1.61it/s, buffer=292200, ret=17.81, success=0.00]
Training episodes:  58%|█████▊    | 1461/2500 [14:35<10:44,  1.61it/s, buffer=292400, ret=12.37, success=0.00]
Training episodes:  58%|█████▊    | 1462/2500 [14:35<10:45,  1.61it/s, buffer=292400, ret=12.37, success=0.00]
Training episodes:  58%|█████▊    | 1462/2500 [14:35<10:45,  1.61it/s, buffer=292600, ret=11.49, success=0.00]
Training episodes:  59%|█████▊    | 1463/2500 [14:35<10:46,  1.60it/s, buffer=292600, ret=11.49, success=0.00]
Training episodes:  59%|█████▊    | 1463/2500 [14:36<10:46,  1.60it/s, buffer=292800, ret=13.94, success=0.00]
Training episodes:  59%|█████▊    | 1464/2500 [14:36<10:49,  1.60it/s, buffer=292800, ret=13.94, success=0.00]
Training episodes:  59%|█████▊    | 1464/2500 [14:37<10:49,  1.60it/s, buffer=293000, ret=10.21, success=0.00]
Training episodes:  59%|█████▊    | 1465/2500 [14:37<10:43,  1.61it/s, buffer=293000, ret=10.21, success=0.00]
Training episodes:  59%|█████▊    | 1465/2500 [14:37<10:43,  1.61it/s, buffer=293200, ret=13.55, success=0.00]
Training episodes:  59%|█████▊    | 1466/2500 [14:37<10:43,  1.61it/s, buffer=293200, ret=13.55, success=0.00]
Training episodes:  59%|█████▊    | 1466/2500 [14:38<10:43,  1.61it/s, buffer=293400, ret=14.68, success=0.00]
Training episodes:  59%|█████▊    | 1467/2500 [14:38<10:41,  1.61it/s, buffer=293400, ret=14.68, success=0.00]
Training episodes:  59%|█████▊    | 1467/2500 [14:39<10:41,  1.61it/s, buffer=293600, ret=15.61, success=0.00]
Training episodes:  59%|█████▊    | 1468/2500 [14:39<10:41,  1.61it/s, buffer=293600, ret=15.61, success=0.00]
Training episodes:  59%|█████▊    | 1468/2500 [14:39<10:41,  1.61it/s, buffer=293800, ret=12.35, success=0.00]
Training episodes:  59%|█████▉    | 1469/2500 [14:39<10:35,  1.62it/s, buffer=293800, ret=12.35, success=0.00]
Training episodes:  59%|█████▉    | 1469/2500 [14:40<10:35,  1.62it/s, buffer=294000, ret=11.56, success=0.00]
Training episodes:  59%|█████▉    | 1470/2500 [14:40<10:33,  1.63it/s, buffer=294000, ret=11.56, success=0.00]
Training episodes:  59%|█████▉    | 1470/2500 [14:40<10:33,  1.63it/s, buffer=294200, ret=21.82, success=0.00]
Training episodes:  59%|█████▉    | 1471/2500 [14:40<10:34,  1.62it/s, buffer=294200, ret=21.82, success=0.00]
Training episodes:  59%|█████▉    | 1471/2500 [14:41<10:34,  1.62it/s, buffer=294400, ret=10.28, success=0.00]
Training episodes:  59%|█████▉    | 1472/2500 [14:41<10:32,  1.62it/s, buffer=294400, ret=10.28, success=0.00]
Training episodes:  59%|█████▉    | 1472/2500 [14:42<10:32,  1.62it/s, buffer=294600, ret=15.30, success=0.00]
Training episodes:  59%|█████▉    | 1473/2500 [14:42<10:39,  1.61it/s, buffer=294600, ret=15.30, success=0.00]
Training episodes:  59%|█████▉    | 1473/2500 [14:42<10:39,  1.61it/s, buffer=294800, ret=50.28, success=0.00]
Training episodes:  59%|█████▉    | 1474/2500 [14:42<10:44,  1.59it/s, buffer=294800, ret=50.28, success=0.00]
Training episodes:  59%|█████▉    | 1474/2500 [14:43<10:44,  1.59it/s, buffer=295000, ret=11.97, success=0.00]
Training episodes:  59%|█████▉    | 1475/2500 [14:43<10:52,  1.57it/s, buffer=295000, ret=11.97, success=0.00]
Training episodes:  59%|█████▉    | 1475/2500 [14:44<10:52,  1.57it/s, buffer=295200, ret=13.56, success=0.00]
Training episodes:  59%|█████▉    | 1476/2500 [14:44<10:45,  1.59it/s, buffer=295200, ret=13.56, success=0.00]
Training episodes:  59%|█████▉    | 1476/2500 [14:44<10:45,  1.59it/s, buffer=295400, ret=18.82, success=0.00]
Training episodes:  59%|█████▉    | 1477/2500 [14:44<10:42,  1.59it/s, buffer=295400, ret=18.82, success=0.00]
Training episodes:  59%|█████▉    | 1477/2500 [14:45<10:42,  1.59it/s, buffer=295600, ret=10.76, success=0.00]
Training episodes:  59%|█████▉    | 1478/2500 [14:45<10:36,  1.61it/s, buffer=295600, ret=10.76, success=0.00]
Training episodes:  59%|█████▉    | 1478/2500 [14:45<10:36,  1.61it/s, buffer=295800, ret=46.24, success=0.00]
Training episodes:  59%|█████▉    | 1479/2500 [14:45<10:48,  1.57it/s, buffer=295800, ret=46.24, success=0.00]
Training episodes:  59%|█████▉    | 1479/2500 [14:46<10:48,  1.57it/s, buffer=296000, ret=14.92, success=0.00]
Training episodes:  59%|█████▉    | 1480/2500 [14:46<10:50,  1.57it/s, buffer=296000, ret=14.92, success=0.00]
Training episodes:  59%|█████▉    | 1480/2500 [14:47<10:50,  1.57it/s, buffer=296200, ret=11.08, success=0.00]
Training episodes:  59%|█████▉    | 1481/2500 [14:47<10:52,  1.56it/s, buffer=296200, ret=11.08, success=0.00]
Training episodes:  59%|█████▉    | 1481/2500 [14:47<10:52,  1.56it/s, buffer=296400, ret=19.19, success=0.00]
Training episodes:  59%|█████▉    | 1482/2500 [14:47<10:50,  1.57it/s, buffer=296400, ret=19.19, success=0.00]
Training episodes:  59%|█████▉    | 1482/2500 [14:48<10:50,  1.57it/s, buffer=296600, ret=12.02, success=0.00]
Training episodes:  59%|█████▉    | 1483/2500 [14:48<10:42,  1.58it/s, buffer=296600, ret=12.02, success=0.00]
Training episodes:  59%|█████▉    | 1483/2500 [14:49<10:42,  1.58it/s, buffer=296800, ret=11.48, success=0.00]
Training episodes:  59%|█████▉    | 1484/2500 [14:49<10:33,  1.60it/s, buffer=296800, ret=11.48, success=0.00]
Training episodes:  59%|█████▉    | 1484/2500 [14:49<10:33,  1.60it/s, buffer=297000, ret=12.58, success=0.00]
Training episodes:  59%|█████▉    | 1485/2500 [14:49<10:31,  1.61it/s, buffer=297000, ret=12.58, success=0.00]
Training episodes:  59%|█████▉    | 1485/2500 [14:50<10:31,  1.61it/s, buffer=297200, ret=14.80, success=0.00]
Training episodes:  59%|█████▉    | 1486/2500 [14:50<10:34,  1.60it/s, buffer=297200, ret=14.80, success=0.00]
Training episodes:  59%|█████▉    | 1486/2500 [14:51<10:34,  1.60it/s, buffer=297400, ret=31.57, success=0.00]
Training episodes:  59%|█████▉    | 1487/2500 [14:51<10:47,  1.57it/s, buffer=297400, ret=31.57, success=0.00]
Training episodes:  59%|█████▉    | 1487/2500 [14:51<10:47,  1.57it/s, buffer=297600, ret=10.64, success=0.00]
Training episodes:  60%|█████▉    | 1488/2500 [14:51<10:42,  1.58it/s, buffer=297600, ret=10.64, success=0.00]
Training episodes:  60%|█████▉    | 1488/2500 [14:52<10:42,  1.58it/s, buffer=297800, ret=15.45, success=0.00]
Training episodes:  60%|█████▉    | 1489/2500 [14:52<10:39,  1.58it/s, buffer=297800, ret=15.45, success=0.00]
Training episodes:  60%|█████▉    | 1489/2500 [14:52<10:39,  1.58it/s, buffer=298000, ret=31.47, success=0.00]
Training episodes:  60%|█████▉    | 1490/2500 [14:52<10:35,  1.59it/s, buffer=298000, ret=31.47, success=0.00]
Training episodes:  60%|█████▉    | 1490/2500 [14:53<10:35,  1.59it/s, buffer=298200, ret=13.25, success=0.00]
Training episodes:  60%|█████▉    | 1491/2500 [14:53<10:28,  1.61it/s, buffer=298200, ret=13.25, success=0.00]
Training episodes:  60%|█████▉    | 1491/2500 [14:54<10:28,  1.61it/s, buffer=298400, ret=13.85, success=0.00]
Training episodes:  60%|█████▉    | 1492/2500 [14:54<10:20,  1.62it/s, buffer=298400, ret=13.85, success=0.00]
Training episodes:  60%|█████▉    | 1492/2500 [14:54<10:20,  1.62it/s, buffer=298600, ret=16.20, success=0.00]
Training episodes:  60%|█████▉    | 1493/2500 [14:54<10:29,  1.60it/s, buffer=298600, ret=16.20, success=0.00]
Training episodes:  60%|█████▉    | 1493/2500 [14:55<10:29,  1.60it/s, buffer=298800, ret=10.96, success=0.00]
Training episodes:  60%|█████▉    | 1494/2500 [14:55<10:28,  1.60it/s, buffer=298800, ret=10.96, success=0.00]
Training episodes:  60%|█████▉    | 1494/2500 [14:55<10:28,  1.60it/s, buffer=299000, ret=19.10, success=0.00]
Training episodes:  60%|█████▉    | 1495/2500 [14:55<10:27,  1.60it/s, buffer=299000, ret=19.10, success=0.00]
Training episodes:  60%|█████▉    | 1495/2500 [14:56<10:27,  1.60it/s, buffer=299200, ret=11.94, success=0.00]
Training episodes:  60%|█████▉    | 1496/2500 [14:56<10:21,  1.62it/s, buffer=299200, ret=11.94, success=0.00]
Training episodes:  60%|█████▉    | 1496/2500 [14:57<10:21,  1.62it/s, buffer=299400, ret=23.99, success=0.00]
Training episodes:  60%|█████▉    | 1497/2500 [14:57<10:22,  1.61it/s, buffer=299400, ret=23.99, success=0.00]
Training episodes:  60%|█████▉    | 1497/2500 [14:57<10:22,  1.61it/s, buffer=3e+5, ret=25.70, success=0.00]  
Training episodes:  60%|█████▉    | 1498/2500 [14:57<10:27,  1.60it/s, buffer=3e+5, ret=25.70, success=0.00]
Training episodes:  60%|█████▉    | 1498/2500 [14:58<10:27,  1.60it/s, buffer=3e+5, ret=12.35, success=0.00]
Training episodes:  60%|█████▉    | 1499/2500 [14:58<10:21,  1.61it/s, buffer=3e+5, ret=12.35, success=0.00]
Training episodes:  60%|█████▉    | 1499/2500 [14:59<10:21,  1.61it/s, buffer=3e+5, ret=12.02, success=0.00]wandb: WARNING `fps` argument does not affect the frame rate of the video when providing a file path or raw bytes.

Training episodes:  60%|██████    | 1500/2500 [14:59<13:18,  1.25it/s, buffer=3e+5, ret=12.02, success=0.00]
Training episodes:  60%|██████    | 1500/2500 [15:00<13:18,  1.25it/s, buffer=3e+5, ret=12.81, success=0.00]
Training episodes:  60%|██████    | 1501/2500 [15:00<12:27,  1.34it/s, buffer=3e+5, ret=12.81, success=0.00]
Training episodes:  60%|██████    | 1501/2500 [15:00<12:27,  1.34it/s, buffer=3e+5, ret=13.71, success=0.00]
Training episodes:  60%|██████    | 1502/2500 [15:00<11:44,  1.42it/s, buffer=3e+5, ret=13.71, success=0.00]
Training episodes:  60%|██████    | 1502/2500 [15:01<11:44,  1.42it/s, buffer=300600, ret=28.75, success=0.00]
Training episodes:  60%|██████    | 1503/2500 [15:01<11:10,  1.49it/s, buffer=300600, ret=28.75, success=0.00]
Training episodes:  60%|██████    | 1503/2500 [15:02<11:10,  1.49it/s, buffer=300800, ret=12.40, success=0.00]
Training episodes:  60%|██████    | 1504/2500 [15:02<10:54,  1.52it/s, buffer=300800, ret=12.40, success=0.00]
Training episodes:  60%|██████    | 1504/2500 [15:02<10:54,  1.52it/s, buffer=301000, ret=13.16, success=0.00]
Training episodes:  60%|██████    | 1505/2500 [15:02<10:39,  1.56it/s, buffer=301000, ret=13.16, success=0.00]
Training episodes:  60%|██████    | 1505/2500 [15:03<10:39,  1.56it/s, buffer=301200, ret=14.46, success=0.00]
Training episodes:  60%|██████    | 1506/2500 [15:03<10:27,  1.58it/s, buffer=301200, ret=14.46, success=0.00]
Training episodes:  60%|██████    | 1506/2500 [15:03<10:27,  1.58it/s, buffer=301400, ret=13.68, success=0.00]
Training episodes:  60%|██████    | 1507/2500 [15:03<10:25,  1.59it/s, buffer=301400, ret=13.68, success=0.00]
Training episodes:  60%|██████    | 1507/2500 [15:04<10:25,  1.59it/s, buffer=301600, ret=11.28, success=0.00]
Training episodes:  60%|██████    | 1508/2500 [15:04<10:25,  1.59it/s, buffer=301600, ret=11.28, success=0.00]
Training episodes:  60%|██████    | 1508/2500 [15:05<10:25,  1.59it/s, buffer=301800, ret=12.70, success=0.00]
Training episodes:  60%|██████    | 1509/2500 [15:05<10:18,  1.60it/s, buffer=301800, ret=12.70, success=0.00]
Training episodes:  60%|██████    | 1509/2500 [15:05<10:18,  1.60it/s, buffer=302000, ret=11.36, success=0.00]
Training episodes:  60%|██████    | 1510/2500 [15:05<10:17,  1.60it/s, buffer=302000, ret=11.36, success=0.00]
Training episodes:  60%|██████    | 1510/2500 [15:06<10:17,  1.60it/s, buffer=302200, ret=12.97, success=0.00]
Training episodes:  60%|██████    | 1511/2500 [15:06<10:19,  1.60it/s, buffer=302200, ret=12.97, success=0.00]
Training episodes:  60%|██████    | 1511/2500 [15:07<10:19,  1.60it/s, buffer=302400, ret=13.49, success=0.00]
Training episodes:  60%|██████    | 1512/2500 [15:07<10:16,  1.60it/s, buffer=302400, ret=13.49, success=0.00]
Training episodes:  60%|██████    | 1512/2500 [15:07<10:16,  1.60it/s, buffer=302600, ret=11.94, success=0.00]
Training episodes:  61%|██████    | 1513/2500 [15:07<10:09,  1.62it/s, buffer=302600, ret=11.94, success=0.00]
Training episodes:  61%|██████    | 1513/2500 [15:08<10:09,  1.62it/s, buffer=302800, ret=12.43, success=0.00]
Training episodes:  61%|██████    | 1514/2500 [15:08<10:10,  1.62it/s, buffer=302800, ret=12.43, success=0.00]
Training episodes:  61%|██████    | 1514/2500 [15:08<10:10,  1.62it/s, buffer=303000, ret=14.88, success=0.00]
Training episodes:  61%|██████    | 1515/2500 [15:08<10:08,  1.62it/s, buffer=303000, ret=14.88, success=0.00]
Training episodes:  61%|██████    | 1515/2500 [15:09<10:08,  1.62it/s, buffer=303200, ret=24.41, success=0.00]
Training episodes:  61%|██████    | 1516/2500 [15:09<10:09,  1.61it/s, buffer=303200, ret=24.41, success=0.00]
Training episodes:  61%|██████    | 1516/2500 [15:10<10:09,  1.61it/s, buffer=303400, ret=24.29, success=0.00]
Training episodes:  61%|██████    | 1517/2500 [15:10<10:02,  1.63it/s, buffer=303400, ret=24.29, success=0.00]
Training episodes:  61%|██████    | 1517/2500 [15:10<10:02,  1.63it/s, buffer=303600, ret=11.60, success=0.00]
Training episodes:  61%|██████    | 1518/2500 [15:10<10:02,  1.63it/s, buffer=303600, ret=11.60, success=0.00]
Training episodes:  61%|██████    | 1518/2500 [15:11<10:02,  1.63it/s, buffer=303800, ret=13.51, success=0.00]
Training episodes:  61%|██████    | 1519/2500 [15:11<10:02,  1.63it/s, buffer=303800, ret=13.51, success=0.00]
Training episodes:  61%|██████    | 1519/2500 [15:11<10:02,  1.63it/s, buffer=304000, ret=13.63, success=0.00]
Training episodes:  61%|██████    | 1520/2500 [15:11<10:01,  1.63it/s, buffer=304000, ret=13.63, success=0.00]
Training episodes:  61%|██████    | 1520/2500 [15:12<10:01,  1.63it/s, buffer=304200, ret=20.59, success=0.00]
Training episodes:  61%|██████    | 1521/2500 [15:12<09:58,  1.64it/s, buffer=304200, ret=20.59, success=0.00]
Training episodes:  61%|██████    | 1521/2500 [15:13<09:58,  1.64it/s, buffer=304400, ret=25.35, success=0.00]
Training episodes:  61%|██████    | 1522/2500 [15:13<09:56,  1.64it/s, buffer=304400, ret=25.35, success=0.00]
Training episodes:  61%|██████    | 1522/2500 [15:13<09:56,  1.64it/s, buffer=304600, ret=17.83, success=0.00]
Training episodes:  61%|██████    | 1523/2500 [15:13<10:03,  1.62it/s, buffer=304600, ret=17.83, success=0.00]
Training episodes:  61%|██████    | 1523/2500 [15:14<10:03,  1.62it/s, buffer=304800, ret=30.84, success=0.00]
Training episodes:  61%|██████    | 1524/2500 [15:14<10:04,  1.61it/s, buffer=304800, ret=30.84, success=0.00]
Training episodes:  61%|██████    | 1524/2500 [15:15<10:04,  1.61it/s, buffer=305000, ret=12.64, success=0.00]
Training episodes:  61%|██████    | 1525/2500 [15:15<10:04,  1.61it/s, buffer=305000, ret=12.64, success=0.00]
Training episodes:  61%|██████    | 1525/2500 [15:15<10:04,  1.61it/s, buffer=305200, ret=36.31, success=0.00]
Training episodes:  61%|██████    | 1526/2500 [15:15<10:11,  1.59it/s, buffer=305200, ret=36.31, success=0.00]
Training episodes:  61%|██████    | 1526/2500 [15:16<10:11,  1.59it/s, buffer=305400, ret=14.45, success=0.00]
Training episodes:  61%|██████    | 1527/2500 [15:16<10:03,  1.61it/s, buffer=305400, ret=14.45, success=0.00]
Training episodes:  61%|██████    | 1527/2500 [15:16<10:03,  1.61it/s, buffer=305600, ret=13.73, success=0.00]
Training episodes:  61%|██████    | 1528/2500 [15:16<10:06,  1.60it/s, buffer=305600, ret=13.73, success=0.00]
Training episodes:  61%|██████    | 1528/2500 [15:17<10:06,  1.60it/s, buffer=305800, ret=48.49, success=0.00]
Training episodes:  61%|██████    | 1529/2500 [15:17<10:07,  1.60it/s, buffer=305800, ret=48.49, success=0.00]
Training episodes:  61%|██████    | 1529/2500 [15:18<10:07,  1.60it/s, buffer=306000, ret=35.47, success=0.00]
Training episodes:  61%|██████    | 1530/2500 [15:18<10:18,  1.57it/s, buffer=306000, ret=35.47, success=0.00]
Training episodes:  61%|██████    | 1530/2500 [15:18<10:18,  1.57it/s, buffer=306200, ret=23.41, success=0.00]
Training episodes:  61%|██████    | 1531/2500 [15:18<10:10,  1.59it/s, buffer=306200, ret=23.41, success=0.00]
Training episodes:  61%|██████    | 1531/2500 [15:19<10:10,  1.59it/s, buffer=306400, ret=11.99, success=0.00]
Training episodes:  61%|██████▏   | 1532/2500 [15:19<10:05,  1.60it/s, buffer=306400, ret=11.99, success=0.00]
Training episodes:  61%|██████▏   | 1532/2500 [15:20<10:05,  1.60it/s, buffer=306600, ret=12.33, success=0.00]
Training episodes:  61%|██████▏   | 1533/2500 [15:20<09:55,  1.62it/s, buffer=306600, ret=12.33, success=0.00]
Training episodes:  61%|██████▏   | 1533/2500 [15:20<09:55,  1.62it/s, buffer=306800, ret=11.92, success=0.00]
Training episodes:  61%|██████▏   | 1534/2500 [15:20<09:55,  1.62it/s, buffer=306800, ret=11.92, success=0.00]
Training episodes:  61%|██████▏   | 1534/2500 [15:21<09:55,  1.62it/s, buffer=307000, ret=10.71, success=0.00]
Training episodes:  61%|██████▏   | 1535/2500 [15:21<09:50,  1.63it/s, buffer=307000, ret=10.71, success=0.00]
Training episodes:  61%|██████▏   | 1535/2500 [15:21<09:50,  1.63it/s, buffer=307200, ret=14.69, success=0.00]
Training episodes:  61%|██████▏   | 1536/2500 [15:21<09:56,  1.62it/s, buffer=307200, ret=14.69, success=0.00]
Training episodes:  61%|██████▏   | 1536/2500 [15:22<09:56,  1.62it/s, buffer=307400, ret=16.41, success=0.00]
Training episodes:  61%|██████▏   | 1537/2500 [15:22<09:57,  1.61it/s, buffer=307400, ret=16.41, success=0.00]
Training episodes:  61%|██████▏   | 1537/2500 [15:23<09:57,  1.61it/s, buffer=307600, ret=28.83, success=0.00]
Training episodes:  62%|██████▏   | 1538/2500 [15:23<10:02,  1.60it/s, buffer=307600, ret=28.83, success=0.00]
Training episodes:  62%|██████▏   | 1538/2500 [15:23<10:02,  1.60it/s, buffer=307800, ret=11.28, success=0.00]
Training episodes:  62%|██████▏   | 1539/2500 [15:23<10:03,  1.59it/s, buffer=307800, ret=11.28, success=0.00]
Training episodes:  62%|██████▏   | 1539/2500 [15:24<10:03,  1.59it/s, buffer=308000, ret=15.02, success=0.00]
Training episodes:  62%|██████▏   | 1540/2500 [15:24<10:02,  1.59it/s, buffer=308000, ret=15.02, success=0.00]
Training episodes:  62%|██████▏   | 1540/2500 [15:25<10:02,  1.59it/s, buffer=308200, ret=12.77, success=0.00]
Training episodes:  62%|██████▏   | 1541/2500 [15:25<09:59,  1.60it/s, buffer=308200, ret=12.77, success=0.00]
Training episodes:  62%|██████▏   | 1541/2500 [15:25<09:59,  1.60it/s, buffer=308400, ret=13.19, success=0.00]
Training episodes:  62%|██████▏   | 1542/2500 [15:25<09:51,  1.62it/s, buffer=308400, ret=13.19, success=0.00]
Training episodes:  62%|██████▏   | 1542/2500 [15:26<09:51,  1.62it/s, buffer=308600, ret=11.56, success=0.00]
Training episodes:  62%|██████▏   | 1543/2500 [15:26<09:51,  1.62it/s, buffer=308600, ret=11.56, success=0.00]
Training episodes:  62%|██████▏   | 1543/2500 [15:26<09:51,  1.62it/s, buffer=308800, ret=34.35, success=0.00]
Training episodes:  62%|██████▏   | 1544/2500 [15:26<09:59,  1.60it/s, buffer=308800, ret=34.35, success=0.00]
Training episodes:  62%|██████▏   | 1544/2500 [15:27<09:59,  1.60it/s, buffer=309000, ret=12.74, success=0.00]
Training episodes:  62%|██████▏   | 1545/2500 [15:27<09:56,  1.60it/s, buffer=309000, ret=12.74, success=0.00]
Training episodes:  62%|██████▏   | 1545/2500 [15:28<09:56,  1.60it/s, buffer=309200, ret=15.34, success=0.00]
Training episodes:  62%|██████▏   | 1546/2500 [15:28<09:55,  1.60it/s, buffer=309200, ret=15.34, success=0.00]
Training episodes:  62%|██████▏   | 1546/2500 [15:28<09:55,  1.60it/s, buffer=309400, ret=22.65, success=0.00]
Training episodes:  62%|██████▏   | 1547/2500 [15:28<09:48,  1.62it/s, buffer=309400, ret=22.65, success=0.00]
Training episodes:  62%|██████▏   | 1547/2500 [15:29<09:48,  1.62it/s, buffer=309600, ret=12.42, success=0.00]
Training episodes:  62%|██████▏   | 1548/2500 [15:29<09:46,  1.62it/s, buffer=309600, ret=12.42, success=0.00]
Training episodes:  62%|██████▏   | 1548/2500 [15:30<09:46,  1.62it/s, buffer=309800, ret=10.73, success=0.00]
Training episodes:  62%|██████▏   | 1549/2500 [15:30<09:49,  1.61it/s, buffer=309800, ret=10.73, success=0.00]
Training episodes:  62%|██████▏   | 1549/2500 [15:30<09:49,  1.61it/s, buffer=310000, ret=20.26, success=0.00]wandb: WARNING `fps` argument does not affect the frame rate of the video when providing a file path or raw bytes.

Training episodes:  62%|██████▏   | 1550/2500 [15:31<12:45,  1.24it/s, buffer=310000, ret=20.26, success=0.00]
Training episodes:  62%|██████▏   | 1550/2500 [15:31<12:45,  1.24it/s, buffer=310200, ret=20.51, success=0.00]
Training episodes:  62%|██████▏   | 1551/2500 [15:31<11:56,  1.32it/s, buffer=310200, ret=20.51, success=0.00]
Training episodes:  62%|██████▏   | 1551/2500 [15:32<11:56,  1.32it/s, buffer=310400, ret=15.48, success=0.00]
Training episodes:  62%|██████▏   | 1552/2500 [15:32<11:18,  1.40it/s, buffer=310400, ret=15.48, success=0.00]
Training episodes:  62%|██████▏   | 1552/2500 [15:33<11:18,  1.40it/s, buffer=310600, ret=14.30, success=0.00]
Training episodes:  62%|██████▏   | 1553/2500 [15:33<10:50,  1.46it/s, buffer=310600, ret=14.30, success=0.00]
Training episodes:  62%|██████▏   | 1553/2500 [15:33<10:50,  1.46it/s, buffer=310800, ret=13.30, success=0.00]
Training episodes:  62%|██████▏   | 1554/2500 [15:33<10:29,  1.50it/s, buffer=310800, ret=13.30, success=0.00]
Training episodes:  62%|██████▏   | 1554/2500 [15:34<10:29,  1.50it/s, buffer=311000, ret=20.20, success=0.00]
Training episodes:  62%|██████▏   | 1555/2500 [15:34<10:13,  1.54it/s, buffer=311000, ret=20.20, success=0.00]
Training episodes:  62%|██████▏   | 1555/2500 [15:34<10:13,  1.54it/s, buffer=311200, ret=12.75, success=0.00]
Training episodes:  62%|██████▏   | 1556/2500 [15:34<10:03,  1.57it/s, buffer=311200, ret=12.75, success=0.00]
Training episodes:  62%|██████▏   | 1556/2500 [15:35<10:03,  1.57it/s, buffer=311400, ret=12.86, success=0.00]
Training episodes:  62%|██████▏   | 1557/2500 [15:35<09:54,  1.59it/s, buffer=311400, ret=12.86, success=0.00]
Training episodes:  62%|██████▏   | 1557/2500 [15:36<09:54,  1.59it/s, buffer=311600, ret=31.06, success=0.00]
Training episodes:  62%|██████▏   | 1558/2500 [15:36<09:52,  1.59it/s, buffer=311600, ret=31.06, success=0.00]
Training episodes:  62%|██████▏   | 1558/2500 [15:36<09:52,  1.59it/s, buffer=311800, ret=13.16, success=0.00]
Training episodes:  62%|██████▏   | 1559/2500 [15:36<09:46,  1.60it/s, buffer=311800, ret=13.16, success=0.00]
Training episodes:  62%|██████▏   | 1559/2500 [15:37<09:46,  1.60it/s, buffer=312000, ret=12.17, success=0.00]
Training episodes:  62%|██████▏   | 1560/2500 [15:37<09:44,  1.61it/s, buffer=312000, ret=12.17, success=0.00]
Training episodes:  62%|██████▏   | 1560/2500 [15:38<09:44,  1.61it/s, buffer=312200, ret=10.63, success=0.00]
Training episodes:  62%|██████▏   | 1561/2500 [15:38<09:42,  1.61it/s, buffer=312200, ret=10.63, success=0.00]
Training episodes:  62%|██████▏   | 1561/2500 [15:38<09:42,  1.61it/s, buffer=312400, ret=24.08, success=0.00]
Training episodes:  62%|██████▏   | 1562/2500 [15:38<09:42,  1.61it/s, buffer=312400, ret=24.08, success=0.00]
Training episodes:  62%|██████▏   | 1562/2500 [15:39<09:42,  1.61it/s, buffer=312600, ret=10.94, success=0.00]
Training episodes:  63%|██████▎   | 1563/2500 [15:39<09:43,  1.60it/s, buffer=312600, ret=10.94, success=0.00]
Training episodes:  63%|██████▎   | 1563/2500 [15:39<09:43,  1.60it/s, buffer=312800, ret=13.50, success=0.00]
Training episodes:  63%|██████▎   | 1564/2500 [15:39<09:42,  1.61it/s, buffer=312800, ret=13.50, success=0.00]
Training episodes:  63%|██████▎   | 1564/2500 [15:40<09:42,  1.61it/s, buffer=313000, ret=15.65, success=0.00]
Training episodes:  63%|██████▎   | 1565/2500 [15:40<09:36,  1.62it/s, buffer=313000, ret=15.65, success=0.00]
Training episodes:  63%|██████▎   | 1565/2500 [15:41<09:36,  1.62it/s, buffer=313200, ret=15.44, success=0.00]
Training episodes:  63%|██████▎   | 1566/2500 [15:41<09:48,  1.59it/s, buffer=313200, ret=15.44, success=0.00]
Training episodes:  63%|██████▎   | 1566/2500 [15:41<09:48,  1.59it/s, buffer=313400, ret=28.30, success=0.00]
Training episodes:  63%|██████▎   | 1567/2500 [15:41<09:44,  1.60it/s, buffer=313400, ret=28.30, success=0.00]
Training episodes:  63%|██████▎   | 1567/2500 [15:42<09:44,  1.60it/s, buffer=313600, ret=12.63, success=0.00]
Training episodes:  63%|██████▎   | 1568/2500 [15:42<09:44,  1.60it/s, buffer=313600, ret=12.63, success=0.00]
Training episodes:  63%|██████▎   | 1568/2500 [15:43<09:44,  1.60it/s, buffer=313800, ret=119.83, success=1.00]
Training episodes:  63%|██████▎   | 1569/2500 [15:43<09:46,  1.59it/s, buffer=313800, ret=119.83, success=1.00]
Training episodes:  63%|██████▎   | 1569/2500 [15:43<09:46,  1.59it/s, buffer=314000, ret=17.46, success=0.00] 
Training episodes:  63%|██████▎   | 1570/2500 [15:43<09:45,  1.59it/s, buffer=314000, ret=17.46, success=0.00]
Training episodes:  63%|██████▎   | 1570/2500 [15:44<09:45,  1.59it/s, buffer=314200, ret=13.62, success=0.00]
Training episodes:  63%|██████▎   | 1571/2500 [15:44<09:45,  1.59it/s, buffer=314200, ret=13.62, success=0.00]
Training episodes:  63%|██████▎   | 1571/2500 [15:44<09:45,  1.59it/s, buffer=314400, ret=12.20, success=0.00]
Training episodes:  63%|██████▎   | 1572/2500 [15:44<09:41,  1.59it/s, buffer=314400, ret=12.20, success=0.00]
Training episodes:  63%|██████▎   | 1572/2500 [15:45<09:41,  1.59it/s, buffer=314600, ret=17.82, success=0.00]
Training episodes:  63%|██████▎   | 1573/2500 [15:45<09:42,  1.59it/s, buffer=314600, ret=17.82, success=0.00]
Training episodes:  63%|██████▎   | 1573/2500 [15:46<09:42,  1.59it/s, buffer=314800, ret=14.29, success=0.00]
Training episodes:  63%|██████▎   | 1574/2500 [15:46<09:41,  1.59it/s, buffer=314800, ret=14.29, success=0.00]
Training episodes:  63%|██████▎   | 1574/2500 [15:46<09:41,  1.59it/s, buffer=315000, ret=24.02, success=0.00]
Training episodes:  63%|██████▎   | 1575/2500 [15:46<09:46,  1.58it/s, buffer=315000, ret=24.02, success=0.00]
Training episodes:  63%|██████▎   | 1575/2500 [15:47<09:46,  1.58it/s, buffer=315200, ret=12.18, success=0.00]
Training episodes:  63%|██████▎   | 1576/2500 [15:47<09:48,  1.57it/s, buffer=315200, ret=12.18, success=0.00]
Training episodes:  63%|██████▎   | 1576/2500 [15:48<09:48,  1.57it/s, buffer=315400, ret=21.68, success=0.00]
Training episodes:  63%|██████▎   | 1577/2500 [15:48<09:51,  1.56it/s, buffer=315400, ret=21.68, success=0.00]
Training episodes:  63%|██████▎   | 1577/2500 [15:48<09:51,  1.56it/s, buffer=315600, ret=11.12, success=0.00]
Training episodes:  63%|██████▎   | 1578/2500 [15:48<09:42,  1.58it/s, buffer=315600, ret=11.12, success=0.00]
Training episodes:  63%|██████▎   | 1578/2500 [15:49<09:42,  1.58it/s, buffer=315800, ret=17.66, success=0.00]
Training episodes:  63%|██████▎   | 1579/2500 [15:49<09:44,  1.58it/s, buffer=315800, ret=17.66, success=0.00]
Training episodes:  63%|██████▎   | 1579/2500 [15:50<09:44,  1.58it/s, buffer=316000, ret=22.27, success=0.00]
Training episodes:  63%|██████▎   | 1580/2500 [15:50<09:43,  1.58it/s, buffer=316000, ret=22.27, success=0.00]
Training episodes:  63%|██████▎   | 1580/2500 [15:50<09:43,  1.58it/s, buffer=316200, ret=10.91, success=0.00]
Training episodes:  63%|██████▎   | 1581/2500 [15:50<09:39,  1.59it/s, buffer=316200, ret=10.91, success=0.00]
Training episodes:  63%|██████▎   | 1581/2500 [15:51<09:39,  1.59it/s, buffer=316400, ret=13.01, success=0.00]
Training episodes:  63%|██████▎   | 1582/2500 [15:51<09:38,  1.59it/s, buffer=316400, ret=13.01, success=0.00]
Training episodes:  63%|██████▎   | 1582/2500 [15:51<09:38,  1.59it/s, buffer=316600, ret=17.52, success=0.00]
Training episodes:  63%|██████▎   | 1583/2500 [15:51<09:37,  1.59it/s, buffer=316600, ret=17.52, success=0.00]
Training episodes:  63%|██████▎   | 1583/2500 [15:52<09:37,  1.59it/s, buffer=316800, ret=13.80, success=0.00]
Training episodes:  63%|██████▎   | 1584/2500 [15:52<09:34,  1.59it/s, buffer=316800, ret=13.80, success=0.00]
Training episodes:  63%|██████▎   | 1584/2500 [15:53<09:34,  1.59it/s, buffer=317000, ret=13.46, success=0.00]
Training episodes:  63%|██████▎   | 1585/2500 [15:53<09:28,  1.61it/s, buffer=317000, ret=13.46, success=0.00]
Training episodes:  63%|██████▎   | 1585/2500 [15:53<09:28,  1.61it/s, buffer=317200, ret=12.79, success=0.00]
Training episodes:  63%|██████▎   | 1586/2500 [15:53<09:25,  1.62it/s, buffer=317200, ret=12.79, success=0.00]
Training episodes:  63%|██████▎   | 1586/2500 [15:54<09:25,  1.62it/s, buffer=317400, ret=12.10, success=0.00]
Training episodes:  63%|██████▎   | 1587/2500 [15:54<09:27,  1.61it/s, buffer=317400, ret=12.10, success=0.00]
Training episodes:  63%|██████▎   | 1587/2500 [15:55<09:27,  1.61it/s, buffer=317600, ret=21.78, success=0.00]
Training episodes:  64%|██████▎   | 1588/2500 [15:55<09:23,  1.62it/s, buffer=317600, ret=21.78, success=0.00]
Training episodes:  64%|██████▎   | 1588/2500 [15:55<09:23,  1.62it/s, buffer=317800, ret=18.44, success=0.00]
Training episodes:  64%|██████▎   | 1589/2500 [15:55<09:22,  1.62it/s, buffer=317800, ret=18.44, success=0.00]
Training episodes:  64%|██████▎   | 1589/2500 [15:56<09:22,  1.62it/s, buffer=318000, ret=31.92, success=0.00]
Training episodes:  64%|██████▎   | 1590/2500 [15:56<09:31,  1.59it/s, buffer=318000, ret=31.92, success=0.00]
Training episodes:  64%|██████▎   | 1590/2500 [15:56<09:31,  1.59it/s, buffer=318200, ret=11.82, success=0.00]
Training episodes:  64%|██████▎   | 1591/2500 [15:56<09:24,  1.61it/s, buffer=318200, ret=11.82, success=0.00]
Training episodes:  64%|██████▎   | 1591/2500 [15:57<09:24,  1.61it/s, buffer=318400, ret=27.90, success=0.00]
Training episodes:  64%|██████▎   | 1592/2500 [15:57<09:24,  1.61it/s, buffer=318400, ret=27.90, success=0.00]
Training episodes:  64%|██████▎   | 1592/2500 [15:58<09:24,  1.61it/s, buffer=318600, ret=36.74, success=0.00]
Training episodes:  64%|██████▎   | 1593/2500 [15:58<09:17,  1.63it/s, buffer=318600, ret=36.74, success=0.00]
Training episodes:  64%|██████▎   | 1593/2500 [15:58<09:17,  1.63it/s, buffer=318800, ret=21.53, success=0.00]
Training episodes:  64%|██████▍   | 1594/2500 [15:58<09:22,  1.61it/s, buffer=318800, ret=21.53, success=0.00]
Training episodes:  64%|██████▍   | 1594/2500 [15:59<09:22,  1.61it/s, buffer=319000, ret=13.27, success=0.00]
Training episodes:  64%|██████▍   | 1595/2500 [15:59<09:17,  1.62it/s, buffer=319000, ret=13.27, success=0.00]
Training episodes:  64%|██████▍   | 1595/2500 [15:59<09:17,  1.62it/s, buffer=319200, ret=43.62, success=0.00]
Training episodes:  64%|██████▍   | 1596/2500 [15:59<09:15,  1.63it/s, buffer=319200, ret=43.62, success=0.00]
Training episodes:  64%|██████▍   | 1596/2500 [16:00<09:15,  1.63it/s, buffer=319400, ret=11.43, success=0.00]
Training episodes:  64%|██████▍   | 1597/2500 [16:00<09:07,  1.65it/s, buffer=319400, ret=11.43, success=0.00]
Training episodes:  64%|██████▍   | 1597/2500 [16:01<09:07,  1.65it/s, buffer=319600, ret=10.89, success=0.00]
Training episodes:  64%|██████▍   | 1598/2500 [16:01<09:03,  1.66it/s, buffer=319600, ret=10.89, success=0.00]
Training episodes:  64%|██████▍   | 1598/2500 [16:01<09:03,  1.66it/s, buffer=319800, ret=10.24, success=0.00]
Training episodes:  64%|██████▍   | 1599/2500 [16:01<08:59,  1.67it/s, buffer=319800, ret=10.24, success=0.00]
Training episodes:  64%|██████▍   | 1599/2500 [16:02<08:59,  1.67it/s, buffer=320000, ret=28.39, success=0.00]wandb: WARNING `fps` argument does not affect the frame rate of the video when providing a file path or raw bytes.

Training episodes:  64%|██████▍   | 1600/2500 [16:02<11:36,  1.29it/s, buffer=320000, ret=28.39, success=0.00]
Training episodes:  64%|██████▍   | 1600/2500 [16:03<11:36,  1.29it/s, buffer=320200, ret=23.27, success=0.00]
Training episodes:  64%|██████▍   | 1601/2500 [16:03<11:00,  1.36it/s, buffer=320200, ret=23.27, success=0.00]
Training episodes:  64%|██████▍   | 1601/2500 [16:04<11:00,  1.36it/s, buffer=320400, ret=10.48, success=0.00]
Training episodes:  64%|██████▍   | 1602/2500 [16:04<10:27,  1.43it/s, buffer=320400, ret=10.48, success=0.00]
Training episodes:  64%|██████▍   | 1602/2500 [16:04<10:27,  1.43it/s, buffer=320600, ret=27.42, success=0.00]
Training episodes:  64%|██████▍   | 1603/2500 [16:04<09:59,  1.50it/s, buffer=320600, ret=27.42, success=0.00]
Training episodes:  64%|██████▍   | 1603/2500 [16:05<09:59,  1.50it/s, buffer=320800, ret=11.05, success=0.00]
Training episodes:  64%|██████▍   | 1604/2500 [16:05<09:43,  1.54it/s, buffer=320800, ret=11.05, success=0.00]
Training episodes:  64%|██████▍   | 1604/2500 [16:05<09:43,  1.54it/s, buffer=321000, ret=14.95, success=0.00]
Training episodes:  64%|██████▍   | 1605/2500 [16:05<09:32,  1.56it/s, buffer=321000, ret=14.95, success=0.00]
Training episodes:  64%|██████▍   | 1605/2500 [16:06<09:32,  1.56it/s, buffer=321200, ret=11.15, success=0.00]
Training episodes:  64%|██████▍   | 1606/2500 [16:06<09:17,  1.60it/s, buffer=321200, ret=11.15, success=0.00]
Training episodes:  64%|██████▍   | 1606/2500 [16:07<09:17,  1.60it/s, buffer=321400, ret=11.39, success=0.00]
Training episodes:  64%|██████▍   | 1607/2500 [16:07<09:10,  1.62it/s, buffer=321400, ret=11.39, success=0.00]
Training episodes:  64%|██████▍   | 1607/2500 [16:07<09:10,  1.62it/s, buffer=321600, ret=16.06, success=0.00]
Training episodes:  64%|██████▍   | 1608/2500 [16:07<09:05,  1.64it/s, buffer=321600, ret=16.06, success=0.00]
Training episodes:  64%|██████▍   | 1608/2500 [16:08<09:05,  1.64it/s, buffer=321800, ret=13.19, success=0.00]
Training episodes:  64%|██████▍   | 1609/2500 [16:08<09:04,  1.64it/s, buffer=321800, ret=13.19, success=0.00]
Training episodes:  64%|██████▍   | 1609/2500 [16:08<09:04,  1.64it/s, buffer=322000, ret=13.84, success=0.00]
Training episodes:  64%|██████▍   | 1610/2500 [16:08<09:02,  1.64it/s, buffer=322000, ret=13.84, success=0.00]
Training episodes:  64%|██████▍   | 1610/2500 [16:09<09:02,  1.64it/s, buffer=322200, ret=22.14, success=0.00]
Training episodes:  64%|██████▍   | 1611/2500 [16:09<09:00,  1.65it/s, buffer=322200, ret=22.14, success=0.00]
Training episodes:  64%|██████▍   | 1611/2500 [16:10<09:00,  1.65it/s, buffer=322400, ret=12.77, success=0.00]
Training episodes:  64%|██████▍   | 1612/2500 [16:10<08:52,  1.67it/s, buffer=322400, ret=12.77, success=0.00]
Training episodes:  64%|██████▍   | 1612/2500 [16:10<08:52,  1.67it/s, buffer=322600, ret=11.09, success=0.00]
Training episodes:  65%|██████▍   | 1613/2500 [16:10<08:52,  1.67it/s, buffer=322600, ret=11.09, success=0.00]
Training episodes:  65%|██████▍   | 1613/2500 [16:11<08:52,  1.67it/s, buffer=322800, ret=13.01, success=0.00]
Training episodes:  65%|██████▍   | 1614/2500 [16:11<08:53,  1.66it/s, buffer=322800, ret=13.01, success=0.00]
Training episodes:  65%|██████▍   | 1614/2500 [16:12<08:53,  1.66it/s, buffer=323000, ret=29.42, success=0.00]
Training episodes:  65%|██████▍   | 1615/2500 [16:12<09:00,  1.64it/s, buffer=323000, ret=29.42, success=0.00]
Training episodes:  65%|██████▍   | 1615/2500 [16:12<09:00,  1.64it/s, buffer=323200, ret=14.02, success=0.00]
Training episodes:  65%|██████▍   | 1616/2500 [16:12<09:00,  1.64it/s, buffer=323200, ret=14.02, success=0.00]
Training episodes:  65%|██████▍   | 1616/2500 [16:13<09:00,  1.64it/s, buffer=323400, ret=15.26, success=0.00]
Training episodes:  65%|██████▍   | 1617/2500 [16:13<08:57,  1.64it/s, buffer=323400, ret=15.26, success=0.00]
Training episodes:  65%|██████▍   | 1617/2500 [16:13<08:57,  1.64it/s, buffer=323600, ret=23.79, success=0.00]
Training episodes:  65%|██████▍   | 1618/2500 [16:13<08:53,  1.65it/s, buffer=323600, ret=23.79, success=0.00]
Training episodes:  65%|██████▍   | 1618/2500 [16:14<08:53,  1.65it/s, buffer=323800, ret=11.75, success=0.00]
Training episodes:  65%|██████▍   | 1619/2500 [16:14<08:47,  1.67it/s, buffer=323800, ret=11.75, success=0.00]
Training episodes:  65%|██████▍   | 1619/2500 [16:15<08:47,  1.67it/s, buffer=324000, ret=11.81, success=0.00]
Training episodes:  65%|██████▍   | 1620/2500 [16:15<08:50,  1.66it/s, buffer=324000, ret=11.81, success=0.00]
Training episodes:  65%|██████▍   | 1620/2500 [16:15<08:50,  1.66it/s, buffer=324200, ret=19.26, success=0.00]
Training episodes:  65%|██████▍   | 1621/2500 [16:15<08:53,  1.65it/s, buffer=324200, ret=19.26, success=0.00]
Training episodes:  65%|██████▍   | 1621/2500 [16:16<08:53,  1.65it/s, buffer=324400, ret=17.32, success=0.00]
Training episodes:  65%|██████▍   | 1622/2500 [16:16<08:56,  1.64it/s, buffer=324400, ret=17.32, success=0.00]
Training episodes:  65%|██████▍   | 1622/2500 [16:16<08:56,  1.64it/s, buffer=324600, ret=16.28, success=0.00]
Training episodes:  65%|██████▍   | 1623/2500 [16:16<08:54,  1.64it/s, buffer=324600, ret=16.28, success=0.00]
Training episodes:  65%|██████▍   | 1623/2500 [16:17<08:54,  1.64it/s, buffer=324800, ret=11.55, success=0.00]
Training episodes:  65%|██████▍   | 1624/2500 [16:17<08:51,  1.65it/s, buffer=324800, ret=11.55, success=0.00]
Training episodes:  65%|██████▍   | 1624/2500 [16:18<08:51,  1.65it/s, buffer=325000, ret=10.87, success=0.00]
Training episodes:  65%|██████▌   | 1625/2500 [16:18<08:52,  1.64it/s, buffer=325000, ret=10.87, success=0.00]
Training episodes:  65%|██████▌   | 1625/2500 [16:18<08:52,  1.64it/s, buffer=325200, ret=17.44, success=0.00]
Training episodes:  65%|██████▌   | 1626/2500 [16:18<08:48,  1.65it/s, buffer=325200, ret=17.44, success=0.00]
Training episodes:  65%|██████▌   | 1626/2500 [16:19<08:48,  1.65it/s, buffer=325400, ret=31.34, success=0.00]
Training episodes:  65%|██████▌   | 1627/2500 [16:19<08:49,  1.65it/s, buffer=325400, ret=31.34, success=0.00]
Training episodes:  65%|██████▌   | 1627/2500 [16:19<08:49,  1.65it/s, buffer=325600, ret=16.02, success=0.00]
Training episodes:  65%|██████▌   | 1628/2500 [16:19<08:46,  1.66it/s, buffer=325600, ret=16.02, success=0.00]
Training episodes:  65%|██████▌   | 1628/2500 [16:20<08:46,  1.66it/s, buffer=325800, ret=12.98, success=0.00]
Training episodes:  65%|██████▌   | 1629/2500 [16:20<08:41,  1.67it/s, buffer=325800, ret=12.98, success=0.00]
Training episodes:  65%|██████▌   | 1629/2500 [16:21<08:41,  1.67it/s, buffer=326000, ret=12.65, success=0.00]
Training episodes:  65%|██████▌   | 1630/2500 [16:21<08:37,  1.68it/s, buffer=326000, ret=12.65, success=0.00]
Training episodes:  65%|██████▌   | 1630/2500 [16:21<08:37,  1.68it/s, buffer=326200, ret=29.16, success=0.00]
Training episodes:  65%|██████▌   | 1631/2500 [16:21<08:43,  1.66it/s, buffer=326200, ret=29.16, success=0.00]
Training episodes:  65%|██████▌   | 1631/2500 [16:22<08:43,  1.66it/s, buffer=326400, ret=10.88, success=0.00]
Training episodes:  65%|██████▌   | 1632/2500 [16:22<08:47,  1.65it/s, buffer=326400, ret=10.88, success=0.00]
Training episodes:  65%|██████▌   | 1632/2500 [16:22<08:47,  1.65it/s, buffer=326600, ret=26.21, success=0.00]
Training episodes:  65%|██████▌   | 1633/2500 [16:22<08:48,  1.64it/s, buffer=326600, ret=26.21, success=0.00]
Training episodes:  65%|██████▌   | 1633/2500 [16:23<08:48,  1.64it/s, buffer=326800, ret=13.77, success=0.00]
Training episodes:  65%|██████▌   | 1634/2500 [16:23<08:45,  1.65it/s, buffer=326800, ret=13.77, success=0.00]
Training episodes:  65%|██████▌   | 1634/2500 [16:24<08:45,  1.65it/s, buffer=327000, ret=18.69, success=0.00]
Training episodes:  65%|██████▌   | 1635/2500 [16:24<08:43,  1.65it/s, buffer=327000, ret=18.69, success=0.00]
Training episodes:  65%|██████▌   | 1635/2500 [16:24<08:43,  1.65it/s, buffer=327200, ret=19.65, success=0.00]
Training episodes:  65%|██████▌   | 1636/2500 [16:24<08:39,  1.66it/s, buffer=327200, ret=19.65, success=0.00]
Training episodes:  65%|██████▌   | 1636/2500 [16:25<08:39,  1.66it/s, buffer=327400, ret=23.31, success=0.00]
Training episodes:  65%|██████▌   | 1637/2500 [16:25<08:42,  1.65it/s, buffer=327400, ret=23.31, success=0.00]
Training episodes:  65%|██████▌   | 1637/2500 [16:25<08:42,  1.65it/s, buffer=327600, ret=15.71, success=0.00]
Training episodes:  66%|██████▌   | 1638/2500 [16:25<09:01,  1.59it/s, buffer=327600, ret=15.71, success=0.00]
Training episodes:  66%|██████▌   | 1638/2500 [16:26<09:01,  1.59it/s, buffer=327800, ret=31.55, success=0.00]
Training episodes:  66%|██████▌   | 1639/2500 [16:26<09:08,  1.57it/s, buffer=327800, ret=31.55, success=0.00]
Training episodes:  66%|██████▌   | 1639/2500 [16:27<09:08,  1.57it/s, buffer=328000, ret=13.23, success=0.00]
Training episodes:  66%|██████▌   | 1640/2500 [16:27<09:11,  1.56it/s, buffer=328000, ret=13.23, success=0.00]
Training episodes:  66%|██████▌   | 1640/2500 [16:27<09:11,  1.56it/s, buffer=328200, ret=13.75, success=0.00]
Training episodes:  66%|██████▌   | 1641/2500 [16:27<09:03,  1.58it/s, buffer=328200, ret=13.75, success=0.00]
Training episodes:  66%|██████▌   | 1641/2500 [16:28<09:03,  1.58it/s, buffer=328400, ret=17.53, success=0.00]
Training episodes:  66%|██████▌   | 1642/2500 [16:28<08:58,  1.59it/s, buffer=328400, ret=17.53, success=0.00]
Training episodes:  66%|██████▌   | 1642/2500 [16:29<08:58,  1.59it/s, buffer=328600, ret=11.65, success=0.00]
Training episodes:  66%|██████▌   | 1643/2500 [16:29<08:54,  1.60it/s, buffer=328600, ret=11.65, success=0.00]
Training episodes:  66%|██████▌   | 1643/2500 [16:29<08:54,  1.60it/s, buffer=328800, ret=11.43, success=0.00]
Training episodes:  66%|██████▌   | 1644/2500 [16:29<08:56,  1.59it/s, buffer=328800, ret=11.43, success=0.00]
Training episodes:  66%|██████▌   | 1644/2500 [16:30<08:56,  1.59it/s, buffer=329000, ret=20.69, success=0.00]
Training episodes:  66%|██████▌   | 1645/2500 [16:30<08:49,  1.61it/s, buffer=329000, ret=20.69, success=0.00]
Training episodes:  66%|██████▌   | 1645/2500 [16:30<08:49,  1.61it/s, buffer=329200, ret=12.89, success=0.00]
Training episodes:  66%|██████▌   | 1646/2500 [16:30<08:46,  1.62it/s, buffer=329200, ret=12.89, success=0.00]
Training episodes:  66%|██████▌   | 1646/2500 [16:31<08:46,  1.62it/s, buffer=329400, ret=14.32, success=0.00]
Training episodes:  66%|██████▌   | 1647/2500 [16:31<08:44,  1.63it/s, buffer=329400, ret=14.32, success=0.00]
Training episodes:  66%|██████▌   | 1647/2500 [16:32<08:44,  1.63it/s, buffer=329600, ret=19.72, success=0.00]
Training episodes:  66%|██████▌   | 1648/2500 [16:32<08:42,  1.63it/s, buffer=329600, ret=19.72, success=0.00]
Training episodes:  66%|██████▌   | 1648/2500 [16:32<08:42,  1.63it/s, buffer=329800, ret=13.42, success=0.00]
Training episodes:  66%|██████▌   | 1649/2500 [16:32<08:35,  1.65it/s, buffer=329800, ret=13.42, success=0.00]
Training episodes:  66%|██████▌   | 1649/2500 [16:33<08:35,  1.65it/s, buffer=330000, ret=36.27, success=0.00]wandb: WARNING `fps` argument does not affect the frame rate of the video when providing a file path or raw bytes.

Training episodes:  66%|██████▌   | 1650/2500 [16:34<11:07,  1.27it/s, buffer=330000, ret=36.27, success=0.00]
Training episodes:  66%|██████▌   | 1650/2500 [16:34<11:07,  1.27it/s, buffer=330200, ret=16.63, success=0.00]
Training episodes:  66%|██████▌   | 1651/2500 [16:34<10:17,  1.37it/s, buffer=330200, ret=16.63, success=0.00]
Training episodes:  66%|██████▌   | 1651/2500 [16:35<10:17,  1.37it/s, buffer=330400, ret=17.38, success=0.00]
Training episodes:  66%|██████▌   | 1652/2500 [16:35<09:45,  1.45it/s, buffer=330400, ret=17.38, success=0.00]
Training episodes:  66%|██████▌   | 1652/2500 [16:35<09:45,  1.45it/s, buffer=330600, ret=21.59, success=0.00]
Training episodes:  66%|██████▌   | 1653/2500 [16:35<09:26,  1.49it/s, buffer=330600, ret=21.59, success=0.00]
Training episodes:  66%|██████▌   | 1653/2500 [16:36<09:26,  1.49it/s, buffer=330800, ret=16.06, success=0.00]
Training episodes:  66%|██████▌   | 1654/2500 [16:36<09:06,  1.55it/s, buffer=330800, ret=16.06, success=0.00]
Training episodes:  66%|██████▌   | 1654/2500 [16:37<09:06,  1.55it/s, buffer=331000, ret=15.46, success=0.00]
Training episodes:  66%|██████▌   | 1655/2500 [16:37<08:51,  1.59it/s, buffer=331000, ret=15.46, success=0.00]
Training episodes:  66%|██████▌   | 1655/2500 [16:37<08:51,  1.59it/s, buffer=331200, ret=13.63, success=0.00]
Training episodes:  66%|██████▌   | 1656/2500 [16:37<08:44,  1.61it/s, buffer=331200, ret=13.63, success=0.00]
Training episodes:  66%|██████▌   | 1656/2500 [16:38<08:44,  1.61it/s, buffer=331400, ret=25.40, success=0.00]
Training episodes:  66%|██████▋   | 1657/2500 [16:38<08:44,  1.61it/s, buffer=331400, ret=25.40, success=0.00]
Training episodes:  66%|██████▋   | 1657/2500 [16:38<08:44,  1.61it/s, buffer=331600, ret=18.12, success=0.00]
Training episodes:  66%|██████▋   | 1658/2500 [16:38<08:40,  1.62it/s, buffer=331600, ret=18.12, success=0.00]
Training episodes:  66%|██████▋   | 1658/2500 [16:39<08:40,  1.62it/s, buffer=331800, ret=16.59, success=0.00]
Training episodes:  66%|██████▋   | 1659/2500 [16:39<08:35,  1.63it/s, buffer=331800, ret=16.59, success=0.00]
Training episodes:  66%|██████▋   | 1659/2500 [16:40<08:35,  1.63it/s, buffer=332000, ret=18.19, success=0.00]
Training episodes:  66%|██████▋   | 1660/2500 [16:40<08:35,  1.63it/s, buffer=332000, ret=18.19, success=0.00]
Training episodes:  66%|██████▋   | 1660/2500 [16:40<08:35,  1.63it/s, buffer=332200, ret=22.55, success=0.00]
Training episodes:  66%|██████▋   | 1661/2500 [16:40<08:39,  1.61it/s, buffer=332200, ret=22.55, success=0.00]
Training episodes:  66%|██████▋   | 1661/2500 [16:41<08:39,  1.61it/s, buffer=332400, ret=11.30, success=0.00]
Training episodes:  66%|██████▋   | 1662/2500 [16:41<08:34,  1.63it/s, buffer=332400, ret=11.30, success=0.00]
Training episodes:  66%|██████▋   | 1662/2500 [16:41<08:34,  1.63it/s, buffer=332600, ret=17.76, success=0.00]
Training episodes:  67%|██████▋   | 1663/2500 [16:41<08:32,  1.63it/s, buffer=332600, ret=17.76, success=0.00]
Training episodes:  67%|██████▋   | 1663/2500 [16:42<08:32,  1.63it/s, buffer=332800, ret=14.38, success=0.00]
Training episodes:  67%|██████▋   | 1664/2500 [16:42<08:28,  1.64it/s, buffer=332800, ret=14.38, success=0.00]
Training episodes:  67%|██████▋   | 1664/2500 [16:43<08:28,  1.64it/s, buffer=333000, ret=13.87, success=0.00]
Training episodes:  67%|██████▋   | 1665/2500 [16:43<08:26,  1.65it/s, buffer=333000, ret=13.87, success=0.00]
Training episodes:  67%|██████▋   | 1665/2500 [16:43<08:26,  1.65it/s, buffer=333200, ret=14.74, success=0.00]
Training episodes:  67%|██████▋   | 1666/2500 [16:43<08:23,  1.65it/s, buffer=333200, ret=14.74, success=0.00]
Training episodes:  67%|██████▋   | 1666/2500 [16:44<08:23,  1.65it/s, buffer=333400, ret=29.42, success=0.00]
Training episodes:  67%|██████▋   | 1667/2500 [16:44<08:25,  1.65it/s, buffer=333400, ret=29.42, success=0.00]
Training episodes:  67%|██████▋   | 1667/2500 [16:44<08:25,  1.65it/s, buffer=333600, ret=38.38, success=0.00]
Training episodes:  67%|██████▋   | 1668/2500 [16:44<08:35,  1.61it/s, buffer=333600, ret=38.38, success=0.00]
Training episodes:  67%|██████▋   | 1668/2500 [16:45<08:35,  1.61it/s, buffer=333800, ret=14.05, success=0.00]
Training episodes:  67%|██████▋   | 1669/2500 [16:45<08:37,  1.61it/s, buffer=333800, ret=14.05, success=0.00]
Training episodes:  67%|██████▋   | 1669/2500 [16:46<08:37,  1.61it/s, buffer=334000, ret=14.77, success=0.00]
Training episodes:  67%|██████▋   | 1670/2500 [16:46<08:42,  1.59it/s, buffer=334000, ret=14.77, success=0.00]
Training episodes:  67%|██████▋   | 1670/2500 [16:46<08:42,  1.59it/s, buffer=334200, ret=11.40, success=0.00]
Training episodes:  67%|██████▋   | 1671/2500 [16:46<08:43,  1.58it/s, buffer=334200, ret=11.40, success=0.00]
Training episodes:  67%|██████▋   | 1671/2500 [16:47<08:43,  1.58it/s, buffer=334400, ret=12.62, success=0.00]
Training episodes:  67%|██████▋   | 1672/2500 [16:47<08:38,  1.60it/s, buffer=334400, ret=12.62, success=0.00]
Training episodes:  67%|██████▋   | 1672/2500 [16:48<08:38,  1.60it/s, buffer=334600, ret=13.98, success=0.00]
Training episodes:  67%|██████▋   | 1673/2500 [16:48<08:33,  1.61it/s, buffer=334600, ret=13.98, success=0.00]
Training episodes:  67%|██████▋   | 1673/2500 [16:48<08:33,  1.61it/s, buffer=334800, ret=11.54, success=0.00]
Training episodes:  67%|██████▋   | 1674/2500 [16:48<08:37,  1.60it/s, buffer=334800, ret=11.54, success=0.00]
Training episodes:  67%|██████▋   | 1674/2500 [16:49<08:37,  1.60it/s, buffer=335000, ret=21.50, success=0.00]
Training episodes:  67%|██████▋   | 1675/2500 [16:49<08:40,  1.58it/s, buffer=335000, ret=21.50, success=0.00]
Training episodes:  67%|██████▋   | 1675/2500 [16:50<08:40,  1.58it/s, buffer=335200, ret=16.24, success=0.00]
Training episodes:  67%|██████▋   | 1676/2500 [16:50<08:38,  1.59it/s, buffer=335200, ret=16.24, success=0.00]
Training episodes:  67%|██████▋   | 1676/2500 [16:50<08:38,  1.59it/s, buffer=335400, ret=10.64, success=0.00]
Training episodes:  67%|██████▋   | 1677/2500 [16:50<08:37,  1.59it/s, buffer=335400, ret=10.64, success=0.00]
Training episodes:  67%|██████▋   | 1677/2500 [16:51<08:37,  1.59it/s, buffer=335600, ret=12.39, success=0.00]
Training episodes:  67%|██████▋   | 1678/2500 [16:51<08:33,  1.60it/s, buffer=335600, ret=12.39, success=0.00]
Training episodes:  67%|██████▋   | 1678/2500 [16:51<08:33,  1.60it/s, buffer=335800, ret=17.75, success=0.00]
Training episodes:  67%|██████▋   | 1679/2500 [16:51<08:29,  1.61it/s, buffer=335800, ret=17.75, success=0.00]
Training episodes:  67%|██████▋   | 1679/2500 [16:52<08:29,  1.61it/s, buffer=336000, ret=12.57, success=0.00]
Training episodes:  67%|██████▋   | 1680/2500 [16:52<08:25,  1.62it/s, buffer=336000, ret=12.57, success=0.00]
Training episodes:  67%|██████▋   | 1680/2500 [16:53<08:25,  1.62it/s, buffer=336200, ret=25.12, success=0.00]
Training episodes:  67%|██████▋   | 1681/2500 [16:53<08:23,  1.63it/s, buffer=336200, ret=25.12, success=0.00]
Training episodes:  67%|██████▋   | 1681/2500 [16:53<08:23,  1.63it/s, buffer=336400, ret=14.26, success=0.00]
Training episodes:  67%|██████▋   | 1682/2500 [16:53<08:19,  1.64it/s, buffer=336400, ret=14.26, success=0.00]
Training episodes:  67%|██████▋   | 1682/2500 [16:54<08:19,  1.64it/s, buffer=336600, ret=13.74, success=0.00]
Training episodes:  67%|██████▋   | 1683/2500 [16:54<08:21,  1.63it/s, buffer=336600, ret=13.74, success=0.00]
Training episodes:  67%|██████▋   | 1683/2500 [16:54<08:21,  1.63it/s, buffer=336800, ret=28.67, success=0.00]
Training episodes:  67%|██████▋   | 1684/2500 [16:54<08:19,  1.64it/s, buffer=336800, ret=28.67, success=0.00]
Training episodes:  67%|██████▋   | 1684/2500 [16:55<08:19,  1.64it/s, buffer=337000, ret=19.29, success=0.00]
Training episodes:  67%|██████▋   | 1685/2500 [16:55<08:16,  1.64it/s, buffer=337000, ret=19.29, success=0.00]
Training episodes:  67%|██████▋   | 1685/2500 [16:56<08:16,  1.64it/s, buffer=337200, ret=12.01, success=0.00]
Training episodes:  67%|██████▋   | 1686/2500 [16:56<08:12,  1.65it/s, buffer=337200, ret=12.01, success=0.00]
Training episodes:  67%|██████▋   | 1686/2500 [16:56<08:12,  1.65it/s, buffer=337400, ret=12.63, success=0.00]
Training episodes:  67%|██████▋   | 1687/2500 [16:56<08:08,  1.66it/s, buffer=337400, ret=12.63, success=0.00]
Training episodes:  67%|██████▋   | 1687/2500 [16:57<08:08,  1.66it/s, buffer=337600, ret=33.39, success=0.00]
Training episodes:  68%|██████▊   | 1688/2500 [16:57<08:06,  1.67it/s, buffer=337600, ret=33.39, success=0.00]
Training episodes:  68%|██████▊   | 1688/2500 [16:57<08:06,  1.67it/s, buffer=337800, ret=34.10, success=0.00]
Training episodes:  68%|██████▊   | 1689/2500 [16:57<08:05,  1.67it/s, buffer=337800, ret=34.10, success=0.00]
Training episodes:  68%|██████▊   | 1689/2500 [16:58<08:05,  1.67it/s, buffer=338000, ret=13.34, success=0.00]
Training episodes:  68%|██████▊   | 1690/2500 [16:58<08:06,  1.66it/s, buffer=338000, ret=13.34, success=0.00]
Training episodes:  68%|██████▊   | 1690/2500 [16:59<08:06,  1.66it/s, buffer=338200, ret=13.72, success=0.00]
Training episodes:  68%|██████▊   | 1691/2500 [16:59<08:07,  1.66it/s, buffer=338200, ret=13.72, success=0.00]
Training episodes:  68%|██████▊   | 1691/2500 [16:59<08:07,  1.66it/s, buffer=338400, ret=13.04, success=0.00]
Training episodes:  68%|██████▊   | 1692/2500 [16:59<08:07,  1.66it/s, buffer=338400, ret=13.04, success=0.00]
Training episodes:  68%|██████▊   | 1692/2500 [17:00<08:07,  1.66it/s, buffer=338600, ret=31.06, success=0.00]
Training episodes:  68%|██████▊   | 1693/2500 [17:00<08:09,  1.65it/s, buffer=338600, ret=31.06, success=0.00]
Training episodes:  68%|██████▊   | 1693/2500 [17:00<08:09,  1.65it/s, buffer=338800, ret=16.12, success=0.00]
Training episodes:  68%|██████▊   | 1694/2500 [17:00<08:14,  1.63it/s, buffer=338800, ret=16.12, success=0.00]
Training episodes:  68%|██████▊   | 1694/2500 [17:01<08:14,  1.63it/s, buffer=339000, ret=18.36, success=0.00]
Training episodes:  68%|██████▊   | 1695/2500 [17:01<08:16,  1.62it/s, buffer=339000, ret=18.36, success=0.00]
Training episodes:  68%|██████▊   | 1695/2500 [17:02<08:16,  1.62it/s, buffer=339200, ret=12.71, success=0.00]
Training episodes:  68%|██████▊   | 1696/2500 [17:02<08:20,  1.61it/s, buffer=339200, ret=12.71, success=0.00]
Training episodes:  68%|██████▊   | 1696/2500 [17:02<08:20,  1.61it/s, buffer=339400, ret=13.86, success=0.00]
Training episodes:  68%|██████▊   | 1697/2500 [17:02<08:20,  1.60it/s, buffer=339400, ret=13.86, success=0.00]
Training episodes:  68%|██████▊   | 1697/2500 [17:03<08:20,  1.60it/s, buffer=339600, ret=13.96, success=0.00]
Training episodes:  68%|██████▊   | 1698/2500 [17:03<08:22,  1.60it/s, buffer=339600, ret=13.96, success=0.00]
Training episodes:  68%|██████▊   | 1698/2500 [17:04<08:22,  1.60it/s, buffer=339800, ret=42.32, success=0.00]
Training episodes:  68%|██████▊   | 1699/2500 [17:04<08:22,  1.59it/s, buffer=339800, ret=42.32, success=0.00]
Training episodes:  68%|██████▊   | 1699/2500 [17:04<08:22,  1.59it/s, buffer=340000, ret=24.92, success=0.00]wandb: WARNING `fps` argument does not affect the frame rate of the video when providing a file path or raw bytes.

Training episodes:  68%|██████▊   | 1700/2500 [17:05<10:44,  1.24it/s, buffer=340000, ret=24.92, success=0.00]
Training episodes:  68%|██████▊   | 1700/2500 [17:05<10:44,  1.24it/s, buffer=340200, ret=14.16, success=0.00]
Training episodes:  68%|██████▊   | 1701/2500 [17:05<09:58,  1.33it/s, buffer=340200, ret=14.16, success=0.00]
Training episodes:  68%|██████▊   | 1701/2500 [17:06<09:58,  1.33it/s, buffer=340400, ret=15.56, success=0.00]
Training episodes:  68%|██████▊   | 1702/2500 [17:06<09:30,  1.40it/s, buffer=340400, ret=15.56, success=0.00]
Training episodes:  68%|██████▊   | 1702/2500 [17:07<09:30,  1.40it/s, buffer=340600, ret=15.44, success=0.00]
Training episodes:  68%|██████▊   | 1703/2500 [17:07<09:12,  1.44it/s, buffer=340600, ret=15.44, success=0.00]
Training episodes:  68%|██████▊   | 1703/2500 [17:07<09:12,  1.44it/s, buffer=340800, ret=12.48, success=0.00]
Training episodes:  68%|██████▊   | 1704/2500 [17:07<08:54,  1.49it/s, buffer=340800, ret=12.48, success=0.00]
Training episodes:  68%|██████▊   | 1704/2500 [17:08<08:54,  1.49it/s, buffer=341000, ret=31.03, success=0.00]
Training episodes:  68%|██████▊   | 1705/2500 [17:08<08:49,  1.50it/s, buffer=341000, ret=31.03, success=0.00]
Training episodes:  68%|██████▊   | 1705/2500 [17:09<08:49,  1.50it/s, buffer=341200, ret=14.20, success=0.00]
Training episodes:  68%|██████▊   | 1706/2500 [17:09<08:43,  1.52it/s, buffer=341200, ret=14.20, success=0.00]
Training episodes:  68%|██████▊   | 1706/2500 [17:09<08:43,  1.52it/s, buffer=341400, ret=14.50, success=0.00]
Training episodes:  68%|██████▊   | 1707/2500 [17:09<08:33,  1.55it/s, buffer=341400, ret=14.50, success=0.00]
Training episodes:  68%|██████▊   | 1707/2500 [17:10<08:33,  1.55it/s, buffer=341600, ret=39.42, success=0.00]
Training episodes:  68%|██████▊   | 1708/2500 [17:10<08:34,  1.54it/s, buffer=341600, ret=39.42, success=0.00]
Training episodes:  68%|██████▊   | 1708/2500 [17:11<08:34,  1.54it/s, buffer=341800, ret=12.33, success=0.00]
Training episodes:  68%|██████▊   | 1709/2500 [17:11<08:24,  1.57it/s, buffer=341800, ret=12.33, success=0.00]
Training episodes:  68%|██████▊   | 1709/2500 [17:11<08:24,  1.57it/s, buffer=342000, ret=20.43, success=0.00]
Training episodes:  68%|██████▊   | 1710/2500 [17:11<08:26,  1.56it/s, buffer=342000, ret=20.43, success=0.00]
Training episodes:  68%|██████▊   | 1710/2500 [17:12<08:26,  1.56it/s, buffer=342200, ret=11.97, success=0.00]
Training episodes:  68%|██████▊   | 1711/2500 [17:12<08:17,  1.59it/s, buffer=342200, ret=11.97, success=0.00]
Training episodes:  68%|██████▊   | 1711/2500 [17:12<08:17,  1.59it/s, buffer=342400, ret=21.72, success=0.00]
Training episodes:  68%|██████▊   | 1712/2500 [17:12<08:22,  1.57it/s, buffer=342400, ret=21.72, success=0.00]
Training episodes:  68%|██████▊   | 1712/2500 [17:13<08:22,  1.57it/s, buffer=342600, ret=21.35, success=0.00]
Training episodes:  69%|██████▊   | 1713/2500 [17:13<08:19,  1.58it/s, buffer=342600, ret=21.35, success=0.00]
Training episodes:  69%|██████▊   | 1713/2500 [17:14<08:19,  1.58it/s, buffer=342800, ret=52.18, success=0.00]
Training episodes:  69%|██████▊   | 1714/2500 [17:14<08:18,  1.58it/s, buffer=342800, ret=52.18, success=0.00]
Training episodes:  69%|██████▊   | 1714/2500 [17:14<08:18,  1.58it/s, buffer=343000, ret=14.44, success=0.00]
Training episodes:  69%|██████▊   | 1715/2500 [17:14<08:15,  1.58it/s, buffer=343000, ret=14.44, success=0.00]
Training episodes:  69%|██████▊   | 1715/2500 [17:15<08:15,  1.58it/s, buffer=343200, ret=19.22, success=0.00]
Training episodes:  69%|██████▊   | 1716/2500 [17:15<08:08,  1.60it/s, buffer=343200, ret=19.22, success=0.00]
Training episodes:  69%|██████▊   | 1716/2500 [17:16<08:08,  1.60it/s, buffer=343400, ret=14.83, success=0.00]
Training episodes:  69%|██████▊   | 1717/2500 [17:16<08:06,  1.61it/s, buffer=343400, ret=14.83, success=0.00]
Training episodes:  69%|██████▊   | 1717/2500 [17:16<08:06,  1.61it/s, buffer=343600, ret=16.17, success=0.00]
Training episodes:  69%|██████▊   | 1718/2500 [17:16<08:07,  1.60it/s, buffer=343600, ret=16.17, success=0.00]
Training episodes:  69%|██████▊   | 1718/2500 [17:17<08:07,  1.60it/s, buffer=343800, ret=15.55, success=0.00]
Training episodes:  69%|██████▉   | 1719/2500 [17:17<08:08,  1.60it/s, buffer=343800, ret=15.55, success=0.00]
Training episodes:  69%|██████▉   | 1719/2500 [17:17<08:08,  1.60it/s, buffer=344000, ret=13.27, success=0.00]
Training episodes:  69%|██████▉   | 1720/2500 [17:17<08:06,  1.60it/s, buffer=344000, ret=13.27, success=0.00]
Training episodes:  69%|██████▉   | 1720/2500 [17:18<08:06,  1.60it/s, buffer=344200, ret=24.09, success=0.00]
Training episodes:  69%|██████▉   | 1721/2500 [17:18<08:08,  1.59it/s, buffer=344200, ret=24.09, success=0.00]
Training episodes:  69%|██████▉   | 1721/2500 [17:19<08:08,  1.59it/s, buffer=344400, ret=17.50, success=0.00]
Training episodes:  69%|██████▉   | 1722/2500 [17:19<08:05,  1.60it/s, buffer=344400, ret=17.50, success=0.00]
Training episodes:  69%|██████▉   | 1722/2500 [17:19<08:05,  1.60it/s, buffer=344600, ret=25.93, success=0.00]
Training episodes:  69%|██████▉   | 1723/2500 [17:19<08:08,  1.59it/s, buffer=344600, ret=25.93, success=0.00]
Training episodes:  69%|██████▉   | 1723/2500 [17:20<08:08,  1.59it/s, buffer=344800, ret=10.17, success=0.00]
Training episodes:  69%|██████▉   | 1724/2500 [17:20<08:02,  1.61it/s, buffer=344800, ret=10.17, success=0.00]
Training episodes:  69%|██████▉   | 1724/2500 [17:21<08:02,  1.61it/s, buffer=345000, ret=19.45, success=0.00]
Training episodes:  69%|██████▉   | 1725/2500 [17:21<08:04,  1.60it/s, buffer=345000, ret=19.45, success=0.00]
Training episodes:  69%|██████▉   | 1725/2500 [17:21<08:04,  1.60it/s, buffer=345200, ret=12.64, success=0.00]
Training episodes:  69%|██████▉   | 1726/2500 [17:21<07:59,  1.61it/s, buffer=345200, ret=12.64, success=0.00]
Training episodes:  69%|██████▉   | 1726/2500 [17:22<07:59,  1.61it/s, buffer=345400, ret=12.02, success=0.00]
Training episodes:  69%|██████▉   | 1727/2500 [17:22<08:01,  1.61it/s, buffer=345400, ret=12.02, success=0.00]
Training episodes:  69%|██████▉   | 1727/2500 [17:22<08:01,  1.61it/s, buffer=345600, ret=14.19, success=0.00]
Training episodes:  69%|██████▉   | 1728/2500 [17:22<07:59,  1.61it/s, buffer=345600, ret=14.19, success=0.00]
Training episodes:  69%|██████▉   | 1728/2500 [17:23<07:59,  1.61it/s, buffer=345800, ret=16.95, success=0.00]
Training episodes:  69%|██████▉   | 1729/2500 [17:23<07:58,  1.61it/s, buffer=345800, ret=16.95, success=0.00]
Training episodes:  69%|██████▉   | 1729/2500 [17:24<07:58,  1.61it/s, buffer=346000, ret=19.29, success=0.00]
Training episodes:  69%|██████▉   | 1730/2500 [17:24<07:59,  1.61it/s, buffer=346000, ret=19.29, success=0.00]
Training episodes:  69%|██████▉   | 1730/2500 [17:24<07:59,  1.61it/s, buffer=346200, ret=11.14, success=0.00]
Training episodes:  69%|██████▉   | 1731/2500 [17:24<07:56,  1.62it/s, buffer=346200, ret=11.14, success=0.00]
Training episodes:  69%|██████▉   | 1731/2500 [17:25<07:56,  1.62it/s, buffer=346400, ret=13.08, success=0.00]
Training episodes:  69%|██████▉   | 1732/2500 [17:25<07:52,  1.62it/s, buffer=346400, ret=13.08, success=0.00]
Training episodes:  69%|██████▉   | 1732/2500 [17:25<07:52,  1.62it/s, buffer=346600, ret=14.41, success=0.00]
Training episodes:  69%|██████▉   | 1733/2500 [17:25<07:57,  1.61it/s, buffer=346600, ret=14.41, success=0.00]
Training episodes:  69%|██████▉   | 1733/2500 [17:26<07:57,  1.61it/s, buffer=346800, ret=13.87, success=0.00]
Training episodes:  69%|██████▉   | 1734/2500 [17:26<07:53,  1.62it/s, buffer=346800, ret=13.87, success=0.00]
Training episodes:  69%|██████▉   | 1734/2500 [17:27<07:53,  1.62it/s, buffer=347000, ret=13.87, success=0.00]
Training episodes:  69%|██████▉   | 1735/2500 [17:27<07:55,  1.61it/s, buffer=347000, ret=13.87, success=0.00]
Training episodes:  69%|██████▉   | 1735/2500 [17:27<07:55,  1.61it/s, buffer=347200, ret=12.69, success=0.00]
Training episodes:  69%|██████▉   | 1736/2500 [17:27<07:54,  1.61it/s, buffer=347200, ret=12.69, success=0.00]
Training episodes:  69%|██████▉   | 1736/2500 [17:28<07:54,  1.61it/s, buffer=347400, ret=12.51, success=0.00]
Training episodes:  69%|██████▉   | 1737/2500 [17:28<07:51,  1.62it/s, buffer=347400, ret=12.51, success=0.00]
Training episodes:  69%|██████▉   | 1737/2500 [17:29<07:51,  1.62it/s, buffer=347600, ret=15.96, success=0.00]
Training episodes:  70%|██████▉   | 1738/2500 [17:29<07:48,  1.63it/s, buffer=347600, ret=15.96, success=0.00]
Training episodes:  70%|██████▉   | 1738/2500 [17:29<07:48,  1.63it/s, buffer=347800, ret=11.47, success=0.00]
Training episodes:  70%|██████▉   | 1739/2500 [17:29<07:45,  1.63it/s, buffer=347800, ret=11.47, success=0.00]
Training episodes:  70%|██████▉   | 1739/2500 [17:30<07:45,  1.63it/s, buffer=348000, ret=36.14, success=0.00]
Training episodes:  70%|██████▉   | 1740/2500 [17:30<07:47,  1.63it/s, buffer=348000, ret=36.14, success=0.00]
Training episodes:  70%|██████▉   | 1740/2500 [17:30<07:47,  1.63it/s, buffer=348200, ret=16.07, success=0.00]
Training episodes:  70%|██████▉   | 1741/2500 [17:30<07:53,  1.60it/s, buffer=348200, ret=16.07, success=0.00]
Training episodes:  70%|██████▉   | 1741/2500 [17:31<07:53,  1.60it/s, buffer=348400, ret=16.54, success=0.00]
Training episodes:  70%|██████▉   | 1742/2500 [17:31<07:54,  1.60it/s, buffer=348400, ret=16.54, success=0.00]
Training episodes:  70%|██████▉   | 1742/2500 [17:32<07:54,  1.60it/s, buffer=348600, ret=23.12, success=0.00]
Training episodes:  70%|██████▉   | 1743/2500 [17:32<07:54,  1.59it/s, buffer=348600, ret=23.12, success=0.00]
Training episodes:  70%|██████▉   | 1743/2500 [17:32<07:54,  1.59it/s, buffer=348800, ret=12.69, success=0.00]
Training episodes:  70%|██████▉   | 1744/2500 [17:32<08:01,  1.57it/s, buffer=348800, ret=12.69, success=0.00]
Training episodes:  70%|██████▉   | 1744/2500 [17:33<08:01,  1.57it/s, buffer=349000, ret=13.78, success=0.00]
Training episodes:  70%|██████▉   | 1745/2500 [17:33<07:59,  1.57it/s, buffer=349000, ret=13.78, success=0.00]
Training episodes:  70%|██████▉   | 1745/2500 [17:34<07:59,  1.57it/s, buffer=349200, ret=31.33, success=0.00]
Training episodes:  70%|██████▉   | 1746/2500 [17:34<08:00,  1.57it/s, buffer=349200, ret=31.33, success=0.00]
Training episodes:  70%|██████▉   | 1746/2500 [17:34<08:00,  1.57it/s, buffer=349400, ret=21.01, success=0.00]
Training episodes:  70%|██████▉   | 1747/2500 [17:34<07:54,  1.59it/s, buffer=349400, ret=21.01, success=0.00]
Training episodes:  70%|██████▉   | 1747/2500 [17:35<07:54,  1.59it/s, buffer=349600, ret=11.31, success=0.00]
Training episodes:  70%|██████▉   | 1748/2500 [17:35<07:53,  1.59it/s, buffer=349600, ret=11.31, success=0.00]
Training episodes:  70%|██████▉   | 1748/2500 [17:36<07:53,  1.59it/s, buffer=349800, ret=11.42, success=0.00]
Training episodes:  70%|██████▉   | 1749/2500 [17:36<07:52,  1.59it/s, buffer=349800, ret=11.42, success=0.00]
Training episodes:  70%|██████▉   | 1749/2500 [17:36<07:52,  1.59it/s, buffer=350000, ret=14.19, success=0.00]wandb: WARNING `fps` argument does not affect the frame rate of the video when providing a file path or raw bytes.

Training episodes:  70%|███████   | 1750/2500 [17:37<10:00,  1.25it/s, buffer=350000, ret=14.19, success=0.00]
Training episodes:  70%|███████   | 1750/2500 [17:37<10:00,  1.25it/s, buffer=350200, ret=19.72, success=0.00]
Training episodes:  70%|███████   | 1751/2500 [17:37<09:15,  1.35it/s, buffer=350200, ret=19.72, success=0.00]
Training episodes:  70%|███████   | 1751/2500 [17:38<09:15,  1.35it/s, buffer=350400, ret=12.73, success=0.00]
Training episodes:  70%|███████   | 1752/2500 [17:38<08:51,  1.41it/s, buffer=350400, ret=12.73, success=0.00]
Training episodes:  70%|███████   | 1752/2500 [17:39<08:51,  1.41it/s, buffer=350600, ret=14.81, success=0.00]
Training episodes:  70%|███████   | 1753/2500 [17:39<08:34,  1.45it/s, buffer=350600, ret=14.81, success=0.00]
Training episodes:  70%|███████   | 1753/2500 [17:39<08:34,  1.45it/s, buffer=350800, ret=13.45, success=0.00]
Training episodes:  70%|███████   | 1754/2500 [17:39<08:24,  1.48it/s, buffer=350800, ret=13.45, success=0.00]
Training episodes:  70%|███████   | 1754/2500 [17:40<08:24,  1.48it/s, buffer=351000, ret=13.01, success=0.00]
Training episodes:  70%|███████   | 1755/2500 [17:40<08:08,  1.53it/s, buffer=351000, ret=13.01, success=0.00]
Training episodes:  70%|███████   | 1755/2500 [17:40<08:08,  1.53it/s, buffer=351200, ret=45.10, success=0.00]
Training episodes:  70%|███████   | 1756/2500 [17:40<08:05,  1.53it/s, buffer=351200, ret=45.10, success=0.00]
Training episodes:  70%|███████   | 1756/2500 [17:41<08:05,  1.53it/s, buffer=351400, ret=13.90, success=0.00]
Training episodes:  70%|███████   | 1757/2500 [17:41<07:56,  1.56it/s, buffer=351400, ret=13.90, success=0.00]
Training episodes:  70%|███████   | 1757/2500 [17:42<07:56,  1.56it/s, buffer=351600, ret=14.01, success=0.00]
Training episodes:  70%|███████   | 1758/2500 [17:42<07:47,  1.59it/s, buffer=351600, ret=14.01, success=0.00]
Training episodes:  70%|███████   | 1758/2500 [17:42<07:47,  1.59it/s, buffer=351800, ret=12.70, success=0.00]
Training episodes:  70%|███████   | 1759/2500 [17:42<07:43,  1.60it/s, buffer=351800, ret=12.70, success=0.00]
Training episodes:  70%|███████   | 1759/2500 [17:43<07:43,  1.60it/s, buffer=352000, ret=14.57, success=0.00]
Training episodes:  70%|███████   | 1760/2500 [17:43<07:36,  1.62it/s, buffer=352000, ret=14.57, success=0.00]
Training episodes:  70%|███████   | 1760/2500 [17:44<07:36,  1.62it/s, buffer=352200, ret=25.45, success=0.00]
Training episodes:  70%|███████   | 1761/2500 [17:44<07:32,  1.63it/s, buffer=352200, ret=25.45, success=0.00]
Training episodes:  70%|███████   | 1761/2500 [17:44<07:32,  1.63it/s, buffer=352400, ret=25.54, success=0.00]
Training episodes:  70%|███████   | 1762/2500 [17:44<07:30,  1.64it/s, buffer=352400, ret=25.54, success=0.00]
Training episodes:  70%|███████   | 1762/2500 [17:45<07:30,  1.64it/s, buffer=352600, ret=13.30, success=0.00]
Training episodes:  71%|███████   | 1763/2500 [17:45<07:27,  1.65it/s, buffer=352600, ret=13.30, success=0.00]
Training episodes:  71%|███████   | 1763/2500 [17:45<07:27,  1.65it/s, buffer=352800, ret=12.95, success=0.00]
Training episodes:  71%|███████   | 1764/2500 [17:45<07:26,  1.65it/s, buffer=352800, ret=12.95, success=0.00]
Training episodes:  71%|███████   | 1764/2500 [17:46<07:26,  1.65it/s, buffer=353000, ret=11.71, success=0.00]
Training episodes:  71%|███████   | 1765/2500 [17:46<07:22,  1.66it/s, buffer=353000, ret=11.71, success=0.00]
Training episodes:  71%|███████   | 1765/2500 [17:47<07:22,  1.66it/s, buffer=353200, ret=11.89, success=0.00]
Training episodes:  71%|███████   | 1766/2500 [17:47<07:21,  1.66it/s, buffer=353200, ret=11.89, success=0.00]
Training episodes:  71%|███████   | 1766/2500 [17:47<07:21,  1.66it/s, buffer=353400, ret=25.70, success=0.00]
Training episodes:  71%|███████   | 1767/2500 [17:47<07:23,  1.65it/s, buffer=353400, ret=25.70, success=0.00]
Training episodes:  71%|███████   | 1767/2500 [17:48<07:23,  1.65it/s, buffer=353600, ret=13.84, success=0.00]
Training episodes:  71%|███████   | 1768/2500 [17:48<07:23,  1.65it/s, buffer=353600, ret=13.84, success=0.00]
Training episodes:  71%|███████   | 1768/2500 [17:48<07:23,  1.65it/s, buffer=353800, ret=16.28, success=0.00]
Training episodes:  71%|███████   | 1769/2500 [17:48<07:25,  1.64it/s, buffer=353800, ret=16.28, success=0.00]
Training episodes:  71%|███████   | 1769/2500 [17:49<07:25,  1.64it/s, buffer=354000, ret=20.63, success=0.00]
Training episodes:  71%|███████   | 1770/2500 [17:49<07:26,  1.64it/s, buffer=354000, ret=20.63, success=0.00]
Training episodes:  71%|███████   | 1770/2500 [17:50<07:26,  1.64it/s, buffer=354200, ret=20.75, success=0.00]
Training episodes:  71%|███████   | 1771/2500 [17:50<07:24,  1.64it/s, buffer=354200, ret=20.75, success=0.00]
Training episodes:  71%|███████   | 1771/2500 [17:50<07:24,  1.64it/s, buffer=354400, ret=12.36, success=0.00]
Training episodes:  71%|███████   | 1772/2500 [17:50<07:22,  1.64it/s, buffer=354400, ret=12.36, success=0.00]
Training episodes:  71%|███████   | 1772/2500 [17:51<07:22,  1.64it/s, buffer=354600, ret=26.43, success=0.00]
Training episodes:  71%|███████   | 1773/2500 [17:51<07:28,  1.62it/s, buffer=354600, ret=26.43, success=0.00]
Training episodes:  71%|███████   | 1773/2500 [17:51<07:28,  1.62it/s, buffer=354800, ret=14.71, success=0.00]
Training episodes:  71%|███████   | 1774/2500 [17:51<07:21,  1.64it/s, buffer=354800, ret=14.71, success=0.00]
Training episodes:  71%|███████   | 1774/2500 [17:52<07:21,  1.64it/s, buffer=355000, ret=30.59, success=0.00]
Training episodes:  71%|███████   | 1775/2500 [17:52<07:30,  1.61it/s, buffer=355000, ret=30.59, success=0.00]
Training episodes:  71%|███████   | 1775/2500 [17:53<07:30,  1.61it/s, buffer=355200, ret=11.22, success=0.00]
Training episodes:  71%|███████   | 1776/2500 [17:53<07:35,  1.59it/s, buffer=355200, ret=11.22, success=0.00]
Training episodes:  71%|███████   | 1776/2500 [17:53<07:35,  1.59it/s, buffer=355400, ret=17.31, success=0.00]
Training episodes:  71%|███████   | 1777/2500 [17:53<07:26,  1.62it/s, buffer=355400, ret=17.31, success=0.00]
Training episodes:  71%|███████   | 1777/2500 [17:54<07:26,  1.62it/s, buffer=355600, ret=11.10, success=0.00]
Training episodes:  71%|███████   | 1778/2500 [17:54<07:21,  1.63it/s, buffer=355600, ret=11.10, success=0.00]
Training episodes:  71%|███████   | 1778/2500 [17:55<07:21,  1.63it/s, buffer=355800, ret=14.72, success=0.00]
Training episodes:  71%|███████   | 1779/2500 [17:55<07:19,  1.64it/s, buffer=355800, ret=14.72, success=0.00]
Training episodes:  71%|███████   | 1779/2500 [17:55<07:19,  1.64it/s, buffer=356000, ret=9.91, success=0.00] 
Training episodes:  71%|███████   | 1780/2500 [17:55<07:16,  1.65it/s, buffer=356000, ret=9.91, success=0.00]
Training episodes:  71%|███████   | 1780/2500 [17:56<07:16,  1.65it/s, buffer=356200, ret=28.54, success=0.00]
Training episodes:  71%|███████   | 1781/2500 [17:56<07:19,  1.64it/s, buffer=356200, ret=28.54, success=0.00]
Training episodes:  71%|███████   | 1781/2500 [17:56<07:19,  1.64it/s, buffer=356400, ret=10.71, success=0.00]
Training episodes:  71%|███████▏  | 1782/2500 [17:56<07:20,  1.63it/s, buffer=356400, ret=10.71, success=0.00]
Training episodes:  71%|███████▏  | 1782/2500 [17:57<07:20,  1.63it/s, buffer=356600, ret=11.14, success=0.00]
Training episodes:  71%|███████▏  | 1783/2500 [17:57<07:16,  1.64it/s, buffer=356600, ret=11.14, success=0.00]
Training episodes:  71%|███████▏  | 1783/2500 [17:58<07:16,  1.64it/s, buffer=356800, ret=14.72, success=0.00]
Training episodes:  71%|███████▏  | 1784/2500 [17:58<07:16,  1.64it/s, buffer=356800, ret=14.72, success=0.00]
Training episodes:  71%|███████▏  | 1784/2500 [17:58<07:16,  1.64it/s, buffer=357000, ret=21.91, success=0.00]
Training episodes:  71%|███████▏  | 1785/2500 [17:58<07:24,  1.61it/s, buffer=357000, ret=21.91, success=0.00]
Training episodes:  71%|███████▏  | 1785/2500 [17:59<07:24,  1.61it/s, buffer=357200, ret=14.99, success=0.00]
Training episodes:  71%|███████▏  | 1786/2500 [17:59<07:23,  1.61it/s, buffer=357200, ret=14.99, success=0.00]
Training episodes:  71%|███████▏  | 1786/2500 [17:59<07:23,  1.61it/s, buffer=357400, ret=12.96, success=0.00]
Training episodes:  71%|███████▏  | 1787/2500 [17:59<07:20,  1.62it/s, buffer=357400, ret=12.96, success=0.00]
Training episodes:  71%|███████▏  | 1787/2500 [18:00<07:20,  1.62it/s, buffer=357600, ret=12.44, success=0.00]
Training episodes:  72%|███████▏  | 1788/2500 [18:00<07:22,  1.61it/s, buffer=357600, ret=12.44, success=0.00]
Training episodes:  72%|███████▏  | 1788/2500 [18:01<07:22,  1.61it/s, buffer=357800, ret=19.68, success=0.00]
Training episodes:  72%|███████▏  | 1789/2500 [18:01<07:19,  1.62it/s, buffer=357800, ret=19.68, success=0.00]
Training episodes:  72%|███████▏  | 1789/2500 [18:01<07:19,  1.62it/s, buffer=358000, ret=13.68, success=0.00]
Training episodes:  72%|███████▏  | 1790/2500 [18:01<07:22,  1.60it/s, buffer=358000, ret=13.68, success=0.00]
Training episodes:  72%|███████▏  | 1790/2500 [18:02<07:22,  1.60it/s, buffer=358200, ret=40.65, success=0.00]
Training episodes:  72%|███████▏  | 1791/2500 [18:02<07:22,  1.60it/s, buffer=358200, ret=40.65, success=0.00]
Training episodes:  72%|███████▏  | 1791/2500 [18:03<07:22,  1.60it/s, buffer=358400, ret=12.56, success=0.00]
Training episodes:  72%|███████▏  | 1792/2500 [18:03<07:20,  1.61it/s, buffer=358400, ret=12.56, success=0.00]
Training episodes:  72%|███████▏  | 1792/2500 [18:03<07:20,  1.61it/s, buffer=358600, ret=22.88, success=0.00]
Training episodes:  72%|███████▏  | 1793/2500 [18:03<07:21,  1.60it/s, buffer=358600, ret=22.88, success=0.00]
Training episodes:  72%|███████▏  | 1793/2500 [18:04<07:21,  1.60it/s, buffer=358800, ret=28.93, success=0.00]
Training episodes:  72%|███████▏  | 1794/2500 [18:04<07:27,  1.58it/s, buffer=358800, ret=28.93, success=0.00]
Training episodes:  72%|███████▏  | 1794/2500 [18:04<07:27,  1.58it/s, buffer=359000, ret=17.37, success=0.00]
Training episodes:  72%|███████▏  | 1795/2500 [18:04<07:28,  1.57it/s, buffer=359000, ret=17.37, success=0.00]
Training episodes:  72%|███████▏  | 1795/2500 [18:05<07:28,  1.57it/s, buffer=359200, ret=19.23, success=0.00]
Training episodes:  72%|███████▏  | 1796/2500 [18:05<07:26,  1.58it/s, buffer=359200, ret=19.23, success=0.00]
Training episodes:  72%|███████▏  | 1796/2500 [18:06<07:26,  1.58it/s, buffer=359400, ret=24.43, success=0.00]
Training episodes:  72%|███████▏  | 1797/2500 [18:06<07:29,  1.56it/s, buffer=359400, ret=24.43, success=0.00]
Training episodes:  72%|███████▏  | 1797/2500 [18:06<07:29,  1.56it/s, buffer=359600, ret=11.57, success=0.00]
Training episodes:  72%|███████▏  | 1798/2500 [18:06<07:23,  1.58it/s, buffer=359600, ret=11.57, success=0.00]
Training episodes:  72%|███████▏  | 1798/2500 [18:07<07:23,  1.58it/s, buffer=359800, ret=13.41, success=0.00]
Training episodes:  72%|███████▏  | 1799/2500 [18:07<07:19,  1.59it/s, buffer=359800, ret=13.41, success=0.00]
Training episodes:  72%|███████▏  | 1799/2500 [18:08<07:19,  1.59it/s, buffer=360000, ret=10.38, success=0.00]wandb: WARNING `fps` argument does not affect the frame rate of the video when providing a file path or raw bytes.

Training episodes:  72%|███████▏  | 1800/2500 [18:08<09:22,  1.24it/s, buffer=360000, ret=10.38, success=0.00]
Training episodes:  72%|███████▏  | 1800/2500 [18:09<09:22,  1.24it/s, buffer=360200, ret=33.32, success=0.00]
Training episodes:  72%|███████▏  | 1801/2500 [18:09<08:48,  1.32it/s, buffer=360200, ret=33.32, success=0.00]
Training episodes:  72%|███████▏  | 1801/2500 [18:09<08:48,  1.32it/s, buffer=360400, ret=12.19, success=0.00]
Training episodes:  72%|███████▏  | 1802/2500 [18:09<08:20,  1.39it/s, buffer=360400, ret=12.19, success=0.00]
Training episodes:  72%|███████▏  | 1802/2500 [18:10<08:20,  1.39it/s, buffer=360600, ret=91.98, success=1.00]
Training episodes:  72%|███████▏  | 1803/2500 [18:10<07:59,  1.45it/s, buffer=360600, ret=91.98, success=1.00]
Training episodes:  72%|███████▏  | 1803/2500 [18:11<07:59,  1.45it/s, buffer=360800, ret=15.34, success=0.00]
Training episodes:  72%|███████▏  | 1804/2500 [18:11<07:46,  1.49it/s, buffer=360800, ret=15.34, success=0.00]
Training episodes:  72%|███████▏  | 1804/2500 [18:11<07:46,  1.49it/s, buffer=361000, ret=14.33, success=0.00]
Training episodes:  72%|███████▏  | 1805/2500 [18:11<07:35,  1.53it/s, buffer=361000, ret=14.33, success=0.00]
Training episodes:  72%|███████▏  | 1805/2500 [18:12<07:35,  1.53it/s, buffer=361200, ret=12.63, success=0.00]
Training episodes:  72%|███████▏  | 1806/2500 [18:12<07:24,  1.56it/s, buffer=361200, ret=12.63, success=0.00]
Training episodes:  72%|███████▏  | 1806/2500 [18:13<07:24,  1.56it/s, buffer=361400, ret=19.57, success=0.00]
Training episodes:  72%|███████▏  | 1807/2500 [18:13<07:18,  1.58it/s, buffer=361400, ret=19.57, success=0.00]
Training episodes:  72%|███████▏  | 1807/2500 [18:13<07:18,  1.58it/s, buffer=361600, ret=12.16, success=0.00]
Training episodes:  72%|███████▏  | 1808/2500 [18:13<07:17,  1.58it/s, buffer=361600, ret=12.16, success=0.00]
Training episodes:  72%|███████▏  | 1808/2500 [18:14<07:17,  1.58it/s, buffer=361800, ret=14.31, success=0.00]
Training episodes:  72%|███████▏  | 1809/2500 [18:14<07:14,  1.59it/s, buffer=361800, ret=14.31, success=0.00]
Training episodes:  72%|███████▏  | 1809/2500 [18:14<07:14,  1.59it/s, buffer=362000, ret=13.04, success=0.00]
Training episodes:  72%|███████▏  | 1810/2500 [18:14<07:14,  1.59it/s, buffer=362000, ret=13.04, success=0.00]
Training episodes:  72%|███████▏  | 1810/2500 [18:15<07:14,  1.59it/s, buffer=362200, ret=29.17, success=0.00]
Training episodes:  72%|███████▏  | 1811/2500 [18:15<07:16,  1.58it/s, buffer=362200, ret=29.17, success=0.00]
Training episodes:  72%|███████▏  | 1811/2500 [18:16<07:16,  1.58it/s, buffer=362400, ret=13.10, success=0.00]
Training episodes:  72%|███████▏  | 1812/2500 [18:16<07:10,  1.60it/s, buffer=362400, ret=13.10, success=0.00]
Training episodes:  72%|███████▏  | 1812/2500 [18:16<07:10,  1.60it/s, buffer=362600, ret=17.77, success=0.00]
Training episodes:  73%|███████▎  | 1813/2500 [18:16<07:09,  1.60it/s, buffer=362600, ret=17.77, success=0.00]
Training episodes:  73%|███████▎  | 1813/2500 [18:17<07:09,  1.60it/s, buffer=362800, ret=33.06, success=0.00]
Training episodes:  73%|███████▎  | 1814/2500 [18:17<07:09,  1.60it/s, buffer=362800, ret=33.06, success=0.00]
Training episodes:  73%|███████▎  | 1814/2500 [18:18<07:09,  1.60it/s, buffer=363000, ret=38.53, success=0.00]
Training episodes:  73%|███████▎  | 1815/2500 [18:18<07:15,  1.57it/s, buffer=363000, ret=38.53, success=0.00]
Training episodes:  73%|███████▎  | 1815/2500 [18:18<07:15,  1.57it/s, buffer=363200, ret=10.94, success=0.00]
Training episodes:  73%|███████▎  | 1816/2500 [18:18<07:12,  1.58it/s, buffer=363200, ret=10.94, success=0.00]
Training episodes:  73%|███████▎  | 1816/2500 [18:19<07:12,  1.58it/s, buffer=363400, ret=10.49, success=0.00]
Training episodes:  73%|███████▎  | 1817/2500 [18:19<07:08,  1.60it/s, buffer=363400, ret=10.49, success=0.00]
Training episodes:  73%|███████▎  | 1817/2500 [18:19<07:08,  1.60it/s, buffer=363600, ret=11.61, success=0.00]
Training episodes:  73%|███████▎  | 1818/2500 [18:19<07:07,  1.60it/s, buffer=363600, ret=11.61, success=0.00]
Training episodes:  73%|███████▎  | 1818/2500 [18:20<07:07,  1.60it/s, buffer=363800, ret=12.56, success=0.00]
Training episodes:  73%|███████▎  | 1819/2500 [18:20<07:05,  1.60it/s, buffer=363800, ret=12.56, success=0.00]
Training episodes:  73%|███████▎  | 1819/2500 [18:21<07:05,  1.60it/s, buffer=364000, ret=11.28, success=0.00]
Training episodes:  73%|███████▎  | 1820/2500 [18:21<07:03,  1.60it/s, buffer=364000, ret=11.28, success=0.00]
Training episodes:  73%|███████▎  | 1820/2500 [18:21<07:03,  1.60it/s, buffer=364200, ret=45.99, success=0.00]
Training episodes:  73%|███████▎  | 1821/2500 [18:21<07:09,  1.58it/s, buffer=364200, ret=45.99, success=0.00]
Training episodes:  73%|███████▎  | 1821/2500 [18:22<07:09,  1.58it/s, buffer=364400, ret=11.19, success=0.00]
Training episodes:  73%|███████▎  | 1822/2500 [18:22<07:04,  1.60it/s, buffer=364400, ret=11.19, success=0.00]
Training episodes:  73%|███████▎  | 1822/2500 [18:23<07:04,  1.60it/s, buffer=364600, ret=10.79, success=0.00]
Training episodes:  73%|███████▎  | 1823/2500 [18:23<07:04,  1.59it/s, buffer=364600, ret=10.79, success=0.00]
Training episodes:  73%|███████▎  | 1823/2500 [18:23<07:04,  1.59it/s, buffer=364800, ret=11.28, success=0.00]
Training episodes:  73%|███████▎  | 1824/2500 [18:23<07:03,  1.59it/s, buffer=364800, ret=11.28, success=0.00]
Training episodes:  73%|███████▎  | 1824/2500 [18:24<07:03,  1.59it/s, buffer=365000, ret=19.05, success=0.00]
Training episodes:  73%|███████▎  | 1825/2500 [18:24<07:02,  1.60it/s, buffer=365000, ret=19.05, success=0.00]
Training episodes:  73%|███████▎  | 1825/2500 [18:24<07:02,  1.60it/s, buffer=365200, ret=12.87, success=0.00]
Training episodes:  73%|███████▎  | 1826/2500 [18:24<06:58,  1.61it/s, buffer=365200, ret=12.87, success=0.00]
Training episodes:  73%|███████▎  | 1826/2500 [18:25<06:58,  1.61it/s, buffer=365400, ret=16.64, success=0.00]
Training episodes:  73%|███████▎  | 1827/2500 [18:25<06:54,  1.62it/s, buffer=365400, ret=16.64, success=0.00]
Training episodes:  73%|███████▎  | 1827/2500 [18:26<06:54,  1.62it/s, buffer=365600, ret=18.63, success=0.00]
Training episodes:  73%|███████▎  | 1828/2500 [18:26<06:52,  1.63it/s, buffer=365600, ret=18.63, success=0.00]
Training episodes:  73%|███████▎  | 1828/2500 [18:26<06:52,  1.63it/s, buffer=365800, ret=14.64, success=0.00]
Training episodes:  73%|███████▎  | 1829/2500 [18:26<06:49,  1.64it/s, buffer=365800, ret=14.64, success=0.00]
Training episodes:  73%|███████▎  | 1829/2500 [18:27<06:49,  1.64it/s, buffer=366000, ret=11.08, success=0.00]
Training episodes:  73%|███████▎  | 1830/2500 [18:27<06:48,  1.64it/s, buffer=366000, ret=11.08, success=0.00]
Training episodes:  73%|███████▎  | 1830/2500 [18:28<06:48,  1.64it/s, buffer=366200, ret=18.32, success=0.00]
Training episodes:  73%|███████▎  | 1831/2500 [18:28<06:47,  1.64it/s, buffer=366200, ret=18.32, success=0.00]
Training episodes:  73%|███████▎  | 1831/2500 [18:28<06:47,  1.64it/s, buffer=366400, ret=10.96, success=0.00]
Training episodes:  73%|███████▎  | 1832/2500 [18:28<06:45,  1.65it/s, buffer=366400, ret=10.96, success=0.00]
Training episodes:  73%|███████▎  | 1832/2500 [18:29<06:45,  1.65it/s, buffer=366600, ret=12.01, success=0.00]
Training episodes:  73%|███████▎  | 1833/2500 [18:29<06:44,  1.65it/s, buffer=366600, ret=12.01, success=0.00]
Training episodes:  73%|███████▎  | 1833/2500 [18:29<06:44,  1.65it/s, buffer=366800, ret=11.78, success=0.00]
Training episodes:  73%|███████▎  | 1834/2500 [18:29<06:41,  1.66it/s, buffer=366800, ret=11.78, success=0.00]
Training episodes:  73%|███████▎  | 1834/2500 [18:30<06:41,  1.66it/s, buffer=367000, ret=33.67, success=0.00]
Training episodes:  73%|███████▎  | 1835/2500 [18:30<06:46,  1.63it/s, buffer=367000, ret=33.67, success=0.00]
Training episodes:  73%|███████▎  | 1835/2500 [18:31<06:46,  1.63it/s, buffer=367200, ret=13.59, success=0.00]
Training episodes:  73%|███████▎  | 1836/2500 [18:31<06:44,  1.64it/s, buffer=367200, ret=13.59, success=0.00]
Training episodes:  73%|███████▎  | 1836/2500 [18:31<06:44,  1.64it/s, buffer=367400, ret=11.62, success=0.00]
Training episodes:  73%|███████▎  | 1837/2500 [18:31<06:43,  1.64it/s, buffer=367400, ret=11.62, success=0.00]
Training episodes:  73%|███████▎  | 1837/2500 [18:32<06:43,  1.64it/s, buffer=367600, ret=14.49, success=0.00]
Training episodes:  74%|███████▎  | 1838/2500 [18:32<06:43,  1.64it/s, buffer=367600, ret=14.49, success=0.00]
Training episodes:  74%|███████▎  | 1838/2500 [18:32<06:43,  1.64it/s, buffer=367800, ret=11.60, success=0.00]
Training episodes:  74%|███████▎  | 1839/2500 [18:32<06:43,  1.64it/s, buffer=367800, ret=11.60, success=0.00]
Training episodes:  74%|███████▎  | 1839/2500 [18:33<06:43,  1.64it/s, buffer=368000, ret=13.56, success=0.00]
Training episodes:  74%|███████▎  | 1840/2500 [18:33<06:49,  1.61it/s, buffer=368000, ret=13.56, success=0.00]
Training episodes:  74%|███████▎  | 1840/2500 [18:34<06:49,  1.61it/s, buffer=368200, ret=13.21, success=0.00]
Training episodes:  74%|███████▎  | 1841/2500 [18:34<06:52,  1.60it/s, buffer=368200, ret=13.21, success=0.00]
Training episodes:  74%|███████▎  | 1841/2500 [18:34<06:52,  1.60it/s, buffer=368400, ret=14.14, success=0.00]
Training episodes:  74%|███████▎  | 1842/2500 [18:34<06:51,  1.60it/s, buffer=368400, ret=14.14, success=0.00]
Training episodes:  74%|███████▎  | 1842/2500 [18:35<06:51,  1.60it/s, buffer=368600, ret=19.94, success=0.00]
Training episodes:  74%|███████▎  | 1843/2500 [18:35<06:49,  1.60it/s, buffer=368600, ret=19.94, success=0.00]
Training episodes:  74%|███████▎  | 1843/2500 [18:36<06:49,  1.60it/s, buffer=368800, ret=25.17, success=0.00]
Training episodes:  74%|███████▍  | 1844/2500 [18:36<06:49,  1.60it/s, buffer=368800, ret=25.17, success=0.00]
Training episodes:  74%|███████▍  | 1844/2500 [18:36<06:49,  1.60it/s, buffer=369000, ret=27.34, success=0.00]
Training episodes:  74%|███████▍  | 1845/2500 [18:36<06:51,  1.59it/s, buffer=369000, ret=27.34, success=0.00]
Training episodes:  74%|███████▍  | 1845/2500 [18:37<06:51,  1.59it/s, buffer=369200, ret=30.04, success=0.00]
Training episodes:  74%|███████▍  | 1846/2500 [18:37<06:54,  1.58it/s, buffer=369200, ret=30.04, success=0.00]
Training episodes:  74%|███████▍  | 1846/2500 [18:37<06:54,  1.58it/s, buffer=369400, ret=33.40, success=0.00]
Training episodes:  74%|███████▍  | 1847/2500 [18:37<06:53,  1.58it/s, buffer=369400, ret=33.40, success=0.00]
Training episodes:  74%|███████▍  | 1847/2500 [18:38<06:53,  1.58it/s, buffer=369600, ret=11.87, success=0.00]
Training episodes:  74%|███████▍  | 1848/2500 [18:38<06:52,  1.58it/s, buffer=369600, ret=11.87, success=0.00]
Training episodes:  74%|███████▍  | 1848/2500 [18:39<06:52,  1.58it/s, buffer=369800, ret=11.19, success=0.00]
Training episodes:  74%|███████▍  | 1849/2500 [18:39<06:46,  1.60it/s, buffer=369800, ret=11.19, success=0.00]
Training episodes:  74%|███████▍  | 1849/2500 [18:39<06:46,  1.60it/s, buffer=370000, ret=11.10, success=0.00]wandb: WARNING `fps` argument does not affect the frame rate of the video when providing a file path or raw bytes.

Training episodes:  74%|███████▍  | 1850/2500 [18:40<08:39,  1.25it/s, buffer=370000, ret=11.10, success=0.00]
Training episodes:  74%|███████▍  | 1850/2500 [18:40<08:39,  1.25it/s, buffer=370200, ret=11.75, success=0.00]
Training episodes:  74%|███████▍  | 1851/2500 [18:40<08:02,  1.34it/s, buffer=370200, ret=11.75, success=0.00]
Training episodes:  74%|███████▍  | 1851/2500 [18:41<08:02,  1.34it/s, buffer=370400, ret=10.80, success=0.00]
Training episodes:  74%|███████▍  | 1852/2500 [18:41<07:35,  1.42it/s, buffer=370400, ret=10.80, success=0.00]
Training episodes:  74%|███████▍  | 1852/2500 [18:42<07:35,  1.42it/s, buffer=370600, ret=11.73, success=0.00]
Training episodes:  74%|███████▍  | 1853/2500 [18:42<07:14,  1.49it/s, buffer=370600, ret=11.73, success=0.00]
Training episodes:  74%|███████▍  | 1853/2500 [18:42<07:14,  1.49it/s, buffer=370800, ret=36.04, success=0.00]
Training episodes:  74%|███████▍  | 1854/2500 [18:42<07:02,  1.53it/s, buffer=370800, ret=36.04, success=0.00]
Training episodes:  74%|███████▍  | 1854/2500 [18:43<07:02,  1.53it/s, buffer=371000, ret=10.72, success=0.00]
Training episodes:  74%|███████▍  | 1855/2500 [18:43<06:51,  1.57it/s, buffer=371000, ret=10.72, success=0.00]
Training episodes:  74%|███████▍  | 1855/2500 [18:44<06:51,  1.57it/s, buffer=371200, ret=15.65, success=0.00]
Training episodes:  74%|███████▍  | 1856/2500 [18:44<06:46,  1.59it/s, buffer=371200, ret=15.65, success=0.00]
Training episodes:  74%|███████▍  | 1856/2500 [18:44<06:46,  1.59it/s, buffer=371400, ret=13.45, success=0.00]
Training episodes:  74%|███████▍  | 1857/2500 [18:44<06:37,  1.62it/s, buffer=371400, ret=13.45, success=0.00]
Training episodes:  74%|███████▍  | 1857/2500 [18:45<06:37,  1.62it/s, buffer=371600, ret=10.95, success=0.00]
Training episodes:  74%|███████▍  | 1858/2500 [18:45<06:31,  1.64it/s, buffer=371600, ret=10.95, success=0.00]
Training episodes:  74%|███████▍  | 1858/2500 [18:45<06:31,  1.64it/s, buffer=371800, ret=12.01, success=0.00]
Training episodes:  74%|███████▍  | 1859/2500 [18:45<06:28,  1.65it/s, buffer=371800, ret=12.01, success=0.00]
Training episodes:  74%|███████▍  | 1859/2500 [18:46<06:28,  1.65it/s, buffer=372000, ret=26.35, success=0.00]
Training episodes:  74%|███████▍  | 1860/2500 [18:46<06:25,  1.66it/s, buffer=372000, ret=26.35, success=0.00]
Training episodes:  74%|███████▍  | 1860/2500 [18:47<06:25,  1.66it/s, buffer=372200, ret=25.53, success=0.00]
Training episodes:  74%|███████▍  | 1861/2500 [18:47<06:28,  1.65it/s, buffer=372200, ret=25.53, success=0.00]
Training episodes:  74%|███████▍  | 1861/2500 [18:47<06:28,  1.65it/s, buffer=372400, ret=12.47, success=0.00]
Training episodes:  74%|███████▍  | 1862/2500 [18:47<06:24,  1.66it/s, buffer=372400, ret=12.47, success=0.00]
Training episodes:  74%|███████▍  | 1862/2500 [18:48<06:24,  1.66it/s, buffer=372600, ret=12.16, success=0.00]
Training episodes:  75%|███████▍  | 1863/2500 [18:48<06:21,  1.67it/s, buffer=372600, ret=12.16, success=0.00]
Training episodes:  75%|███████▍  | 1863/2500 [18:48<06:21,  1.67it/s, buffer=372800, ret=12.50, success=0.00]
Training episodes:  75%|███████▍  | 1864/2500 [18:48<06:18,  1.68it/s, buffer=372800, ret=12.50, success=0.00]
Training episodes:  75%|███████▍  | 1864/2500 [18:49<06:18,  1.68it/s, buffer=373000, ret=13.83, success=0.00]
Training episodes:  75%|███████▍  | 1865/2500 [18:49<06:18,  1.68it/s, buffer=373000, ret=13.83, success=0.00]
Training episodes:  75%|███████▍  | 1865/2500 [18:49<06:18,  1.68it/s, buffer=373200, ret=14.87, success=0.00]
Training episodes:  75%|███████▍  | 1866/2500 [18:49<06:19,  1.67it/s, buffer=373200, ret=14.87, success=0.00]
Training episodes:  75%|███████▍  | 1866/2500 [18:50<06:19,  1.67it/s, buffer=373400, ret=11.42, success=0.00]
Training episodes:  75%|███████▍  | 1867/2500 [18:50<06:18,  1.67it/s, buffer=373400, ret=11.42, success=0.00]
Training episodes:  75%|███████▍  | 1867/2500 [18:51<06:18,  1.67it/s, buffer=373600, ret=14.82, success=0.00]
Training episodes:  75%|███████▍  | 1868/2500 [18:51<06:18,  1.67it/s, buffer=373600, ret=14.82, success=0.00]
Training episodes:  75%|███████▍  | 1868/2500 [18:51<06:18,  1.67it/s, buffer=373800, ret=11.91, success=0.00]
Training episodes:  75%|███████▍  | 1869/2500 [18:51<06:17,  1.67it/s, buffer=373800, ret=11.91, success=0.00]
Training episodes:  75%|███████▍  | 1869/2500 [18:52<06:17,  1.67it/s, buffer=374000, ret=12.83, success=0.00]
Training episodes:  75%|███████▍  | 1870/2500 [18:52<06:15,  1.68it/s, buffer=374000, ret=12.83, success=0.00]
Training episodes:  75%|███████▍  | 1870/2500 [18:52<06:15,  1.68it/s, buffer=374200, ret=14.01, success=0.00]
Training episodes:  75%|███████▍  | 1871/2500 [18:52<06:12,  1.69it/s, buffer=374200, ret=14.01, success=0.00]
Training episodes:  75%|███████▍  | 1871/2500 [18:53<06:12,  1.69it/s, buffer=374400, ret=9.36, success=0.00] 
Training episodes:  75%|███████▍  | 1872/2500 [18:53<06:12,  1.69it/s, buffer=374400, ret=9.36, success=0.00]
Training episodes:  75%|███████▍  | 1872/2500 [18:54<06:12,  1.69it/s, buffer=374600, ret=10.77, success=0.00]
Training episodes:  75%|███████▍  | 1873/2500 [18:54<06:12,  1.68it/s, buffer=374600, ret=10.77, success=0.00]
Training episodes:  75%|███████▍  | 1873/2500 [18:54<06:12,  1.68it/s, buffer=374800, ret=44.67, success=0.00]
Training episodes:  75%|███████▍  | 1874/2500 [18:54<06:16,  1.66it/s, buffer=374800, ret=44.67, success=0.00]
Training episodes:  75%|███████▍  | 1874/2500 [18:55<06:16,  1.66it/s, buffer=375000, ret=15.56, success=0.00]
Training episodes:  75%|███████▌  | 1875/2500 [18:55<06:17,  1.66it/s, buffer=375000, ret=15.56, success=0.00]
Training episodes:  75%|███████▌  | 1875/2500 [18:55<06:17,  1.66it/s, buffer=375200, ret=11.73, success=0.00]
Training episodes:  75%|███████▌  | 1876/2500 [18:55<06:13,  1.67it/s, buffer=375200, ret=11.73, success=0.00]
Training episodes:  75%|███████▌  | 1876/2500 [18:56<06:13,  1.67it/s, buffer=375400, ret=14.23, success=0.00]
Training episodes:  75%|███████▌  | 1877/2500 [18:56<06:12,  1.67it/s, buffer=375400, ret=14.23, success=0.00]
Training episodes:  75%|███████▌  | 1877/2500 [18:57<06:12,  1.67it/s, buffer=375600, ret=14.87, success=0.00]
Training episodes:  75%|███████▌  | 1878/2500 [18:57<06:13,  1.67it/s, buffer=375600, ret=14.87, success=0.00]
Training episodes:  75%|███████▌  | 1878/2500 [18:57<06:13,  1.67it/s, buffer=375800, ret=21.15, success=0.00]
Training episodes:  75%|███████▌  | 1879/2500 [18:57<06:11,  1.67it/s, buffer=375800, ret=21.15, success=0.00]
Training episodes:  75%|███████▌  | 1879/2500 [18:58<06:11,  1.67it/s, buffer=376000, ret=12.97, success=0.00]
Training episodes:  75%|███████▌  | 1880/2500 [18:58<06:12,  1.66it/s, buffer=376000, ret=12.97, success=0.00]
Training episodes:  75%|███████▌  | 1880/2500 [18:58<06:12,  1.66it/s, buffer=376200, ret=11.21, success=0.00]
Training episodes:  75%|███████▌  | 1881/2500 [18:58<06:11,  1.66it/s, buffer=376200, ret=11.21, success=0.00]
Training episodes:  75%|███████▌  | 1881/2500 [18:59<06:11,  1.66it/s, buffer=376400, ret=12.64, success=0.00]
Training episodes:  75%|███████▌  | 1882/2500 [18:59<06:08,  1.67it/s, buffer=376400, ret=12.64, success=0.00]
Training episodes:  75%|███████▌  | 1882/2500 [19:00<06:08,  1.67it/s, buffer=376600, ret=10.62, success=0.00]
Training episodes:  75%|███████▌  | 1883/2500 [19:00<06:10,  1.66it/s, buffer=376600, ret=10.62, success=0.00]
Training episodes:  75%|███████▌  | 1883/2500 [19:00<06:10,  1.66it/s, buffer=376800, ret=13.64, success=0.00]
Training episodes:  75%|███████▌  | 1884/2500 [19:00<06:14,  1.65it/s, buffer=376800, ret=13.64, success=0.00]
Training episodes:  75%|███████▌  | 1884/2500 [19:01<06:14,  1.65it/s, buffer=377000, ret=10.42, success=0.00]
Training episodes:  75%|███████▌  | 1885/2500 [19:01<06:14,  1.64it/s, buffer=377000, ret=10.42, success=0.00]
Training episodes:  75%|███████▌  | 1885/2500 [19:01<06:14,  1.64it/s, buffer=377200, ret=12.66, success=0.00]
Training episodes:  75%|███████▌  | 1886/2500 [19:01<06:10,  1.66it/s, buffer=377200, ret=12.66, success=0.00]
Training episodes:  75%|███████▌  | 1886/2500 [19:02<06:10,  1.66it/s, buffer=377400, ret=10.41, success=0.00]
Training episodes:  75%|███████▌  | 1887/2500 [19:02<06:15,  1.63it/s, buffer=377400, ret=10.41, success=0.00]
Training episodes:  75%|███████▌  | 1887/2500 [19:03<06:15,  1.63it/s, buffer=377600, ret=10.30, success=0.00]
Training episodes:  76%|███████▌  | 1888/2500 [19:03<06:17,  1.62it/s, buffer=377600, ret=10.30, success=0.00]
Training episodes:  76%|███████▌  | 1888/2500 [19:03<06:17,  1.62it/s, buffer=377800, ret=11.34, success=0.00]
Training episodes:  76%|███████▌  | 1889/2500 [19:03<06:20,  1.61it/s, buffer=377800, ret=11.34, success=0.00]
Training episodes:  76%|███████▌  | 1889/2500 [19:04<06:20,  1.61it/s, buffer=378000, ret=12.61, success=0.00]
Training episodes:  76%|███████▌  | 1890/2500 [19:04<06:16,  1.62it/s, buffer=378000, ret=12.61, success=0.00]
Training episodes:  76%|███████▌  | 1890/2500 [19:05<06:16,  1.62it/s, buffer=378200, ret=15.56, success=0.00]
Training episodes:  76%|███████▌  | 1891/2500 [19:05<06:14,  1.62it/s, buffer=378200, ret=15.56, success=0.00]
Training episodes:  76%|███████▌  | 1891/2500 [19:05<06:14,  1.62it/s, buffer=378400, ret=12.83, success=0.00]
Training episodes:  76%|███████▌  | 1892/2500 [19:05<06:17,  1.61it/s, buffer=378400, ret=12.83, success=0.00]
Training episodes:  76%|███████▌  | 1892/2500 [19:06<06:17,  1.61it/s, buffer=378600, ret=11.29, success=0.00]
Training episodes:  76%|███████▌  | 1893/2500 [19:06<06:13,  1.63it/s, buffer=378600, ret=11.29, success=0.00]
Training episodes:  76%|███████▌  | 1893/2500 [19:06<06:13,  1.63it/s, buffer=378800, ret=10.88, success=0.00]
Training episodes:  76%|███████▌  | 1894/2500 [19:06<06:10,  1.64it/s, buffer=378800, ret=10.88, success=0.00]
Training episodes:  76%|███████▌  | 1894/2500 [19:07<06:10,  1.64it/s, buffer=379000, ret=15.76, success=0.00]
Training episodes:  76%|███████▌  | 1895/2500 [19:07<06:09,  1.64it/s, buffer=379000, ret=15.76, success=0.00]
Training episodes:  76%|███████▌  | 1895/2500 [19:08<06:09,  1.64it/s, buffer=379200, ret=11.67, success=0.00]
Training episodes:  76%|███████▌  | 1896/2500 [19:08<06:07,  1.64it/s, buffer=379200, ret=11.67, success=0.00]
Training episodes:  76%|███████▌  | 1896/2500 [19:08<06:07,  1.64it/s, buffer=379400, ret=14.74, success=0.00]
Training episodes:  76%|███████▌  | 1897/2500 [19:08<06:06,  1.64it/s, buffer=379400, ret=14.74, success=0.00]
Training episodes:  76%|███████▌  | 1897/2500 [19:09<06:06,  1.64it/s, buffer=379600, ret=12.55, success=0.00]
Training episodes:  76%|███████▌  | 1898/2500 [19:09<06:08,  1.64it/s, buffer=379600, ret=12.55, success=0.00]
Training episodes:  76%|███████▌  | 1898/2500 [19:09<06:08,  1.64it/s, buffer=379800, ret=12.31, success=0.00]
Training episodes:  76%|███████▌  | 1899/2500 [19:09<06:06,  1.64it/s, buffer=379800, ret=12.31, success=0.00]
Training episodes:  76%|███████▌  | 1899/2500 [19:10<06:06,  1.64it/s, buffer=380000, ret=14.29, success=0.00]wandb: WARNING `fps` argument does not affect the frame rate of the video when providing a file path or raw bytes.

Training episodes:  76%|███████▌  | 1900/2500 [19:11<07:51,  1.27it/s, buffer=380000, ret=14.29, success=0.00]
Training episodes:  76%|███████▌  | 1900/2500 [19:11<07:51,  1.27it/s, buffer=380200, ret=22.72, success=0.00]
Training episodes:  76%|███████▌  | 1901/2500 [19:11<07:18,  1.37it/s, buffer=380200, ret=22.72, success=0.00]
Training episodes:  76%|███████▌  | 1901/2500 [19:12<07:18,  1.37it/s, buffer=380400, ret=13.49, success=0.00]
Training episodes:  76%|███████▌  | 1902/2500 [19:12<06:57,  1.43it/s, buffer=380400, ret=13.49, success=0.00]
Training episodes:  76%|███████▌  | 1902/2500 [19:13<06:57,  1.43it/s, buffer=380600, ret=13.12, success=0.00]
Training episodes:  76%|███████▌  | 1903/2500 [19:13<06:39,  1.49it/s, buffer=380600, ret=13.12, success=0.00]
Training episodes:  76%|███████▌  | 1903/2500 [19:13<06:39,  1.49it/s, buffer=380800, ret=12.38, success=0.00]
Training episodes:  76%|███████▌  | 1904/2500 [19:13<06:28,  1.54it/s, buffer=380800, ret=12.38, success=0.00]
Training episodes:  76%|███████▌  | 1904/2500 [19:14<06:28,  1.54it/s, buffer=381000, ret=13.74, success=0.00]
Training episodes:  76%|███████▌  | 1905/2500 [19:14<06:17,  1.58it/s, buffer=381000, ret=13.74, success=0.00]
Training episodes:  76%|███████▌  | 1905/2500 [19:14<06:17,  1.58it/s, buffer=381200, ret=10.00, success=0.00]
Training episodes:  76%|███████▌  | 1906/2500 [19:14<06:10,  1.60it/s, buffer=381200, ret=10.00, success=0.00]
Training episodes:  76%|███████▌  | 1906/2500 [19:15<06:10,  1.60it/s, buffer=381400, ret=13.74, success=0.00]
Training episodes:  76%|███████▋  | 1907/2500 [19:15<06:07,  1.62it/s, buffer=381400, ret=13.74, success=0.00]
Training episodes:  76%|███████▋  | 1907/2500 [19:16<06:07,  1.62it/s, buffer=381600, ret=17.34, success=0.00]
Training episodes:  76%|███████▋  | 1908/2500 [19:16<06:02,  1.63it/s, buffer=381600, ret=17.34, success=0.00]
Training episodes:  76%|███████▋  | 1908/2500 [19:16<06:02,  1.63it/s, buffer=381800, ret=14.21, success=0.00]
Training episodes:  76%|███████▋  | 1909/2500 [19:16<05:58,  1.65it/s, buffer=381800, ret=14.21, success=0.00]
Training episodes:  76%|███████▋  | 1909/2500 [19:17<05:58,  1.65it/s, buffer=382000, ret=17.41, success=0.00]
Training episodes:  76%|███████▋  | 1910/2500 [19:17<05:57,  1.65it/s, buffer=382000, ret=17.41, success=0.00]
Training episodes:  76%|███████▋  | 1910/2500 [19:17<05:57,  1.65it/s, buffer=382200, ret=15.13, success=0.00]
Training episodes:  76%|███████▋  | 1911/2500 [19:17<05:58,  1.64it/s, buffer=382200, ret=15.13, success=0.00]
Training episodes:  76%|███████▋  | 1911/2500 [19:18<05:58,  1.64it/s, buffer=382400, ret=18.02, success=0.00]
Training episodes:  76%|███████▋  | 1912/2500 [19:18<05:58,  1.64it/s, buffer=382400, ret=18.02, success=0.00]
Training episodes:  76%|███████▋  | 1912/2500 [19:19<05:58,  1.64it/s, buffer=382600, ret=13.85, success=0.00]
Training episodes:  77%|███████▋  | 1913/2500 [19:19<05:58,  1.64it/s, buffer=382600, ret=13.85, success=0.00]
Training episodes:  77%|███████▋  | 1913/2500 [19:19<05:58,  1.64it/s, buffer=382800, ret=14.34, success=0.00]
Training episodes:  77%|███████▋  | 1914/2500 [19:19<05:57,  1.64it/s, buffer=382800, ret=14.34, success=0.00]
Training episodes:  77%|███████▋  | 1914/2500 [19:20<05:57,  1.64it/s, buffer=383000, ret=13.49, success=0.00]
Training episodes:  77%|███████▋  | 1915/2500 [19:20<05:56,  1.64it/s, buffer=383000, ret=13.49, success=0.00]
Training episodes:  77%|███████▋  | 1915/2500 [19:20<05:56,  1.64it/s, buffer=383200, ret=15.27, success=0.00]
Training episodes:  77%|███████▋  | 1916/2500 [19:20<05:56,  1.64it/s, buffer=383200, ret=15.27, success=0.00]
Training episodes:  77%|███████▋  | 1916/2500 [19:21<05:56,  1.64it/s, buffer=383400, ret=25.62, success=0.00]
Training episodes:  77%|███████▋  | 1917/2500 [19:21<05:58,  1.63it/s, buffer=383400, ret=25.62, success=0.00]
Training episodes:  77%|███████▋  | 1917/2500 [19:22<05:58,  1.63it/s, buffer=383600, ret=16.84, success=0.00]
Training episodes:  77%|███████▋  | 1918/2500 [19:22<05:55,  1.64it/s, buffer=383600, ret=16.84, success=0.00]
Training episodes:  77%|███████▋  | 1918/2500 [19:22<05:55,  1.64it/s, buffer=383800, ret=14.06, success=0.00]
Training episodes:  77%|███████▋  | 1919/2500 [19:22<05:55,  1.63it/s, buffer=383800, ret=14.06, success=0.00]
Training episodes:  77%|███████▋  | 1919/2500 [19:23<05:55,  1.63it/s, buffer=384000, ret=15.28, success=0.00]
Training episodes:  77%|███████▋  | 1920/2500 [19:23<05:54,  1.63it/s, buffer=384000, ret=15.28, success=0.00]
Training episodes:  77%|███████▋  | 1920/2500 [19:23<05:54,  1.63it/s, buffer=384200, ret=13.14, success=0.00]
Training episodes:  77%|███████▋  | 1921/2500 [19:23<05:51,  1.65it/s, buffer=384200, ret=13.14, success=0.00]
Training episodes:  77%|███████▋  | 1921/2500 [19:24<05:51,  1.65it/s, buffer=384400, ret=11.88, success=0.00]
Training episodes:  77%|███████▋  | 1922/2500 [19:24<05:50,  1.65it/s, buffer=384400, ret=11.88, success=0.00]
Training episodes:  77%|███████▋  | 1922/2500 [19:25<05:50,  1.65it/s, buffer=384600, ret=16.03, success=0.00]
Training episodes:  77%|███████▋  | 1923/2500 [19:25<05:51,  1.64it/s, buffer=384600, ret=16.03, success=0.00]
Training episodes:  77%|███████▋  | 1923/2500 [19:25<05:51,  1.64it/s, buffer=384800, ret=15.01, success=0.00]
Training episodes:  77%|███████▋  | 1924/2500 [19:25<05:51,  1.64it/s, buffer=384800, ret=15.01, success=0.00]
Training episodes:  77%|███████▋  | 1924/2500 [19:26<05:51,  1.64it/s, buffer=385000, ret=12.12, success=0.00]
Training episodes:  77%|███████▋  | 1925/2500 [19:26<05:51,  1.64it/s, buffer=385000, ret=12.12, success=0.00]
Training episodes:  77%|███████▋  | 1925/2500 [19:26<05:51,  1.64it/s, buffer=385200, ret=12.11, success=0.00]
Training episodes:  77%|███████▋  | 1926/2500 [19:26<05:48,  1.65it/s, buffer=385200, ret=12.11, success=0.00]
Training episodes:  77%|███████▋  | 1926/2500 [19:27<05:48,  1.65it/s, buffer=385400, ret=11.78, success=0.00]
Training episodes:  77%|███████▋  | 1927/2500 [19:27<05:45,  1.66it/s, buffer=385400, ret=11.78, success=0.00]
Training episodes:  77%|███████▋  | 1927/2500 [19:28<05:45,  1.66it/s, buffer=385600, ret=15.85, success=0.00]
Training episodes:  77%|███████▋  | 1928/2500 [19:28<05:44,  1.66it/s, buffer=385600, ret=15.85, success=0.00]
Training episodes:  77%|███████▋  | 1928/2500 [19:28<05:44,  1.66it/s, buffer=385800, ret=13.08, success=0.00]
Training episodes:  77%|███████▋  | 1929/2500 [19:28<05:41,  1.67it/s, buffer=385800, ret=13.08, success=0.00]
Training episodes:  77%|███████▋  | 1929/2500 [19:29<05:41,  1.67it/s, buffer=386000, ret=20.86, success=0.00]
Training episodes:  77%|███████▋  | 1930/2500 [19:29<05:41,  1.67it/s, buffer=386000, ret=20.86, success=0.00]
Training episodes:  77%|███████▋  | 1930/2500 [19:29<05:41,  1.67it/s, buffer=386200, ret=18.01, success=0.00]
Training episodes:  77%|███████▋  | 1931/2500 [19:29<05:42,  1.66it/s, buffer=386200, ret=18.01, success=0.00]
Training episodes:  77%|███████▋  | 1931/2500 [19:30<05:42,  1.66it/s, buffer=386400, ret=12.45, success=0.00]
Training episodes:  77%|███████▋  | 1932/2500 [19:30<05:46,  1.64it/s, buffer=386400, ret=12.45, success=0.00]
Training episodes:  77%|███████▋  | 1932/2500 [19:31<05:46,  1.64it/s, buffer=386600, ret=12.27, success=0.00]
Training episodes:  77%|███████▋  | 1933/2500 [19:31<05:45,  1.64it/s, buffer=386600, ret=12.27, success=0.00]
Training episodes:  77%|███████▋  | 1933/2500 [19:31<05:45,  1.64it/s, buffer=386800, ret=14.13, success=0.00]
Training episodes:  77%|███████▋  | 1934/2500 [19:31<05:45,  1.64it/s, buffer=386800, ret=14.13, success=0.00]
Training episodes:  77%|███████▋  | 1934/2500 [19:32<05:45,  1.64it/s, buffer=387000, ret=11.42, success=0.00]
Training episodes:  77%|███████▋  | 1935/2500 [19:32<05:43,  1.65it/s, buffer=387000, ret=11.42, success=0.00]
Training episodes:  77%|███████▋  | 1935/2500 [19:33<05:43,  1.65it/s, buffer=387200, ret=11.63, success=0.00]
Training episodes:  77%|███████▋  | 1936/2500 [19:33<05:40,  1.65it/s, buffer=387200, ret=11.63, success=0.00]
Training episodes:  77%|███████▋  | 1936/2500 [19:33<05:40,  1.65it/s, buffer=387400, ret=26.47, success=0.00]
Training episodes:  77%|███████▋  | 1937/2500 [19:33<05:41,  1.65it/s, buffer=387400, ret=26.47, success=0.00]
Training episodes:  77%|███████▋  | 1937/2500 [19:34<05:41,  1.65it/s, buffer=387600, ret=11.90, success=0.00]
Training episodes:  78%|███████▊  | 1938/2500 [19:34<05:38,  1.66it/s, buffer=387600, ret=11.90, success=0.00]
Training episodes:  78%|███████▊  | 1938/2500 [19:34<05:38,  1.66it/s, buffer=387800, ret=14.63, success=0.00]
Training episodes:  78%|███████▊  | 1939/2500 [19:34<05:40,  1.65it/s, buffer=387800, ret=14.63, success=0.00]
Training episodes:  78%|███████▊  | 1939/2500 [19:35<05:40,  1.65it/s, buffer=388000, ret=14.08, success=0.00]
Training episodes:  78%|███████▊  | 1940/2500 [19:35<05:38,  1.65it/s, buffer=388000, ret=14.08, success=0.00]
Training episodes:  78%|███████▊  | 1940/2500 [19:36<05:38,  1.65it/s, buffer=388200, ret=35.79, success=0.00]
Training episodes:  78%|███████▊  | 1941/2500 [19:36<05:40,  1.64it/s, buffer=388200, ret=35.79, success=0.00]
Training episodes:  78%|███████▊  | 1941/2500 [19:36<05:40,  1.64it/s, buffer=388400, ret=14.48, success=0.00]
Training episodes:  78%|███████▊  | 1942/2500 [19:36<05:43,  1.62it/s, buffer=388400, ret=14.48, success=0.00]
Training episodes:  78%|███████▊  | 1942/2500 [19:37<05:43,  1.62it/s, buffer=388600, ret=16.21, success=0.00]
Training episodes:  78%|███████▊  | 1943/2500 [19:37<05:44,  1.62it/s, buffer=388600, ret=16.21, success=0.00]
Training episodes:  78%|███████▊  | 1943/2500 [19:37<05:44,  1.62it/s, buffer=388800, ret=19.74, success=0.00]
Training episodes:  78%|███████▊  | 1944/2500 [19:37<05:45,  1.61it/s, buffer=388800, ret=19.74, success=0.00]
Training episodes:  78%|███████▊  | 1944/2500 [19:38<05:45,  1.61it/s, buffer=389000, ret=21.74, success=0.00]
Training episodes:  78%|███████▊  | 1945/2500 [19:38<05:48,  1.59it/s, buffer=389000, ret=21.74, success=0.00]
Training episodes:  78%|███████▊  | 1945/2500 [19:39<05:48,  1.59it/s, buffer=389200, ret=13.00, success=0.00]
Training episodes:  78%|███████▊  | 1946/2500 [19:39<05:48,  1.59it/s, buffer=389200, ret=13.00, success=0.00]
Training episodes:  78%|███████▊  | 1946/2500 [19:39<05:48,  1.59it/s, buffer=389400, ret=17.61, success=0.00]
Training episodes:  78%|███████▊  | 1947/2500 [19:39<05:47,  1.59it/s, buffer=389400, ret=17.61, success=0.00]
Training episodes:  78%|███████▊  | 1947/2500 [19:40<05:47,  1.59it/s, buffer=389600, ret=12.48, success=0.00]
Training episodes:  78%|███████▊  | 1948/2500 [19:40<05:43,  1.61it/s, buffer=389600, ret=12.48, success=0.00]
Training episodes:  78%|███████▊  | 1948/2500 [19:41<05:43,  1.61it/s, buffer=389800, ret=15.36, success=0.00]
Training episodes:  78%|███████▊  | 1949/2500 [19:41<05:38,  1.63it/s, buffer=389800, ret=15.36, success=0.00]
Training episodes:  78%|███████▊  | 1949/2500 [19:41<05:38,  1.63it/s, buffer=390000, ret=12.79, success=0.00]wandb: WARNING `fps` argument does not affect the frame rate of the video when providing a file path or raw bytes.

Training episodes:  78%|███████▊  | 1950/2500 [19:42<07:12,  1.27it/s, buffer=390000, ret=12.79, success=0.00]
Training episodes:  78%|███████▊  | 1950/2500 [19:42<07:12,  1.27it/s, buffer=390200, ret=27.81, success=0.00]
Training episodes:  78%|███████▊  | 1951/2500 [19:42<06:55,  1.32it/s, buffer=390200, ret=27.81, success=0.00]
Training episodes:  78%|███████▊  | 1951/2500 [19:43<06:55,  1.32it/s, buffer=390400, ret=10.29, success=0.00]
Training episodes:  78%|███████▊  | 1952/2500 [19:43<06:31,  1.40it/s, buffer=390400, ret=10.29, success=0.00]
Training episodes:  78%|███████▊  | 1952/2500 [19:44<06:31,  1.40it/s, buffer=390600, ret=18.91, success=0.00]
Training episodes:  78%|███████▊  | 1953/2500 [19:44<06:12,  1.47it/s, buffer=390600, ret=18.91, success=0.00]
Training episodes:  78%|███████▊  | 1953/2500 [19:44<06:12,  1.47it/s, buffer=390800, ret=18.42, success=0.00]
Training episodes:  78%|███████▊  | 1954/2500 [19:44<06:03,  1.50it/s, buffer=390800, ret=18.42, success=0.00]
Training episodes:  78%|███████▊  | 1954/2500 [19:45<06:03,  1.50it/s, buffer=391000, ret=16.55, success=0.00]
Training episodes:  78%|███████▊  | 1955/2500 [19:45<05:51,  1.55it/s, buffer=391000, ret=16.55, success=0.00]
Training episodes:  78%|███████▊  | 1955/2500 [19:45<05:51,  1.55it/s, buffer=391200, ret=14.55, success=0.00]
Training episodes:  78%|███████▊  | 1956/2500 [19:45<05:46,  1.57it/s, buffer=391200, ret=14.55, success=0.00]
Training episodes:  78%|███████▊  | 1956/2500 [19:46<05:46,  1.57it/s, buffer=391400, ret=10.67, success=0.00]
Training episodes:  78%|███████▊  | 1957/2500 [19:46<05:39,  1.60it/s, buffer=391400, ret=10.67, success=0.00]
Training episodes:  78%|███████▊  | 1957/2500 [19:47<05:39,  1.60it/s, buffer=391600, ret=15.17, success=0.00]
Training episodes:  78%|███████▊  | 1958/2500 [19:47<05:35,  1.62it/s, buffer=391600, ret=15.17, success=0.00]
Training episodes:  78%|███████▊  | 1958/2500 [19:47<05:35,  1.62it/s, buffer=391800, ret=29.31, success=0.00]
Training episodes:  78%|███████▊  | 1959/2500 [19:47<05:35,  1.61it/s, buffer=391800, ret=29.31, success=0.00]
Training episodes:  78%|███████▊  | 1959/2500 [19:48<05:35,  1.61it/s, buffer=392000, ret=23.50, success=0.00]
Training episodes:  78%|███████▊  | 1960/2500 [19:48<05:29,  1.64it/s, buffer=392000, ret=23.50, success=0.00]
Training episodes:  78%|███████▊  | 1960/2500 [19:49<05:29,  1.64it/s, buffer=392200, ret=24.01, success=0.00]
Training episodes:  78%|███████▊  | 1961/2500 [19:49<05:29,  1.63it/s, buffer=392200, ret=24.01, success=0.00]
Training episodes:  78%|███████▊  | 1961/2500 [19:49<05:29,  1.63it/s, buffer=392400, ret=11.54, success=0.00]
Training episodes:  78%|███████▊  | 1962/2500 [19:49<05:27,  1.64it/s, buffer=392400, ret=11.54, success=0.00]
Training episodes:  78%|███████▊  | 1962/2500 [19:50<05:27,  1.64it/s, buffer=392600, ret=12.73, success=0.00]
Training episodes:  79%|███████▊  | 1963/2500 [19:50<05:26,  1.65it/s, buffer=392600, ret=12.73, success=0.00]
Training episodes:  79%|███████▊  | 1963/2500 [19:50<05:26,  1.65it/s, buffer=392800, ret=11.16, success=0.00]
Training episodes:  79%|███████▊  | 1964/2500 [19:50<05:25,  1.65it/s, buffer=392800, ret=11.16, success=0.00]
Training episodes:  79%|███████▊  | 1964/2500 [19:51<05:25,  1.65it/s, buffer=393000, ret=15.62, success=0.00]
Training episodes:  79%|███████▊  | 1965/2500 [19:51<05:24,  1.65it/s, buffer=393000, ret=15.62, success=0.00]
Training episodes:  79%|███████▊  | 1965/2500 [19:52<05:24,  1.65it/s, buffer=393200, ret=12.49, success=0.00]
Training episodes:  79%|███████▊  | 1966/2500 [19:52<05:21,  1.66it/s, buffer=393200, ret=12.49, success=0.00]
Training episodes:  79%|███████▊  | 1966/2500 [19:52<05:21,  1.66it/s, buffer=393400, ret=22.48, success=0.00]
Training episodes:  79%|███████▊  | 1967/2500 [19:52<05:21,  1.66it/s, buffer=393400, ret=22.48, success=0.00]
Training episodes:  79%|███████▊  | 1967/2500 [19:53<05:21,  1.66it/s, buffer=393600, ret=16.03, success=0.00]
Training episodes:  79%|███████▊  | 1968/2500 [19:53<05:25,  1.64it/s, buffer=393600, ret=16.03, success=0.00]
Training episodes:  79%|███████▊  | 1968/2500 [19:53<05:25,  1.64it/s, buffer=393800, ret=11.66, success=0.00]
Training episodes:  79%|███████▉  | 1969/2500 [19:53<05:22,  1.64it/s, buffer=393800, ret=11.66, success=0.00]
Training episodes:  79%|███████▉  | 1969/2500 [19:54<05:22,  1.64it/s, buffer=394000, ret=15.46, success=0.00]
Training episodes:  79%|███████▉  | 1970/2500 [19:54<05:24,  1.63it/s, buffer=394000, ret=15.46, success=0.00]
Training episodes:  79%|███████▉  | 1970/2500 [19:55<05:24,  1.63it/s, buffer=394200, ret=18.47, success=0.00]
Training episodes:  79%|███████▉  | 1971/2500 [19:55<05:25,  1.63it/s, buffer=394200, ret=18.47, success=0.00]
Training episodes:  79%|███████▉  | 1971/2500 [19:55<05:25,  1.63it/s, buffer=394400, ret=11.72, success=0.00]
Training episodes:  79%|███████▉  | 1972/2500 [19:55<05:22,  1.64it/s, buffer=394400, ret=11.72, success=0.00]
Training episodes:  79%|███████▉  | 1972/2500 [19:56<05:22,  1.64it/s, buffer=394600, ret=11.83, success=0.00]
Training episodes:  79%|███████▉  | 1973/2500 [19:56<05:22,  1.64it/s, buffer=394600, ret=11.83, success=0.00]
Training episodes:  79%|███████▉  | 1973/2500 [19:56<05:22,  1.64it/s, buffer=394800, ret=17.32, success=0.00]
Training episodes:  79%|███████▉  | 1974/2500 [19:56<05:20,  1.64it/s, buffer=394800, ret=17.32, success=0.00]
Training episodes:  79%|███████▉  | 1974/2500 [19:57<05:20,  1.64it/s, buffer=395000, ret=12.20, success=0.00]
Training episodes:  79%|███████▉  | 1975/2500 [19:57<05:20,  1.64it/s, buffer=395000, ret=12.20, success=0.00]
Training episodes:  79%|███████▉  | 1975/2500 [19:58<05:20,  1.64it/s, buffer=395200, ret=10.42, success=0.00]
Training episodes:  79%|███████▉  | 1976/2500 [19:58<05:19,  1.64it/s, buffer=395200, ret=10.42, success=0.00]
Training episodes:  79%|███████▉  | 1976/2500 [19:58<05:19,  1.64it/s, buffer=395400, ret=15.85, success=0.00]
Training episodes:  79%|███████▉  | 1977/2500 [19:58<05:20,  1.63it/s, buffer=395400, ret=15.85, success=0.00]
Training episodes:  79%|███████▉  | 1977/2500 [19:59<05:20,  1.63it/s, buffer=395600, ret=11.75, success=0.00]
Training episodes:  79%|███████▉  | 1978/2500 [19:59<05:18,  1.64it/s, buffer=395600, ret=11.75, success=0.00]
Training episodes:  79%|███████▉  | 1978/2500 [19:59<05:18,  1.64it/s, buffer=395800, ret=13.18, success=0.00]
Training episodes:  79%|███████▉  | 1979/2500 [19:59<05:17,  1.64it/s, buffer=395800, ret=13.18, success=0.00]
Training episodes:  79%|███████▉  | 1979/2500 [20:00<05:17,  1.64it/s, buffer=396000, ret=13.41, success=0.00]
Training episodes:  79%|███████▉  | 1980/2500 [20:00<05:16,  1.64it/s, buffer=396000, ret=13.41, success=0.00]
Training episodes:  79%|███████▉  | 1980/2500 [20:01<05:16,  1.64it/s, buffer=396200, ret=11.21, success=0.00]
Training episodes:  79%|███████▉  | 1981/2500 [20:01<05:14,  1.65it/s, buffer=396200, ret=11.21, success=0.00]
Training episodes:  79%|███████▉  | 1981/2500 [20:01<05:14,  1.65it/s, buffer=396400, ret=15.28, success=0.00]
Training episodes:  79%|███████▉  | 1982/2500 [20:01<05:13,  1.65it/s, buffer=396400, ret=15.28, success=0.00]
Training episodes:  79%|███████▉  | 1982/2500 [20:02<05:13,  1.65it/s, buffer=396600, ret=15.06, success=0.00]
Training episodes:  79%|███████▉  | 1983/2500 [20:02<05:13,  1.65it/s, buffer=396600, ret=15.06, success=0.00]
Training episodes:  79%|███████▉  | 1983/2500 [20:03<05:13,  1.65it/s, buffer=396800, ret=16.26, success=0.00]
Training episodes:  79%|███████▉  | 1984/2500 [20:03<05:14,  1.64it/s, buffer=396800, ret=16.26, success=0.00]
Training episodes:  79%|███████▉  | 1984/2500 [20:03<05:14,  1.64it/s, buffer=397000, ret=21.68, success=0.00]
Training episodes:  79%|███████▉  | 1985/2500 [20:03<05:14,  1.64it/s, buffer=397000, ret=21.68, success=0.00]
Training episodes:  79%|███████▉  | 1985/2500 [20:04<05:14,  1.64it/s, buffer=397200, ret=14.52, success=0.00]
Training episodes:  79%|███████▉  | 1986/2500 [20:04<05:16,  1.62it/s, buffer=397200, ret=14.52, success=0.00]
Training episodes:  79%|███████▉  | 1986/2500 [20:04<05:16,  1.62it/s, buffer=397400, ret=18.56, success=0.00]
Training episodes:  79%|███████▉  | 1987/2500 [20:04<05:15,  1.62it/s, buffer=397400, ret=18.56, success=0.00]
Training episodes:  79%|███████▉  | 1987/2500 [20:05<05:15,  1.62it/s, buffer=397600, ret=10.93, success=0.00]
Training episodes:  80%|███████▉  | 1988/2500 [20:05<05:14,  1.63it/s, buffer=397600, ret=10.93, success=0.00]
Training episodes:  80%|███████▉  | 1988/2500 [20:06<05:14,  1.63it/s, buffer=397800, ret=11.90, success=0.00]
Training episodes:  80%|███████▉  | 1989/2500 [20:06<05:13,  1.63it/s, buffer=397800, ret=11.90, success=0.00]
Training episodes:  80%|███████▉  | 1989/2500 [20:06<05:13,  1.63it/s, buffer=398000, ret=11.80, success=0.00]
Training episodes:  80%|███████▉  | 1990/2500 [20:06<05:11,  1.64it/s, buffer=398000, ret=11.80, success=0.00]
Training episodes:  80%|███████▉  | 1990/2500 [20:07<05:11,  1.64it/s, buffer=398200, ret=13.03, success=0.00]
Training episodes:  80%|███████▉  | 1991/2500 [20:07<05:10,  1.64it/s, buffer=398200, ret=13.03, success=0.00]
Training episodes:  80%|███████▉  | 1991/2500 [20:07<05:10,  1.64it/s, buffer=398400, ret=25.34, success=0.00]
Training episodes:  80%|███████▉  | 1992/2500 [20:07<05:10,  1.64it/s, buffer=398400, ret=25.34, success=0.00]
Training episodes:  80%|███████▉  | 1992/2500 [20:08<05:10,  1.64it/s, buffer=398600, ret=9.93, success=0.00] 
Training episodes:  80%|███████▉  | 1993/2500 [20:08<05:08,  1.64it/s, buffer=398600, ret=9.93, success=0.00]
Training episodes:  80%|███████▉  | 1993/2500 [20:09<05:08,  1.64it/s, buffer=398800, ret=17.78, success=0.00]
Training episodes:  80%|███████▉  | 1994/2500 [20:09<05:09,  1.64it/s, buffer=398800, ret=17.78, success=0.00]
Training episodes:  80%|███████▉  | 1994/2500 [20:09<05:09,  1.64it/s, buffer=399000, ret=12.32, success=0.00]
Training episodes:  80%|███████▉  | 1995/2500 [20:09<05:07,  1.64it/s, buffer=399000, ret=12.32, success=0.00]
Training episodes:  80%|███████▉  | 1995/2500 [20:10<05:07,  1.64it/s, buffer=399200, ret=10.59, success=0.00]
Training episodes:  80%|███████▉  | 1996/2500 [20:10<05:07,  1.64it/s, buffer=399200, ret=10.59, success=0.00]
Training episodes:  80%|███████▉  | 1996/2500 [20:10<05:07,  1.64it/s, buffer=399400, ret=12.82, success=0.00]
Training episodes:  80%|███████▉  | 1997/2500 [20:10<05:09,  1.62it/s, buffer=399400, ret=12.82, success=0.00]
Training episodes:  80%|███████▉  | 1997/2500 [20:11<05:09,  1.62it/s, buffer=4e+5, ret=16.75, success=0.00]  
Training episodes:  80%|███████▉  | 1998/2500 [20:11<05:13,  1.60it/s, buffer=4e+5, ret=16.75, success=0.00]
Training episodes:  80%|███████▉  | 1998/2500 [20:12<05:13,  1.60it/s, buffer=4e+5, ret=11.16, success=0.00]
Training episodes:  80%|███████▉  | 1999/2500 [20:12<05:13,  1.60it/s, buffer=4e+5, ret=11.16, success=0.00]
Training episodes:  80%|███████▉  | 1999/2500 [20:12<05:13,  1.60it/s, buffer=4e+5, ret=22.08, success=0.00]wandb: WARNING `fps` argument does not affect the frame rate of the video when providing a file path or raw bytes.

Training episodes:  80%|████████  | 2000/2500 [20:13<06:36,  1.26it/s, buffer=4e+5, ret=22.08, success=0.00]
Training episodes:  80%|████████  | 2000/2500 [20:14<06:36,  1.26it/s, buffer=4e+5, ret=12.90, success=0.00]
Training episodes:  80%|████████  | 2001/2500 [20:14<06:09,  1.35it/s, buffer=4e+5, ret=12.90, success=0.00]
Training episodes:  80%|████████  | 2001/2500 [20:14<06:09,  1.35it/s, buffer=4e+5, ret=12.69, success=0.00]
Training episodes:  80%|████████  | 2002/2500 [20:14<05:51,  1.42it/s, buffer=4e+5, ret=12.69, success=0.00]
Training episodes:  80%|████████  | 2002/2500 [20:15<05:51,  1.42it/s, buffer=400600, ret=13.25, success=0.00]
Training episodes:  80%|████████  | 2003/2500 [20:15<05:35,  1.48it/s, buffer=400600, ret=13.25, success=0.00]
Training episodes:  80%|████████  | 2003/2500 [20:15<05:35,  1.48it/s, buffer=400800, ret=16.08, success=0.00]
Training episodes:  80%|████████  | 2004/2500 [20:15<05:29,  1.50it/s, buffer=400800, ret=16.08, success=0.00]
Training episodes:  80%|████████  | 2004/2500 [20:16<05:29,  1.50it/s, buffer=401000, ret=24.13, success=0.00]
Training episodes:  80%|████████  | 2005/2500 [20:16<05:23,  1.53it/s, buffer=401000, ret=24.13, success=0.00]
Training episodes:  80%|████████  | 2005/2500 [20:17<05:23,  1.53it/s, buffer=401200, ret=13.01, success=0.00]
Training episodes:  80%|████████  | 2006/2500 [20:17<05:20,  1.54it/s, buffer=401200, ret=13.01, success=0.00]
Training episodes:  80%|████████  | 2006/2500 [20:17<05:20,  1.54it/s, buffer=401400, ret=23.52, success=0.00]
Training episodes:  80%|████████  | 2007/2500 [20:17<05:13,  1.57it/s, buffer=401400, ret=23.52, success=0.00]
Training episodes:  80%|████████  | 2007/2500 [20:18<05:13,  1.57it/s, buffer=401600, ret=11.94, success=0.00]
Training episodes:  80%|████████  | 2008/2500 [20:18<05:07,  1.60it/s, buffer=401600, ret=11.94, success=0.00]
Training episodes:  80%|████████  | 2008/2500 [20:19<05:07,  1.60it/s, buffer=401800, ret=13.49, success=0.00]
Training episodes:  80%|████████  | 2009/2500 [20:19<05:06,  1.60it/s, buffer=401800, ret=13.49, success=0.00]
Training episodes:  80%|████████  | 2009/2500 [20:19<05:06,  1.60it/s, buffer=402000, ret=21.44, success=0.00]
Training episodes:  80%|████████  | 2010/2500 [20:19<05:08,  1.59it/s, buffer=402000, ret=21.44, success=0.00]
Training episodes:  80%|████████  | 2010/2500 [20:20<05:08,  1.59it/s, buffer=402200, ret=9.93, success=0.00] 
Training episodes:  80%|████████  | 2011/2500 [20:20<05:03,  1.61it/s, buffer=402200, ret=9.93, success=0.00]
Training episodes:  80%|████████  | 2011/2500 [20:20<05:03,  1.61it/s, buffer=402400, ret=11.78, success=0.00]
Training episodes:  80%|████████  | 2012/2500 [20:20<05:01,  1.62it/s, buffer=402400, ret=11.78, success=0.00]
Training episodes:  80%|████████  | 2012/2500 [20:21<05:01,  1.62it/s, buffer=402600, ret=14.20, success=0.00]
Training episodes:  81%|████████  | 2013/2500 [20:21<04:59,  1.63it/s, buffer=402600, ret=14.20, success=0.00]
Training episodes:  81%|████████  | 2013/2500 [20:22<04:59,  1.63it/s, buffer=402800, ret=13.11, success=0.00]
Training episodes:  81%|████████  | 2014/2500 [20:22<04:57,  1.63it/s, buffer=402800, ret=13.11, success=0.00]
Training episodes:  81%|████████  | 2014/2500 [20:22<04:57,  1.63it/s, buffer=403000, ret=10.61, success=0.00]
Training episodes:  81%|████████  | 2015/2500 [20:22<04:55,  1.64it/s, buffer=403000, ret=10.61, success=0.00]
Training episodes:  81%|████████  | 2015/2500 [20:23<04:55,  1.64it/s, buffer=403200, ret=11.54, success=0.00]
Training episodes:  81%|████████  | 2016/2500 [20:23<04:53,  1.65it/s, buffer=403200, ret=11.54, success=0.00]
Training episodes:  81%|████████  | 2016/2500 [20:23<04:53,  1.65it/s, buffer=403400, ret=14.11, success=0.00]
Training episodes:  81%|████████  | 2017/2500 [20:23<04:53,  1.65it/s, buffer=403400, ret=14.11, success=0.00]
Training episodes:  81%|████████  | 2017/2500 [20:24<04:53,  1.65it/s, buffer=403600, ret=12.74, success=0.00]
Training episodes:  81%|████████  | 2018/2500 [20:24<04:56,  1.62it/s, buffer=403600, ret=12.74, success=0.00]
Training episodes:  81%|████████  | 2018/2500 [20:25<04:56,  1.62it/s, buffer=403800, ret=10.58, success=0.00]
Training episodes:  81%|████████  | 2019/2500 [20:25<04:56,  1.62it/s, buffer=403800, ret=10.58, success=0.00]
Training episodes:  81%|████████  | 2019/2500 [20:25<04:56,  1.62it/s, buffer=404000, ret=13.75, success=0.00]
Training episodes:  81%|████████  | 2020/2500 [20:25<04:58,  1.61it/s, buffer=404000, ret=13.75, success=0.00]
Training episodes:  81%|████████  | 2020/2500 [20:26<04:58,  1.61it/s, buffer=404200, ret=17.61, success=0.00]
Training episodes:  81%|████████  | 2021/2500 [20:26<05:01,  1.59it/s, buffer=404200, ret=17.61, success=0.00]
Training episodes:  81%|████████  | 2021/2500 [20:27<05:01,  1.59it/s, buffer=404400, ret=19.50, success=0.00]
Training episodes:  81%|████████  | 2022/2500 [20:27<05:00,  1.59it/s, buffer=404400, ret=19.50, success=0.00]
Training episodes:  81%|████████  | 2022/2500 [20:27<05:00,  1.59it/s, buffer=404600, ret=15.72, success=0.00]
Training episodes:  81%|████████  | 2023/2500 [20:27<05:04,  1.57it/s, buffer=404600, ret=15.72, success=0.00]
Training episodes:  81%|████████  | 2023/2500 [20:28<05:04,  1.57it/s, buffer=404800, ret=11.21, success=0.00]
Training episodes:  81%|████████  | 2024/2500 [20:28<05:03,  1.57it/s, buffer=404800, ret=11.21, success=0.00]
Training episodes:  81%|████████  | 2024/2500 [20:28<05:03,  1.57it/s, buffer=405000, ret=11.50, success=0.00]
Training episodes:  81%|████████  | 2025/2500 [20:29<05:02,  1.57it/s, buffer=405000, ret=11.50, success=0.00]
Training episodes:  81%|████████  | 2025/2500 [20:29<05:02,  1.57it/s, buffer=405200, ret=12.76, success=0.00]
Training episodes:  81%|████████  | 2026/2500 [20:29<05:02,  1.57it/s, buffer=405200, ret=12.76, success=0.00]
Training episodes:  81%|████████  | 2026/2500 [20:30<05:02,  1.57it/s, buffer=405400, ret=31.76, success=0.00]
Training episodes:  81%|████████  | 2027/2500 [20:30<04:58,  1.58it/s, buffer=405400, ret=31.76, success=0.00]
Training episodes:  81%|████████  | 2027/2500 [20:30<04:58,  1.58it/s, buffer=405600, ret=11.78, success=0.00]
Training episodes:  81%|████████  | 2028/2500 [20:30<04:53,  1.61it/s, buffer=405600, ret=11.78, success=0.00]
Training episodes:  81%|████████  | 2028/2500 [20:31<04:53,  1.61it/s, buffer=405800, ret=12.99, success=0.00]
Training episodes:  81%|████████  | 2029/2500 [20:31<04:51,  1.62it/s, buffer=405800, ret=12.99, success=0.00]
Training episodes:  81%|████████  | 2029/2500 [20:32<04:51,  1.62it/s, buffer=406000, ret=18.94, success=0.00]
Training episodes:  81%|████████  | 2030/2500 [20:32<04:50,  1.62it/s, buffer=406000, ret=18.94, success=0.00]
Training episodes:  81%|████████  | 2030/2500 [20:32<04:50,  1.62it/s, buffer=406200, ret=12.64, success=0.00]
Training episodes:  81%|████████  | 2031/2500 [20:32<04:55,  1.59it/s, buffer=406200, ret=12.64, success=0.00]
Training episodes:  81%|████████  | 2031/2500 [20:33<04:55,  1.59it/s, buffer=406400, ret=12.42, success=0.00]
Training episodes:  81%|████████▏ | 2032/2500 [20:33<04:50,  1.61it/s, buffer=406400, ret=12.42, success=0.00]
Training episodes:  81%|████████▏ | 2032/2500 [20:33<04:50,  1.61it/s, buffer=406600, ret=12.74, success=0.00]
Training episodes:  81%|████████▏ | 2033/2500 [20:33<04:45,  1.63it/s, buffer=406600, ret=12.74, success=0.00]
Training episodes:  81%|████████▏ | 2033/2500 [20:34<04:45,  1.63it/s, buffer=406800, ret=19.11, success=0.00]
Training episodes:  81%|████████▏ | 2034/2500 [20:34<04:42,  1.65it/s, buffer=406800, ret=19.11, success=0.00]
Training episodes:  81%|████████▏ | 2034/2500 [20:35<04:42,  1.65it/s, buffer=407000, ret=15.18, success=0.00]
Training episodes:  81%|████████▏ | 2035/2500 [20:35<04:43,  1.64it/s, buffer=407000, ret=15.18, success=0.00]
Training episodes:  81%|████████▏ | 2035/2500 [20:35<04:43,  1.64it/s, buffer=407200, ret=24.35, success=0.00]
Training episodes:  81%|████████▏ | 2036/2500 [20:35<04:43,  1.64it/s, buffer=407200, ret=24.35, success=0.00]
Training episodes:  81%|████████▏ | 2036/2500 [20:36<04:43,  1.64it/s, buffer=407400, ret=11.39, success=0.00]
Training episodes:  81%|████████▏ | 2037/2500 [20:36<04:40,  1.65it/s, buffer=407400, ret=11.39, success=0.00]
Training episodes:  81%|████████▏ | 2037/2500 [20:36<04:40,  1.65it/s, buffer=407600, ret=14.28, success=0.00]
Training episodes:  82%|████████▏ | 2038/2500 [20:36<04:43,  1.63it/s, buffer=407600, ret=14.28, success=0.00]
Training episodes:  82%|████████▏ | 2038/2500 [20:37<04:43,  1.63it/s, buffer=407800, ret=11.67, success=0.00]
Training episodes:  82%|████████▏ | 2039/2500 [20:37<04:43,  1.63it/s, buffer=407800, ret=11.67, success=0.00]
Training episodes:  82%|████████▏ | 2039/2500 [20:38<04:43,  1.63it/s, buffer=408000, ret=28.68, success=0.00]
Training episodes:  82%|████████▏ | 2040/2500 [20:38<04:41,  1.63it/s, buffer=408000, ret=28.68, success=0.00]
Training episodes:  82%|████████▏ | 2040/2500 [20:38<04:41,  1.63it/s, buffer=408200, ret=12.35, success=0.00]
Training episodes:  82%|████████▏ | 2041/2500 [20:38<04:40,  1.63it/s, buffer=408200, ret=12.35, success=0.00]
Training episodes:  82%|████████▏ | 2041/2500 [20:39<04:40,  1.63it/s, buffer=408400, ret=11.83, success=0.00]
Training episodes:  82%|████████▏ | 2042/2500 [20:39<04:38,  1.64it/s, buffer=408400, ret=11.83, success=0.00]
Training episodes:  82%|████████▏ | 2042/2500 [20:40<04:38,  1.64it/s, buffer=408600, ret=13.52, success=0.00]
Training episodes:  82%|████████▏ | 2043/2500 [20:40<04:39,  1.64it/s, buffer=408600, ret=13.52, success=0.00]
Training episodes:  82%|████████▏ | 2043/2500 [20:40<04:39,  1.64it/s, buffer=408800, ret=24.92, success=0.00]
Training episodes:  82%|████████▏ | 2044/2500 [20:40<04:38,  1.64it/s, buffer=408800, ret=24.92, success=0.00]
Training episodes:  82%|████████▏ | 2044/2500 [20:41<04:38,  1.64it/s, buffer=409000, ret=27.25, success=0.00]
Training episodes:  82%|████████▏ | 2045/2500 [20:41<04:38,  1.64it/s, buffer=409000, ret=27.25, success=0.00]
Training episodes:  82%|████████▏ | 2045/2500 [20:41<04:38,  1.64it/s, buffer=409200, ret=16.73, success=0.00]
Training episodes:  82%|████████▏ | 2046/2500 [20:41<04:36,  1.64it/s, buffer=409200, ret=16.73, success=0.00]
Training episodes:  82%|████████▏ | 2046/2500 [20:42<04:36,  1.64it/s, buffer=409400, ret=11.70, success=0.00]
Training episodes:  82%|████████▏ | 2047/2500 [20:42<04:33,  1.66it/s, buffer=409400, ret=11.70, success=0.00]
Training episodes:  82%|████████▏ | 2047/2500 [20:43<04:33,  1.66it/s, buffer=409600, ret=14.52, success=0.00]
Training episodes:  82%|████████▏ | 2048/2500 [20:43<04:32,  1.66it/s, buffer=409600, ret=14.52, success=0.00]
Training episodes:  82%|████████▏ | 2048/2500 [20:43<04:32,  1.66it/s, buffer=409800, ret=23.05, success=0.00]
Training episodes:  82%|████████▏ | 2049/2500 [20:43<04:34,  1.64it/s, buffer=409800, ret=23.05, success=0.00]
Training episodes:  82%|████████▏ | 2049/2500 [20:44<04:34,  1.64it/s, buffer=410000, ret=22.76, success=0.00]wandb: WARNING `fps` argument does not affect the frame rate of the video when providing a file path or raw bytes.

Training episodes:  82%|████████▏ | 2050/2500 [20:44<05:55,  1.27it/s, buffer=410000, ret=22.76, success=0.00]
Training episodes:  82%|████████▏ | 2050/2500 [20:45<05:55,  1.27it/s, buffer=410200, ret=25.06, success=0.00]
Training episodes:  82%|████████▏ | 2051/2500 [20:45<05:32,  1.35it/s, buffer=410200, ret=25.06, success=0.00]
Training episodes:  82%|████████▏ | 2051/2500 [20:46<05:32,  1.35it/s, buffer=410400, ret=14.07, success=0.00]
Training episodes:  82%|████████▏ | 2052/2500 [20:46<05:15,  1.42it/s, buffer=410400, ret=14.07, success=0.00]
Training episodes:  82%|████████▏ | 2052/2500 [20:46<05:15,  1.42it/s, buffer=410600, ret=14.34, success=0.00]
Training episodes:  82%|████████▏ | 2053/2500 [20:46<05:00,  1.49it/s, buffer=410600, ret=14.34, success=0.00]
Training episodes:  82%|████████▏ | 2053/2500 [20:47<05:00,  1.49it/s, buffer=410800, ret=13.94, success=0.00]
Training episodes:  82%|████████▏ | 2054/2500 [20:47<04:54,  1.52it/s, buffer=410800, ret=13.94, success=0.00]
Training episodes:  82%|████████▏ | 2054/2500 [20:47<04:54,  1.52it/s, buffer=411000, ret=14.65, success=0.00]
Training episodes:  82%|████████▏ | 2055/2500 [20:47<04:49,  1.54it/s, buffer=411000, ret=14.65, success=0.00]
Training episodes:  82%|████████▏ | 2055/2500 [20:48<04:49,  1.54it/s, buffer=411200, ret=41.88, success=0.00]
Training episodes:  82%|████████▏ | 2056/2500 [20:48<04:43,  1.56it/s, buffer=411200, ret=41.88, success=0.00]
Training episodes:  82%|████████▏ | 2056/2500 [20:49<04:43,  1.56it/s, buffer=411400, ret=21.59, success=0.00]
Training episodes:  82%|████████▏ | 2057/2500 [20:49<04:38,  1.59it/s, buffer=411400, ret=21.59, success=0.00]
Training episodes:  82%|████████▏ | 2057/2500 [20:49<04:38,  1.59it/s, buffer=411600, ret=17.42, success=0.00]
Training episodes:  82%|████████▏ | 2058/2500 [20:49<04:36,  1.60it/s, buffer=411600, ret=17.42, success=0.00]
Training episodes:  82%|████████▏ | 2058/2500 [20:50<04:36,  1.60it/s, buffer=411800, ret=20.55, success=0.00]
Training episodes:  82%|████████▏ | 2059/2500 [20:50<04:36,  1.59it/s, buffer=411800, ret=20.55, success=0.00]
Training episodes:  82%|████████▏ | 2059/2500 [20:51<04:36,  1.59it/s, buffer=412000, ret=19.87, success=0.00]
Training episodes:  82%|████████▏ | 2060/2500 [20:51<04:35,  1.60it/s, buffer=412000, ret=19.87, success=0.00]
Training episodes:  82%|████████▏ | 2060/2500 [20:51<04:35,  1.60it/s, buffer=412200, ret=12.75, success=0.00]
Training episodes:  82%|████████▏ | 2061/2500 [20:51<04:35,  1.59it/s, buffer=412200, ret=12.75, success=0.00]
Training episodes:  82%|████████▏ | 2061/2500 [20:52<04:35,  1.59it/s, buffer=412400, ret=26.93, success=0.00]
Training episodes:  82%|████████▏ | 2062/2500 [20:52<04:33,  1.60it/s, buffer=412400, ret=26.93, success=0.00]
Training episodes:  82%|████████▏ | 2062/2500 [20:52<04:33,  1.60it/s, buffer=412600, ret=26.21, success=0.00]
Training episodes:  83%|████████▎ | 2063/2500 [20:52<04:31,  1.61it/s, buffer=412600, ret=26.21, success=0.00]
Training episodes:  83%|████████▎ | 2063/2500 [20:53<04:31,  1.61it/s, buffer=412800, ret=19.08, success=0.00]
Training episodes:  83%|████████▎ | 2064/2500 [20:53<04:29,  1.62it/s, buffer=412800, ret=19.08, success=0.00]
Training episodes:  83%|████████▎ | 2064/2500 [20:54<04:29,  1.62it/s, buffer=413000, ret=9.89, success=0.00] 
Training episodes:  83%|████████▎ | 2065/2500 [20:54<04:26,  1.63it/s, buffer=413000, ret=9.89, success=0.00]
Training episodes:  83%|████████▎ | 2065/2500 [20:54<04:26,  1.63it/s, buffer=413200, ret=36.99, success=0.00]
Training episodes:  83%|████████▎ | 2066/2500 [20:54<04:27,  1.62it/s, buffer=413200, ret=36.99, success=0.00]
Training episodes:  83%|████████▎ | 2066/2500 [20:55<04:27,  1.62it/s, buffer=413400, ret=25.69, success=0.00]
Training episodes:  83%|████████▎ | 2067/2500 [20:55<04:25,  1.63it/s, buffer=413400, ret=25.69, success=0.00]
Training episodes:  83%|████████▎ | 2067/2500 [20:55<04:25,  1.63it/s, buffer=413600, ret=21.51, success=0.00]
Training episodes:  83%|████████▎ | 2068/2500 [20:55<04:24,  1.64it/s, buffer=413600, ret=21.51, success=0.00]
Training episodes:  83%|████████▎ | 2068/2500 [20:56<04:24,  1.64it/s, buffer=413800, ret=20.48, success=0.00]
Training episodes:  83%|████████▎ | 2069/2500 [20:56<04:26,  1.62it/s, buffer=413800, ret=20.48, success=0.00]
Training episodes:  83%|████████▎ | 2069/2500 [20:57<04:26,  1.62it/s, buffer=414000, ret=12.81, success=0.00]
Training episodes:  83%|████████▎ | 2070/2500 [20:57<04:23,  1.63it/s, buffer=414000, ret=12.81, success=0.00]
Training episodes:  83%|████████▎ | 2070/2500 [20:57<04:23,  1.63it/s, buffer=414200, ret=10.20, success=0.00]
Training episodes:  83%|████████▎ | 2071/2500 [20:57<04:20,  1.64it/s, buffer=414200, ret=10.20, success=0.00]
Training episodes:  83%|████████▎ | 2071/2500 [20:58<04:20,  1.64it/s, buffer=414400, ret=10.82, success=0.00]
Training episodes:  83%|████████▎ | 2072/2500 [20:58<04:24,  1.62it/s, buffer=414400, ret=10.82, success=0.00]
Training episodes:  83%|████████▎ | 2072/2500 [20:59<04:24,  1.62it/s, buffer=414600, ret=19.53, success=0.00]
Training episodes:  83%|████████▎ | 2073/2500 [20:59<04:24,  1.61it/s, buffer=414600, ret=19.53, success=0.00]
Training episodes:  83%|████████▎ | 2073/2500 [20:59<04:24,  1.61it/s, buffer=414800, ret=11.59, success=0.00]
Training episodes:  83%|████████▎ | 2074/2500 [20:59<04:19,  1.64it/s, buffer=414800, ret=11.59, success=0.00]
Training episodes:  83%|████████▎ | 2074/2500 [21:00<04:19,  1.64it/s, buffer=415000, ret=14.50, success=0.00]
Training episodes:  83%|████████▎ | 2075/2500 [21:00<04:18,  1.64it/s, buffer=415000, ret=14.50, success=0.00]
Training episodes:  83%|████████▎ | 2075/2500 [21:00<04:18,  1.64it/s, buffer=415200, ret=11.03, success=0.00]
Training episodes:  83%|████████▎ | 2076/2500 [21:00<04:15,  1.66it/s, buffer=415200, ret=11.03, success=0.00]
Training episodes:  83%|████████▎ | 2076/2500 [21:01<04:15,  1.66it/s, buffer=415400, ret=23.22, success=0.00]
Training episodes:  83%|████████▎ | 2077/2500 [21:01<04:15,  1.66it/s, buffer=415400, ret=23.22, success=0.00]
Training episodes:  83%|████████▎ | 2077/2500 [21:02<04:15,  1.66it/s, buffer=415600, ret=15.63, success=0.00]
Training episodes:  83%|████████▎ | 2078/2500 [21:02<04:14,  1.66it/s, buffer=415600, ret=15.63, success=0.00]
Training episodes:  83%|████████▎ | 2078/2500 [21:02<04:14,  1.66it/s, buffer=415800, ret=13.85, success=0.00]
Training episodes:  83%|████████▎ | 2079/2500 [21:02<04:12,  1.67it/s, buffer=415800, ret=13.85, success=0.00]
Training episodes:  83%|████████▎ | 2079/2500 [21:03<04:12,  1.67it/s, buffer=416000, ret=14.73, success=0.00]
Training episodes:  83%|████████▎ | 2080/2500 [21:03<04:13,  1.66it/s, buffer=416000, ret=14.73, success=0.00]
Training episodes:  83%|████████▎ | 2080/2500 [21:03<04:13,  1.66it/s, buffer=416200, ret=11.48, success=0.00]
Training episodes:  83%|████████▎ | 2081/2500 [21:03<04:11,  1.66it/s, buffer=416200, ret=11.48, success=0.00]
Training episodes:  83%|████████▎ | 2081/2500 [21:04<04:11,  1.66it/s, buffer=416400, ret=15.12, success=0.00]
Training episodes:  83%|████████▎ | 2082/2500 [21:04<04:14,  1.64it/s, buffer=416400, ret=15.12, success=0.00]
Training episodes:  83%|████████▎ | 2082/2500 [21:05<04:14,  1.64it/s, buffer=416600, ret=14.39, success=0.00]
Training episodes:  83%|████████▎ | 2083/2500 [21:05<04:12,  1.65it/s, buffer=416600, ret=14.39, success=0.00]
Training episodes:  83%|████████▎ | 2083/2500 [21:05<04:12,  1.65it/s, buffer=416800, ret=10.90, success=0.00]
Training episodes:  83%|████████▎ | 2084/2500 [21:05<04:09,  1.67it/s, buffer=416800, ret=10.90, success=0.00]
Training episodes:  83%|████████▎ | 2084/2500 [21:06<04:09,  1.67it/s, buffer=417000, ret=35.53, success=0.00]
Training episodes:  83%|████████▎ | 2085/2500 [21:06<04:10,  1.65it/s, buffer=417000, ret=35.53, success=0.00]
Training episodes:  83%|████████▎ | 2085/2500 [21:06<04:10,  1.65it/s, buffer=417200, ret=15.19, success=0.00]
Training episodes:  83%|████████▎ | 2086/2500 [21:06<04:09,  1.66it/s, buffer=417200, ret=15.19, success=0.00]
Training episodes:  83%|████████▎ | 2086/2500 [21:07<04:09,  1.66it/s, buffer=417400, ret=10.30, success=0.00]
Training episodes:  83%|████████▎ | 2087/2500 [21:07<04:07,  1.67it/s, buffer=417400, ret=10.30, success=0.00]
Training episodes:  83%|████████▎ | 2087/2500 [21:08<04:07,  1.67it/s, buffer=417600, ret=10.97, success=0.00]
Training episodes:  84%|████████▎ | 2088/2500 [21:08<04:06,  1.67it/s, buffer=417600, ret=10.97, success=0.00]
Training episodes:  84%|████████▎ | 2088/2500 [21:08<04:06,  1.67it/s, buffer=417800, ret=24.83, success=0.00]
Training episodes:  84%|████████▎ | 2089/2500 [21:08<04:09,  1.65it/s, buffer=417800, ret=24.83, success=0.00]
Training episodes:  84%|████████▎ | 2089/2500 [21:09<04:09,  1.65it/s, buffer=418000, ret=14.92, success=0.00]
Training episodes:  84%|████████▎ | 2090/2500 [21:09<04:07,  1.65it/s, buffer=418000, ret=14.92, success=0.00]
Training episodes:  84%|████████▎ | 2090/2500 [21:09<04:07,  1.65it/s, buffer=418200, ret=13.68, success=0.00]
Training episodes:  84%|████████▎ | 2091/2500 [21:09<04:06,  1.66it/s, buffer=418200, ret=13.68, success=0.00]
Training episodes:  84%|████████▎ | 2091/2500 [21:10<04:06,  1.66it/s, buffer=418400, ret=14.54, success=0.00]
Training episodes:  84%|████████▎ | 2092/2500 [21:10<04:05,  1.66it/s, buffer=418400, ret=14.54, success=0.00]
Training episodes:  84%|████████▎ | 2092/2500 [21:11<04:05,  1.66it/s, buffer=418600, ret=16.42, success=0.00]
Training episodes:  84%|████████▎ | 2093/2500 [21:11<04:06,  1.65it/s, buffer=418600, ret=16.42, success=0.00]
Training episodes:  84%|████████▎ | 2093/2500 [21:11<04:06,  1.65it/s, buffer=418800, ret=28.01, success=0.00]
Training episodes:  84%|████████▍ | 2094/2500 [21:11<04:08,  1.64it/s, buffer=418800, ret=28.01, success=0.00]
Training episodes:  84%|████████▍ | 2094/2500 [21:12<04:08,  1.64it/s, buffer=419000, ret=29.78, success=0.00]
Training episodes:  84%|████████▍ | 2095/2500 [21:12<04:07,  1.63it/s, buffer=419000, ret=29.78, success=0.00]
Training episodes:  84%|████████▍ | 2095/2500 [21:12<04:07,  1.63it/s, buffer=419200, ret=12.89, success=0.00]
Training episodes:  84%|████████▍ | 2096/2500 [21:12<04:08,  1.63it/s, buffer=419200, ret=12.89, success=0.00]
Training episodes:  84%|████████▍ | 2096/2500 [21:13<04:08,  1.63it/s, buffer=419400, ret=18.69, success=0.00]
Training episodes:  84%|████████▍ | 2097/2500 [21:13<04:05,  1.64it/s, buffer=419400, ret=18.69, success=0.00]
Training episodes:  84%|████████▍ | 2097/2500 [21:14<04:05,  1.64it/s, buffer=419600, ret=12.38, success=0.00]
Training episodes:  84%|████████▍ | 2098/2500 [21:14<04:02,  1.66it/s, buffer=419600, ret=12.38, success=0.00]
Training episodes:  84%|████████▍ | 2098/2500 [21:14<04:02,  1.66it/s, buffer=419800, ret=12.58, success=0.00]
Training episodes:  84%|████████▍ | 2099/2500 [21:14<04:02,  1.66it/s, buffer=419800, ret=12.58, success=0.00]
Training episodes:  84%|████████▍ | 2099/2500 [21:15<04:02,  1.66it/s, buffer=420000, ret=10.23, success=0.00]wandb: WARNING `fps` argument does not affect the frame rate of the video when providing a file path or raw bytes.

Training episodes:  84%|████████▍ | 2100/2500 [21:15<05:10,  1.29it/s, buffer=420000, ret=10.23, success=0.00]
Training episodes:  84%|████████▍ | 2100/2500 [21:16<05:10,  1.29it/s, buffer=420200, ret=13.16, success=0.00]
Training episodes:  84%|████████▍ | 2101/2500 [21:16<04:50,  1.37it/s, buffer=420200, ret=13.16, success=0.00]
Training episodes:  84%|████████▍ | 2101/2500 [21:17<04:50,  1.37it/s, buffer=420400, ret=15.76, success=0.00]
Training episodes:  84%|████████▍ | 2102/2500 [21:17<04:36,  1.44it/s, buffer=420400, ret=15.76, success=0.00]
Training episodes:  84%|████████▍ | 2102/2500 [21:17<04:36,  1.44it/s, buffer=420600, ret=12.14, success=0.00]
Training episodes:  84%|████████▍ | 2103/2500 [21:17<04:26,  1.49it/s, buffer=420600, ret=12.14, success=0.00]
Training episodes:  84%|████████▍ | 2103/2500 [21:18<04:26,  1.49it/s, buffer=420800, ret=32.33, success=0.00]
Training episodes:  84%|████████▍ | 2104/2500 [21:18<04:20,  1.52it/s, buffer=420800, ret=32.33, success=0.00]
Training episodes:  84%|████████▍ | 2104/2500 [21:19<04:20,  1.52it/s, buffer=421000, ret=12.92, success=0.00]
Training episodes:  84%|████████▍ | 2105/2500 [21:19<04:15,  1.55it/s, buffer=421000, ret=12.92, success=0.00]
Training episodes:  84%|████████▍ | 2105/2500 [21:19<04:15,  1.55it/s, buffer=421200, ret=25.35, success=0.00]
Training episodes:  84%|████████▍ | 2106/2500 [21:19<04:09,  1.58it/s, buffer=421200, ret=25.35, success=0.00]
Training episodes:  84%|████████▍ | 2106/2500 [21:20<04:09,  1.58it/s, buffer=421400, ret=17.72, success=0.00]
Training episodes:  84%|████████▍ | 2107/2500 [21:20<04:04,  1.61it/s, buffer=421400, ret=17.72, success=0.00]
Training episodes:  84%|████████▍ | 2107/2500 [21:20<04:04,  1.61it/s, buffer=421600, ret=12.08, success=0.00]
Training episodes:  84%|████████▍ | 2108/2500 [21:20<04:00,  1.63it/s, buffer=421600, ret=12.08, success=0.00]
Training episodes:  84%|████████▍ | 2108/2500 [21:21<04:00,  1.63it/s, buffer=421800, ret=48.72, success=0.00]
Training episodes:  84%|████████▍ | 2109/2500 [21:21<04:01,  1.62it/s, buffer=421800, ret=48.72, success=0.00]
Training episodes:  84%|████████▍ | 2109/2500 [21:22<04:01,  1.62it/s, buffer=422000, ret=11.69, success=0.00]
Training episodes:  84%|████████▍ | 2110/2500 [21:22<03:58,  1.64it/s, buffer=422000, ret=11.69, success=0.00]
Training episodes:  84%|████████▍ | 2110/2500 [21:22<03:58,  1.64it/s, buffer=422200, ret=14.71, success=0.00]
Training episodes:  84%|████████▍ | 2111/2500 [21:22<03:55,  1.65it/s, buffer=422200, ret=14.71, success=0.00]
Training episodes:  84%|████████▍ | 2111/2500 [21:23<03:55,  1.65it/s, buffer=422400, ret=40.78, success=0.00]
Training episodes:  84%|████████▍ | 2112/2500 [21:23<03:55,  1.65it/s, buffer=422400, ret=40.78, success=0.00]
Training episodes:  84%|████████▍ | 2112/2500 [21:23<03:55,  1.65it/s, buffer=422600, ret=40.27, success=0.00]
Training episodes:  85%|████████▍ | 2113/2500 [21:23<03:56,  1.64it/s, buffer=422600, ret=40.27, success=0.00]
Training episodes:  85%|████████▍ | 2113/2500 [21:24<03:56,  1.64it/s, buffer=422800, ret=14.21, success=0.00]
Training episodes:  85%|████████▍ | 2114/2500 [21:24<03:54,  1.65it/s, buffer=422800, ret=14.21, success=0.00]
Training episodes:  85%|████████▍ | 2114/2500 [21:25<03:54,  1.65it/s, buffer=423000, ret=11.84, success=0.00]
Training episodes:  85%|████████▍ | 2115/2500 [21:25<03:52,  1.66it/s, buffer=423000, ret=11.84, success=0.00]
Training episodes:  85%|████████▍ | 2115/2500 [21:25<03:52,  1.66it/s, buffer=423200, ret=24.74, success=0.00]
Training episodes:  85%|████████▍ | 2116/2500 [21:25<03:53,  1.65it/s, buffer=423200, ret=24.74, success=0.00]
Training episodes:  85%|████████▍ | 2116/2500 [21:26<03:53,  1.65it/s, buffer=423400, ret=11.99, success=0.00]
Training episodes:  85%|████████▍ | 2117/2500 [21:26<03:51,  1.65it/s, buffer=423400, ret=11.99, success=0.00]
Training episodes:  85%|████████▍ | 2117/2500 [21:26<03:51,  1.65it/s, buffer=423600, ret=21.57, success=0.00]
Training episodes:  85%|████████▍ | 2118/2500 [21:26<03:49,  1.66it/s, buffer=423600, ret=21.57, success=0.00]
Training episodes:  85%|████████▍ | 2118/2500 [21:27<03:49,  1.66it/s, buffer=423800, ret=14.88, success=0.00]
Training episodes:  85%|████████▍ | 2119/2500 [21:27<03:50,  1.66it/s, buffer=423800, ret=14.88, success=0.00]
Training episodes:  85%|████████▍ | 2119/2500 [21:28<03:50,  1.66it/s, buffer=424000, ret=18.20, success=0.00]
Training episodes:  85%|████████▍ | 2120/2500 [21:28<03:52,  1.63it/s, buffer=424000, ret=18.20, success=0.00]
Training episodes:  85%|████████▍ | 2120/2500 [21:28<03:52,  1.63it/s, buffer=424200, ret=26.52, success=0.00]
Training episodes:  85%|████████▍ | 2121/2500 [21:28<03:50,  1.64it/s, buffer=424200, ret=26.52, success=0.00]
Training episodes:  85%|████████▍ | 2121/2500 [21:29<03:50,  1.64it/s, buffer=424400, ret=12.06, success=0.00]
Training episodes:  85%|████████▍ | 2122/2500 [21:29<03:48,  1.66it/s, buffer=424400, ret=12.06, success=0.00]
Training episodes:  85%|████████▍ | 2122/2500 [21:29<03:48,  1.66it/s, buffer=424600, ret=17.92, success=0.00]
Training episodes:  85%|████████▍ | 2123/2500 [21:29<03:47,  1.65it/s, buffer=424600, ret=17.92, success=0.00]
Training episodes:  85%|████████▍ | 2123/2500 [21:30<03:47,  1.65it/s, buffer=424800, ret=29.31, success=0.00]
Training episodes:  85%|████████▍ | 2124/2500 [21:30<03:47,  1.65it/s, buffer=424800, ret=29.31, success=0.00]
Training episodes:  85%|████████▍ | 2124/2500 [21:31<03:47,  1.65it/s, buffer=425000, ret=13.47, success=0.00]
Training episodes:  85%|████████▌ | 2125/2500 [21:31<03:46,  1.65it/s, buffer=425000, ret=13.47, success=0.00]
Training episodes:  85%|████████▌ | 2125/2500 [21:31<03:46,  1.65it/s, buffer=425200, ret=17.55, success=0.00]
Training episodes:  85%|████████▌ | 2126/2500 [21:31<03:47,  1.64it/s, buffer=425200, ret=17.55, success=0.00]
Training episodes:  85%|████████▌ | 2126/2500 [21:32<03:47,  1.64it/s, buffer=425400, ret=12.97, success=0.00]
Training episodes:  85%|████████▌ | 2127/2500 [21:32<03:44,  1.66it/s, buffer=425400, ret=12.97, success=0.00]
Training episodes:  85%|████████▌ | 2127/2500 [21:32<03:44,  1.66it/s, buffer=425600, ret=13.04, success=0.00]
Training episodes:  85%|████████▌ | 2128/2500 [21:32<03:43,  1.67it/s, buffer=425600, ret=13.04, success=0.00]
Training episodes:  85%|████████▌ | 2128/2500 [21:33<03:43,  1.67it/s, buffer=425800, ret=13.47, success=0.00]
Training episodes:  85%|████████▌ | 2129/2500 [21:33<03:43,  1.66it/s, buffer=425800, ret=13.47, success=0.00]
Training episodes:  85%|████████▌ | 2129/2500 [21:34<03:43,  1.66it/s, buffer=426000, ret=17.03, success=0.00]
Training episodes:  85%|████████▌ | 2130/2500 [21:34<03:43,  1.66it/s, buffer=426000, ret=17.03, success=0.00]
Training episodes:  85%|████████▌ | 2130/2500 [21:34<03:43,  1.66it/s, buffer=426200, ret=15.87, success=0.00]
Training episodes:  85%|████████▌ | 2131/2500 [21:34<03:41,  1.67it/s, buffer=426200, ret=15.87, success=0.00]
Training episodes:  85%|████████▌ | 2131/2500 [21:35<03:41,  1.67it/s, buffer=426400, ret=42.39, success=0.00]
Training episodes:  85%|████████▌ | 2132/2500 [21:35<03:41,  1.66it/s, buffer=426400, ret=42.39, success=0.00]
Training episodes:  85%|████████▌ | 2132/2500 [21:35<03:41,  1.66it/s, buffer=426600, ret=29.58, success=0.00]
Training episodes:  85%|████████▌ | 2133/2500 [21:35<03:41,  1.66it/s, buffer=426600, ret=29.58, success=0.00]
Training episodes:  85%|████████▌ | 2133/2500 [21:36<03:41,  1.66it/s, buffer=426800, ret=14.57, success=0.00]
Training episodes:  85%|████████▌ | 2134/2500 [21:36<03:40,  1.66it/s, buffer=426800, ret=14.57, success=0.00]
Training episodes:  85%|████████▌ | 2134/2500 [21:37<03:40,  1.66it/s, buffer=427000, ret=9.95, success=0.00] 
Training episodes:  85%|████████▌ | 2135/2500 [21:37<03:39,  1.66it/s, buffer=427000, ret=9.95, success=0.00]
Training episodes:  85%|████████▌ | 2135/2500 [21:37<03:39,  1.66it/s, buffer=427200, ret=13.91, success=0.00]
Training episodes:  85%|████████▌ | 2136/2500 [21:37<03:40,  1.65it/s, buffer=427200, ret=13.91, success=0.00]
Training episodes:  85%|████████▌ | 2136/2500 [21:38<03:40,  1.65it/s, buffer=427400, ret=13.35, success=0.00]
Training episodes:  85%|████████▌ | 2137/2500 [21:38<03:38,  1.66it/s, buffer=427400, ret=13.35, success=0.00]
Training episodes:  85%|████████▌ | 2137/2500 [21:38<03:38,  1.66it/s, buffer=427600, ret=16.98, success=0.00]
Training episodes:  86%|████████▌ | 2138/2500 [21:38<03:37,  1.67it/s, buffer=427600, ret=16.98, success=0.00]
Training episodes:  86%|████████▌ | 2138/2500 [21:39<03:37,  1.67it/s, buffer=427800, ret=14.65, success=0.00]
Training episodes:  86%|████████▌ | 2139/2500 [21:39<03:36,  1.67it/s, buffer=427800, ret=14.65, success=0.00]
Training episodes:  86%|████████▌ | 2139/2500 [21:40<03:36,  1.67it/s, buffer=428000, ret=23.39, success=0.00]
Training episodes:  86%|████████▌ | 2140/2500 [21:40<03:38,  1.64it/s, buffer=428000, ret=23.39, success=0.00]
Training episodes:  86%|████████▌ | 2140/2500 [21:40<03:38,  1.64it/s, buffer=428200, ret=17.23, success=0.00]
Training episodes:  86%|████████▌ | 2141/2500 [21:40<03:40,  1.63it/s, buffer=428200, ret=17.23, success=0.00]
Training episodes:  86%|████████▌ | 2141/2500 [21:41<03:40,  1.63it/s, buffer=428400, ret=12.33, success=0.00]
Training episodes:  86%|████████▌ | 2142/2500 [21:41<03:42,  1.61it/s, buffer=428400, ret=12.33, success=0.00]
Training episodes:  86%|████████▌ | 2142/2500 [21:42<03:42,  1.61it/s, buffer=428600, ret=14.90, success=0.00]
Training episodes:  86%|████████▌ | 2143/2500 [21:42<03:44,  1.59it/s, buffer=428600, ret=14.90, success=0.00]
Training episodes:  86%|████████▌ | 2143/2500 [21:42<03:44,  1.59it/s, buffer=428800, ret=27.01, success=0.00]
Training episodes:  86%|████████▌ | 2144/2500 [21:42<03:44,  1.58it/s, buffer=428800, ret=27.01, success=0.00]
Training episodes:  86%|████████▌ | 2144/2500 [21:43<03:44,  1.58it/s, buffer=429000, ret=28.52, success=0.00]
Training episodes:  86%|████████▌ | 2145/2500 [21:43<03:41,  1.60it/s, buffer=429000, ret=28.52, success=0.00]
Training episodes:  86%|████████▌ | 2145/2500 [21:43<03:41,  1.60it/s, buffer=429200, ret=12.19, success=0.00]
Training episodes:  86%|████████▌ | 2146/2500 [21:43<03:38,  1.62it/s, buffer=429200, ret=12.19, success=0.00]
Training episodes:  86%|████████▌ | 2146/2500 [21:44<03:38,  1.62it/s, buffer=429400, ret=15.64, success=0.00]
Training episodes:  86%|████████▌ | 2147/2500 [21:44<03:36,  1.63it/s, buffer=429400, ret=15.64, success=0.00]
Training episodes:  86%|████████▌ | 2147/2500 [21:45<03:36,  1.63it/s, buffer=429600, ret=14.63, success=0.00]
Training episodes:  86%|████████▌ | 2148/2500 [21:45<03:38,  1.61it/s, buffer=429600, ret=14.63, success=0.00]
Training episodes:  86%|████████▌ | 2148/2500 [21:45<03:38,  1.61it/s, buffer=429800, ret=21.21, success=0.00]
Training episodes:  86%|████████▌ | 2149/2500 [21:45<03:37,  1.62it/s, buffer=429800, ret=21.21, success=0.00]
Training episodes:  86%|████████▌ | 2149/2500 [21:46<03:37,  1.62it/s, buffer=430000, ret=10.47, success=0.00]wandb: WARNING `fps` argument does not affect the frame rate of the video when providing a file path or raw bytes.

Training episodes:  86%|████████▌ | 2150/2500 [21:47<04:37,  1.26it/s, buffer=430000, ret=10.47, success=0.00]
Training episodes:  86%|████████▌ | 2150/2500 [21:47<04:37,  1.26it/s, buffer=430200, ret=12.63, success=0.00]
Training episodes:  86%|████████▌ | 2151/2500 [21:47<04:20,  1.34it/s, buffer=430200, ret=12.63, success=0.00]
Training episodes:  86%|████████▌ | 2151/2500 [21:48<04:20,  1.34it/s, buffer=430400, ret=16.39, success=0.00]
Training episodes:  86%|████████▌ | 2152/2500 [21:48<04:07,  1.41it/s, buffer=430400, ret=16.39, success=0.00]
Training episodes:  86%|████████▌ | 2152/2500 [21:48<04:07,  1.41it/s, buffer=430600, ret=10.97, success=0.00]
Training episodes:  86%|████████▌ | 2153/2500 [21:48<03:57,  1.46it/s, buffer=430600, ret=10.97, success=0.00]
Training episodes:  86%|████████▌ | 2153/2500 [21:49<03:57,  1.46it/s, buffer=430800, ret=15.89, success=0.00]
Training episodes:  86%|████████▌ | 2154/2500 [21:49<03:49,  1.51it/s, buffer=430800, ret=15.89, success=0.00]
Training episodes:  86%|████████▌ | 2154/2500 [21:50<03:49,  1.51it/s, buffer=431000, ret=12.43, success=0.00]
Training episodes:  86%|████████▌ | 2155/2500 [21:50<03:42,  1.55it/s, buffer=431000, ret=12.43, success=0.00]
Training episodes:  86%|████████▌ | 2155/2500 [21:50<03:42,  1.55it/s, buffer=431200, ret=10.70, success=0.00]
Training episodes:  86%|████████▌ | 2156/2500 [21:50<03:37,  1.58it/s, buffer=431200, ret=10.70, success=0.00]
Training episodes:  86%|████████▌ | 2156/2500 [21:51<03:37,  1.58it/s, buffer=431400, ret=14.21, success=0.00]
Training episodes:  86%|████████▋ | 2157/2500 [21:51<03:31,  1.62it/s, buffer=431400, ret=14.21, success=0.00]
Training episodes:  86%|████████▋ | 2157/2500 [21:51<03:31,  1.62it/s, buffer=431600, ret=13.79, success=0.00]
Training episodes:  86%|████████▋ | 2158/2500 [21:51<03:29,  1.64it/s, buffer=431600, ret=13.79, success=0.00]
Training episodes:  86%|████████▋ | 2158/2500 [21:52<03:29,  1.64it/s, buffer=431800, ret=37.21, success=0.00]
Training episodes:  86%|████████▋ | 2159/2500 [21:52<03:28,  1.64it/s, buffer=431800, ret=37.21, success=0.00]
Training episodes:  86%|████████▋ | 2159/2500 [21:53<03:28,  1.64it/s, buffer=432000, ret=14.30, success=0.00]
Training episodes:  86%|████████▋ | 2160/2500 [21:53<03:27,  1.64it/s, buffer=432000, ret=14.30, success=0.00]
Training episodes:  86%|████████▋ | 2160/2500 [21:53<03:27,  1.64it/s, buffer=432200, ret=40.10, success=0.00]
Training episodes:  86%|████████▋ | 2161/2500 [21:53<03:28,  1.63it/s, buffer=432200, ret=40.10, success=0.00]
Training episodes:  86%|████████▋ | 2161/2500 [21:54<03:28,  1.63it/s, buffer=432400, ret=12.18, success=0.00]
Training episodes:  86%|████████▋ | 2162/2500 [21:54<03:28,  1.62it/s, buffer=432400, ret=12.18, success=0.00]
Training episodes:  86%|████████▋ | 2162/2500 [21:54<03:28,  1.62it/s, buffer=432600, ret=18.27, success=0.00]
Training episodes:  87%|████████▋ | 2163/2500 [21:54<03:25,  1.64it/s, buffer=432600, ret=18.27, success=0.00]
Training episodes:  87%|████████▋ | 2163/2500 [21:55<03:25,  1.64it/s, buffer=432800, ret=14.18, success=0.00]
Training episodes:  87%|████████▋ | 2164/2500 [21:55<03:23,  1.65it/s, buffer=432800, ret=14.18, success=0.00]
Training episodes:  87%|████████▋ | 2164/2500 [21:56<03:23,  1.65it/s, buffer=433000, ret=10.82, success=0.00]
Training episodes:  87%|████████▋ | 2165/2500 [21:56<03:21,  1.66it/s, buffer=433000, ret=10.82, success=0.00]
Training episodes:  87%|████████▋ | 2165/2500 [21:56<03:21,  1.66it/s, buffer=433200, ret=18.72, success=0.00]
Training episodes:  87%|████████▋ | 2166/2500 [21:56<03:21,  1.65it/s, buffer=433200, ret=18.72, success=0.00]
Training episodes:  87%|████████▋ | 2166/2500 [21:57<03:21,  1.65it/s, buffer=433400, ret=24.79, success=0.00]
Training episodes:  87%|████████▋ | 2167/2500 [21:57<03:21,  1.65it/s, buffer=433400, ret=24.79, success=0.00]
Training episodes:  87%|████████▋ | 2167/2500 [21:57<03:21,  1.65it/s, buffer=433600, ret=17.08, success=0.00]
Training episodes:  87%|████████▋ | 2168/2500 [21:57<03:22,  1.64it/s, buffer=433600, ret=17.08, success=0.00]
Training episodes:  87%|████████▋ | 2168/2500 [21:58<03:22,  1.64it/s, buffer=433800, ret=12.00, success=0.00]
Training episodes:  87%|████████▋ | 2169/2500 [21:58<03:21,  1.64it/s, buffer=433800, ret=12.00, success=0.00]
Training episodes:  87%|████████▋ | 2169/2500 [21:59<03:21,  1.64it/s, buffer=434000, ret=11.84, success=0.00]
Training episodes:  87%|████████▋ | 2170/2500 [21:59<03:19,  1.65it/s, buffer=434000, ret=11.84, success=0.00]
Training episodes:  87%|████████▋ | 2170/2500 [21:59<03:19,  1.65it/s, buffer=434200, ret=46.87, success=0.00]
Training episodes:  87%|████████▋ | 2171/2500 [21:59<03:22,  1.63it/s, buffer=434200, ret=46.87, success=0.00]
Training episodes:  87%|████████▋ | 2171/2500 [22:00<03:22,  1.63it/s, buffer=434400, ret=32.54, success=0.00]
Training episodes:  87%|████████▋ | 2172/2500 [22:00<03:21,  1.63it/s, buffer=434400, ret=32.54, success=0.00]
Training episodes:  87%|████████▋ | 2172/2500 [22:01<03:21,  1.63it/s, buffer=434600, ret=25.07, success=0.00]
Training episodes:  87%|████████▋ | 2173/2500 [22:01<03:21,  1.62it/s, buffer=434600, ret=25.07, success=0.00]
Training episodes:  87%|████████▋ | 2173/2500 [22:01<03:21,  1.62it/s, buffer=434800, ret=33.51, success=0.00]
Training episodes:  87%|████████▋ | 2174/2500 [22:01<03:20,  1.63it/s, buffer=434800, ret=33.51, success=0.00]
Training episodes:  87%|████████▋ | 2174/2500 [22:02<03:20,  1.63it/s, buffer=435000, ret=26.24, success=0.00]
Training episodes:  87%|████████▋ | 2175/2500 [22:02<03:21,  1.61it/s, buffer=435000, ret=26.24, success=0.00]
Training episodes:  87%|████████▋ | 2175/2500 [22:02<03:21,  1.61it/s, buffer=435200, ret=13.22, success=0.00]
Training episodes:  87%|████████▋ | 2176/2500 [22:02<03:21,  1.61it/s, buffer=435200, ret=13.22, success=0.00]
Training episodes:  87%|████████▋ | 2176/2500 [22:03<03:21,  1.61it/s, buffer=435400, ret=20.65, success=0.00]
Training episodes:  87%|████████▋ | 2177/2500 [22:03<03:21,  1.60it/s, buffer=435400, ret=20.65, success=0.00]
Training episodes:  87%|████████▋ | 2177/2500 [22:04<03:21,  1.60it/s, buffer=435600, ret=15.83, success=0.00]
Training episodes:  87%|████████▋ | 2178/2500 [22:04<03:20,  1.61it/s, buffer=435600, ret=15.83, success=0.00]
Training episodes:  87%|████████▋ | 2178/2500 [22:04<03:20,  1.61it/s, buffer=435800, ret=41.78, success=0.00]
Training episodes:  87%|████████▋ | 2179/2500 [22:04<03:22,  1.59it/s, buffer=435800, ret=41.78, success=0.00]
Training episodes:  87%|████████▋ | 2179/2500 [22:05<03:22,  1.59it/s, buffer=436000, ret=13.21, success=0.00]
Training episodes:  87%|████████▋ | 2180/2500 [22:05<03:21,  1.59it/s, buffer=436000, ret=13.21, success=0.00]
Training episodes:  87%|████████▋ | 2180/2500 [22:06<03:21,  1.59it/s, buffer=436200, ret=16.52, success=0.00]
Training episodes:  87%|████████▋ | 2181/2500 [22:06<03:22,  1.57it/s, buffer=436200, ret=16.52, success=0.00]
Training episodes:  87%|████████▋ | 2181/2500 [22:06<03:22,  1.57it/s, buffer=436400, ret=12.92, success=0.00]
Training episodes:  87%|████████▋ | 2182/2500 [22:06<03:19,  1.59it/s, buffer=436400, ret=12.92, success=0.00]
Training episodes:  87%|████████▋ | 2182/2500 [22:07<03:19,  1.59it/s, buffer=436600, ret=37.02, success=0.00]
Training episodes:  87%|████████▋ | 2183/2500 [22:07<03:19,  1.59it/s, buffer=436600, ret=37.02, success=0.00]
Training episodes:  87%|████████▋ | 2183/2500 [22:07<03:19,  1.59it/s, buffer=436800, ret=11.77, success=0.00]
Training episodes:  87%|████████▋ | 2184/2500 [22:07<03:17,  1.60it/s, buffer=436800, ret=11.77, success=0.00]
Training episodes:  87%|████████▋ | 2184/2500 [22:08<03:17,  1.60it/s, buffer=437000, ret=12.28, success=0.00]
Training episodes:  87%|████████▋ | 2185/2500 [22:08<03:16,  1.60it/s, buffer=437000, ret=12.28, success=0.00]
Training episodes:  87%|████████▋ | 2185/2500 [22:09<03:16,  1.60it/s, buffer=437200, ret=11.61, success=0.00]
Training episodes:  87%|████████▋ | 2186/2500 [22:09<03:15,  1.60it/s, buffer=437200, ret=11.61, success=0.00]
Training episodes:  87%|████████▋ | 2186/2500 [22:09<03:15,  1.60it/s, buffer=437400, ret=12.77, success=0.00]
Training episodes:  87%|████████▋ | 2187/2500 [22:09<03:15,  1.60it/s, buffer=437400, ret=12.77, success=0.00]
Training episodes:  87%|████████▋ | 2187/2500 [22:10<03:15,  1.60it/s, buffer=437600, ret=14.37, success=0.00]
Training episodes:  88%|████████▊ | 2188/2500 [22:10<03:13,  1.61it/s, buffer=437600, ret=14.37, success=0.00]
Training episodes:  88%|████████▊ | 2188/2500 [22:11<03:13,  1.61it/s, buffer=437800, ret=15.78, success=0.00]
Training episodes:  88%|████████▊ | 2189/2500 [22:11<03:12,  1.62it/s, buffer=437800, ret=15.78, success=0.00]
Training episodes:  88%|████████▊ | 2189/2500 [22:11<03:12,  1.62it/s, buffer=438000, ret=10.59, success=0.00]
Training episodes:  88%|████████▊ | 2190/2500 [22:11<03:11,  1.62it/s, buffer=438000, ret=10.59, success=0.00]
Training episodes:  88%|████████▊ | 2190/2500 [22:12<03:11,  1.62it/s, buffer=438200, ret=11.00, success=0.00]
Training episodes:  88%|████████▊ | 2191/2500 [22:12<03:11,  1.62it/s, buffer=438200, ret=11.00, success=0.00]
Training episodes:  88%|████████▊ | 2191/2500 [22:12<03:11,  1.62it/s, buffer=438400, ret=11.33, success=0.00]
Training episodes:  88%|████████▊ | 2192/2500 [22:12<03:10,  1.62it/s, buffer=438400, ret=11.33, success=0.00]
Training episodes:  88%|████████▊ | 2192/2500 [22:13<03:10,  1.62it/s, buffer=438600, ret=17.86, success=0.00]
Training episodes:  88%|████████▊ | 2193/2500 [22:13<03:09,  1.62it/s, buffer=438600, ret=17.86, success=0.00]
Training episodes:  88%|████████▊ | 2193/2500 [22:14<03:09,  1.62it/s, buffer=438800, ret=17.97, success=0.00]
Training episodes:  88%|████████▊ | 2194/2500 [22:14<03:09,  1.61it/s, buffer=438800, ret=17.97, success=0.00]
Training episodes:  88%|████████▊ | 2194/2500 [22:14<03:09,  1.61it/s, buffer=439000, ret=18.88, success=0.00]
Training episodes:  88%|████████▊ | 2195/2500 [22:14<03:11,  1.59it/s, buffer=439000, ret=18.88, success=0.00]
Training episodes:  88%|████████▊ | 2195/2500 [22:15<03:11,  1.59it/s, buffer=439200, ret=10.70, success=0.00]
Training episodes:  88%|████████▊ | 2196/2500 [22:15<03:10,  1.60it/s, buffer=439200, ret=10.70, success=0.00]
Training episodes:  88%|████████▊ | 2196/2500 [22:16<03:10,  1.60it/s, buffer=439400, ret=13.38, success=0.00]
Training episodes:  88%|████████▊ | 2197/2500 [22:16<03:08,  1.61it/s, buffer=439400, ret=13.38, success=0.00]
Training episodes:  88%|████████▊ | 2197/2500 [22:16<03:08,  1.61it/s, buffer=439600, ret=12.61, success=0.00]
Training episodes:  88%|████████▊ | 2198/2500 [22:16<03:06,  1.62it/s, buffer=439600, ret=12.61, success=0.00]
Training episodes:  88%|████████▊ | 2198/2500 [22:17<03:06,  1.62it/s, buffer=439800, ret=15.65, success=0.00]
Training episodes:  88%|████████▊ | 2199/2500 [22:17<03:06,  1.61it/s, buffer=439800, ret=15.65, success=0.00]
Training episodes:  88%|████████▊ | 2199/2500 [22:17<03:06,  1.61it/s, buffer=440000, ret=24.94, success=0.00]wandb: WARNING `fps` argument does not affect the frame rate of the video when providing a file path or raw bytes.

Training episodes:  88%|████████▊ | 2200/2500 [22:18<03:57,  1.26it/s, buffer=440000, ret=24.94, success=0.00]
Training episodes:  88%|████████▊ | 2200/2500 [22:19<03:57,  1.26it/s, buffer=440200, ret=11.16, success=0.00]
Training episodes:  88%|████████▊ | 2201/2500 [22:19<03:40,  1.36it/s, buffer=440200, ret=11.16, success=0.00]
Training episodes:  88%|████████▊ | 2201/2500 [22:19<03:40,  1.36it/s, buffer=440400, ret=11.77, success=0.00]
Training episodes:  88%|████████▊ | 2202/2500 [22:19<03:30,  1.42it/s, buffer=440400, ret=11.77, success=0.00]
Training episodes:  88%|████████▊ | 2202/2500 [22:20<03:30,  1.42it/s, buffer=440600, ret=30.29, success=0.00]
Training episodes:  88%|████████▊ | 2203/2500 [22:20<03:22,  1.47it/s, buffer=440600, ret=30.29, success=0.00]
Training episodes:  88%|████████▊ | 2203/2500 [22:20<03:22,  1.47it/s, buffer=440800, ret=11.95, success=0.00]
Training episodes:  88%|████████▊ | 2204/2500 [22:20<03:16,  1.51it/s, buffer=440800, ret=11.95, success=0.00]
Training episodes:  88%|████████▊ | 2204/2500 [22:21<03:16,  1.51it/s, buffer=441000, ret=13.21, success=0.00]
Training episodes:  88%|████████▊ | 2205/2500 [22:21<03:12,  1.53it/s, buffer=441000, ret=13.21, success=0.00]
Training episodes:  88%|████████▊ | 2205/2500 [22:22<03:12,  1.53it/s, buffer=441200, ret=12.41, success=0.00]
Training episodes:  88%|████████▊ | 2206/2500 [22:22<03:10,  1.54it/s, buffer=441200, ret=12.41, success=0.00]
Training episodes:  88%|████████▊ | 2206/2500 [22:22<03:10,  1.54it/s, buffer=441400, ret=18.59, success=0.00]
Training episodes:  88%|████████▊ | 2207/2500 [22:22<03:06,  1.57it/s, buffer=441400, ret=18.59, success=0.00]
Training episodes:  88%|████████▊ | 2207/2500 [22:23<03:06,  1.57it/s, buffer=441600, ret=30.62, success=0.00]
Training episodes:  88%|████████▊ | 2208/2500 [22:23<03:05,  1.58it/s, buffer=441600, ret=30.62, success=0.00]
Training episodes:  88%|████████▊ | 2208/2500 [22:24<03:05,  1.58it/s, buffer=441800, ret=11.89, success=0.00]
Training episodes:  88%|████████▊ | 2209/2500 [22:24<03:02,  1.59it/s, buffer=441800, ret=11.89, success=0.00]
Training episodes:  88%|████████▊ | 2209/2500 [22:24<03:02,  1.59it/s, buffer=442000, ret=15.67, success=0.00]
Training episodes:  88%|████████▊ | 2210/2500 [22:24<03:01,  1.60it/s, buffer=442000, ret=15.67, success=0.00]
Training episodes:  88%|████████▊ | 2210/2500 [22:25<03:01,  1.60it/s, buffer=442200, ret=12.94, success=0.00]
Training episodes:  88%|████████▊ | 2211/2500 [22:25<03:01,  1.59it/s, buffer=442200, ret=12.94, success=0.00]
Training episodes:  88%|████████▊ | 2211/2500 [22:25<03:01,  1.59it/s, buffer=442400, ret=21.44, success=0.00]
Training episodes:  88%|████████▊ | 2212/2500 [22:25<02:59,  1.60it/s, buffer=442400, ret=21.44, success=0.00]
Training episodes:  88%|████████▊ | 2212/2500 [22:26<02:59,  1.60it/s, buffer=442600, ret=24.63, success=0.00]
Training episodes:  89%|████████▊ | 2213/2500 [22:26<02:59,  1.60it/s, buffer=442600, ret=24.63, success=0.00]
Training episodes:  89%|████████▊ | 2213/2500 [22:27<02:59,  1.60it/s, buffer=442800, ret=18.64, success=0.00]
Training episodes:  89%|████████▊ | 2214/2500 [22:27<02:57,  1.61it/s, buffer=442800, ret=18.64, success=0.00]
Training episodes:  89%|████████▊ | 2214/2500 [22:27<02:57,  1.61it/s, buffer=443000, ret=11.90, success=0.00]
Training episodes:  89%|████████▊ | 2215/2500 [22:27<02:56,  1.61it/s, buffer=443000, ret=11.90, success=0.00]
Training episodes:  89%|████████▊ | 2215/2500 [22:28<02:56,  1.61it/s, buffer=443200, ret=18.60, success=0.00]
Training episodes:  89%|████████▊ | 2216/2500 [22:28<02:55,  1.62it/s, buffer=443200, ret=18.60, success=0.00]
Training episodes:  89%|████████▊ | 2216/2500 [22:29<02:55,  1.62it/s, buffer=443400, ret=11.61, success=0.00]
Training episodes:  89%|████████▊ | 2217/2500 [22:29<02:55,  1.62it/s, buffer=443400, ret=11.61, success=0.00]
Training episodes:  89%|████████▊ | 2217/2500 [22:29<02:55,  1.62it/s, buffer=443600, ret=19.36, success=0.00]
Training episodes:  89%|████████▊ | 2218/2500 [22:29<02:56,  1.60it/s, buffer=443600, ret=19.36, success=0.00]
Training episodes:  89%|████████▊ | 2218/2500 [22:30<02:56,  1.60it/s, buffer=443800, ret=12.21, success=0.00]
Training episodes:  89%|████████▉ | 2219/2500 [22:30<02:54,  1.61it/s, buffer=443800, ret=12.21, success=0.00]
Training episodes:  89%|████████▉ | 2219/2500 [22:30<02:54,  1.61it/s, buffer=444000, ret=21.90, success=0.00]
Training episodes:  89%|████████▉ | 2220/2500 [22:30<02:54,  1.60it/s, buffer=444000, ret=21.90, success=0.00]
Training episodes:  89%|████████▉ | 2220/2500 [22:31<02:54,  1.60it/s, buffer=444200, ret=11.78, success=0.00]
Training episodes:  89%|████████▉ | 2221/2500 [22:31<02:52,  1.61it/s, buffer=444200, ret=11.78, success=0.00]
Training episodes:  89%|████████▉ | 2221/2500 [22:32<02:52,  1.61it/s, buffer=444400, ret=11.44, success=0.00]
Training episodes:  89%|████████▉ | 2222/2500 [22:32<02:53,  1.61it/s, buffer=444400, ret=11.44, success=0.00]
Training episodes:  89%|████████▉ | 2222/2500 [22:32<02:53,  1.61it/s, buffer=444600, ret=14.95, success=0.00]
Training episodes:  89%|████████▉ | 2223/2500 [22:32<02:50,  1.62it/s, buffer=444600, ret=14.95, success=0.00]
Training episodes:  89%|████████▉ | 2223/2500 [22:33<02:50,  1.62it/s, buffer=444800, ret=20.36, success=0.00]
Training episodes:  89%|████████▉ | 2224/2500 [22:33<02:50,  1.62it/s, buffer=444800, ret=20.36, success=0.00]
Training episodes:  89%|████████▉ | 2224/2500 [22:33<02:50,  1.62it/s, buffer=445000, ret=37.16, success=0.00]
Training episodes:  89%|████████▉ | 2225/2500 [22:33<02:50,  1.61it/s, buffer=445000, ret=37.16, success=0.00]
Training episodes:  89%|████████▉ | 2225/2500 [22:34<02:50,  1.61it/s, buffer=445200, ret=10.24, success=0.00]
Training episodes:  89%|████████▉ | 2226/2500 [22:34<02:49,  1.61it/s, buffer=445200, ret=10.24, success=0.00]
Training episodes:  89%|████████▉ | 2226/2500 [22:35<02:49,  1.61it/s, buffer=445400, ret=11.71, success=0.00]
Training episodes:  89%|████████▉ | 2227/2500 [22:35<02:49,  1.61it/s, buffer=445400, ret=11.71, success=0.00]
Training episodes:  89%|████████▉ | 2227/2500 [22:35<02:49,  1.61it/s, buffer=445600, ret=17.59, success=0.00]
Training episodes:  89%|████████▉ | 2228/2500 [22:35<02:48,  1.61it/s, buffer=445600, ret=17.59, success=0.00]
Training episodes:  89%|████████▉ | 2228/2500 [22:36<02:48,  1.61it/s, buffer=445800, ret=11.68, success=0.00]
Training episodes:  89%|████████▉ | 2229/2500 [22:36<02:49,  1.60it/s, buffer=445800, ret=11.68, success=0.00]
Training episodes:  89%|████████▉ | 2229/2500 [22:37<02:49,  1.60it/s, buffer=446000, ret=12.64, success=0.00]
Training episodes:  89%|████████▉ | 2230/2500 [22:37<02:47,  1.61it/s, buffer=446000, ret=12.64, success=0.00]
Training episodes:  89%|████████▉ | 2230/2500 [22:37<02:47,  1.61it/s, buffer=446200, ret=12.26, success=0.00]
Training episodes:  89%|████████▉ | 2231/2500 [22:37<02:47,  1.61it/s, buffer=446200, ret=12.26, success=0.00]
Training episodes:  89%|████████▉ | 2231/2500 [22:38<02:47,  1.61it/s, buffer=446400, ret=23.72, success=0.00]
Training episodes:  89%|████████▉ | 2232/2500 [22:38<02:47,  1.60it/s, buffer=446400, ret=23.72, success=0.00]
Training episodes:  89%|████████▉ | 2232/2500 [22:38<02:47,  1.60it/s, buffer=446600, ret=12.48, success=0.00]
Training episodes:  89%|████████▉ | 2233/2500 [22:38<02:46,  1.61it/s, buffer=446600, ret=12.48, success=0.00]
Training episodes:  89%|████████▉ | 2233/2500 [22:39<02:46,  1.61it/s, buffer=446800, ret=12.32, success=0.00]
Training episodes:  89%|████████▉ | 2234/2500 [22:39<02:45,  1.61it/s, buffer=446800, ret=12.32, success=0.00]
Training episodes:  89%|████████▉ | 2234/2500 [22:40<02:45,  1.61it/s, buffer=447000, ret=10.23, success=0.00]
Training episodes:  89%|████████▉ | 2235/2500 [22:40<02:46,  1.59it/s, buffer=447000, ret=10.23, success=0.00]
Training episodes:  89%|████████▉ | 2235/2500 [22:40<02:46,  1.59it/s, buffer=447200, ret=11.56, success=0.00]
Training episodes:  89%|████████▉ | 2236/2500 [22:40<02:45,  1.60it/s, buffer=447200, ret=11.56, success=0.00]
Training episodes:  89%|████████▉ | 2236/2500 [22:41<02:45,  1.60it/s, buffer=447400, ret=13.22, success=0.00]
Training episodes:  89%|████████▉ | 2237/2500 [22:41<02:43,  1.61it/s, buffer=447400, ret=13.22, success=0.00]
Training episodes:  89%|████████▉ | 2237/2500 [22:42<02:43,  1.61it/s, buffer=447600, ret=33.04, success=0.00]
Training episodes:  90%|████████▉ | 2238/2500 [22:42<02:44,  1.59it/s, buffer=447600, ret=33.04, success=0.00]
Training episodes:  90%|████████▉ | 2238/2500 [22:42<02:44,  1.59it/s, buffer=447800, ret=12.12, success=0.00]
Training episodes:  90%|████████▉ | 2239/2500 [22:42<02:44,  1.58it/s, buffer=447800, ret=12.12, success=0.00]
Training episodes:  90%|████████▉ | 2239/2500 [22:43<02:44,  1.58it/s, buffer=448000, ret=18.33, success=0.00]
Training episodes:  90%|████████▉ | 2240/2500 [22:43<02:46,  1.56it/s, buffer=448000, ret=18.33, success=0.00]
Training episodes:  90%|████████▉ | 2240/2500 [22:44<02:46,  1.56it/s, buffer=448200, ret=24.97, success=0.00]
Training episodes:  90%|████████▉ | 2241/2500 [22:44<02:46,  1.55it/s, buffer=448200, ret=24.97, success=0.00]
Training episodes:  90%|████████▉ | 2241/2500 [22:44<02:46,  1.55it/s, buffer=448400, ret=13.60, success=0.00]
Training episodes:  90%|████████▉ | 2242/2500 [22:44<02:44,  1.57it/s, buffer=448400, ret=13.60, success=0.00]
Training episodes:  90%|████████▉ | 2242/2500 [22:45<02:44,  1.57it/s, buffer=448600, ret=28.40, success=0.00]
Training episodes:  90%|████████▉ | 2243/2500 [22:45<02:44,  1.56it/s, buffer=448600, ret=28.40, success=0.00]
Training episodes:  90%|████████▉ | 2243/2500 [22:45<02:44,  1.56it/s, buffer=448800, ret=19.43, success=0.00]
Training episodes:  90%|████████▉ | 2244/2500 [22:45<02:44,  1.56it/s, buffer=448800, ret=19.43, success=0.00]
Training episodes:  90%|████████▉ | 2244/2500 [22:46<02:44,  1.56it/s, buffer=449000, ret=12.96, success=0.00]
Training episodes:  90%|████████▉ | 2245/2500 [22:46<02:42,  1.57it/s, buffer=449000, ret=12.96, success=0.00]
Training episodes:  90%|████████▉ | 2245/2500 [22:47<02:42,  1.57it/s, buffer=449200, ret=15.63, success=0.00]
Training episodes:  90%|████████▉ | 2246/2500 [22:47<02:43,  1.56it/s, buffer=449200, ret=15.63, success=0.00]
Training episodes:  90%|████████▉ | 2246/2500 [22:47<02:43,  1.56it/s, buffer=449400, ret=17.15, success=0.00]
Training episodes:  90%|████████▉ | 2247/2500 [22:47<02:43,  1.55it/s, buffer=449400, ret=17.15, success=0.00]
Training episodes:  90%|████████▉ | 2247/2500 [22:48<02:43,  1.55it/s, buffer=449600, ret=12.52, success=0.00]
Training episodes:  90%|████████▉ | 2248/2500 [22:48<02:41,  1.56it/s, buffer=449600, ret=12.52, success=0.00]
Training episodes:  90%|████████▉ | 2248/2500 [22:49<02:41,  1.56it/s, buffer=449800, ret=11.76, success=0.00]
Training episodes:  90%|████████▉ | 2249/2500 [22:49<02:38,  1.58it/s, buffer=449800, ret=11.76, success=0.00]
Training episodes:  90%|████████▉ | 2249/2500 [22:49<02:38,  1.58it/s, buffer=450000, ret=31.41, success=0.00]wandb: WARNING `fps` argument does not affect the frame rate of the video when providing a file path or raw bytes.

Training episodes:  90%|█████████ | 2250/2500 [22:50<03:23,  1.23it/s, buffer=450000, ret=31.41, success=0.00]
Training episodes:  90%|█████████ | 2250/2500 [22:51<03:23,  1.23it/s, buffer=450200, ret=23.38, success=0.00]
Training episodes:  90%|█████████ | 2251/2500 [22:51<03:08,  1.32it/s, buffer=450200, ret=23.38, success=0.00]
Training episodes:  90%|█████████ | 2251/2500 [22:51<03:08,  1.32it/s, buffer=450400, ret=10.99, success=0.00]
Training episodes:  90%|█████████ | 2252/2500 [22:51<02:56,  1.40it/s, buffer=450400, ret=10.99, success=0.00]
Training episodes:  90%|█████████ | 2252/2500 [22:52<02:56,  1.40it/s, buffer=450600, ret=10.68, success=0.00]
Training episodes:  90%|█████████ | 2253/2500 [22:52<02:48,  1.47it/s, buffer=450600, ret=10.68, success=0.00]
Training episodes:  90%|█████████ | 2253/2500 [22:52<02:48,  1.47it/s, buffer=450800, ret=12.08, success=0.00]
Training episodes:  90%|█████████ | 2254/2500 [22:52<02:42,  1.51it/s, buffer=450800, ret=12.08, success=0.00]
Training episodes:  90%|█████████ | 2254/2500 [22:53<02:42,  1.51it/s, buffer=451000, ret=15.29, success=0.00]
Training episodes:  90%|█████████ | 2255/2500 [22:53<02:38,  1.54it/s, buffer=451000, ret=15.29, success=0.00]
Training episodes:  90%|█████████ | 2255/2500 [22:54<02:38,  1.54it/s, buffer=451200, ret=11.22, success=0.00]
Training episodes:  90%|█████████ | 2256/2500 [22:54<02:35,  1.57it/s, buffer=451200, ret=11.22, success=0.00]
Training episodes:  90%|█████████ | 2256/2500 [22:54<02:35,  1.57it/s, buffer=451400, ret=9.75, success=0.00] 
Training episodes:  90%|█████████ | 2257/2500 [22:54<02:32,  1.59it/s, buffer=451400, ret=9.75, success=0.00]
Training episodes:  90%|█████████ | 2257/2500 [22:55<02:32,  1.59it/s, buffer=451600, ret=36.01, success=0.00]
Training episodes:  90%|█████████ | 2258/2500 [22:55<02:31,  1.59it/s, buffer=451600, ret=36.01, success=0.00]
Training episodes:  90%|█████████ | 2258/2500 [22:55<02:31,  1.59it/s, buffer=451800, ret=24.53, success=0.00]
Training episodes:  90%|█████████ | 2259/2500 [22:55<02:30,  1.60it/s, buffer=451800, ret=24.53, success=0.00]
Training episodes:  90%|█████████ | 2259/2500 [22:56<02:30,  1.60it/s, buffer=452000, ret=12.17, success=0.00]
Training episodes:  90%|█████████ | 2260/2500 [22:56<02:28,  1.62it/s, buffer=452000, ret=12.17, success=0.00]
Training episodes:  90%|█████████ | 2260/2500 [22:57<02:28,  1.62it/s, buffer=452200, ret=11.00, success=0.00]
Training episodes:  90%|█████████ | 2261/2500 [22:57<02:26,  1.63it/s, buffer=452200, ret=11.00, success=0.00]
Training episodes:  90%|█████████ | 2261/2500 [22:57<02:26,  1.63it/s, buffer=452400, ret=12.64, success=0.00]
Training episodes:  90%|█████████ | 2262/2500 [22:57<02:25,  1.64it/s, buffer=452400, ret=12.64, success=0.00]
Training episodes:  90%|█████████ | 2262/2500 [22:58<02:25,  1.64it/s, buffer=452600, ret=12.62, success=0.00]
Training episodes:  91%|█████████ | 2263/2500 [22:58<02:28,  1.60it/s, buffer=452600, ret=12.62, success=0.00]
Training episodes:  91%|█████████ | 2263/2500 [22:59<02:28,  1.60it/s, buffer=452800, ret=17.22, success=0.00]
Training episodes:  91%|█████████ | 2264/2500 [22:59<02:26,  1.61it/s, buffer=452800, ret=17.22, success=0.00]
Training episodes:  91%|█████████ | 2264/2500 [22:59<02:26,  1.61it/s, buffer=453000, ret=14.02, success=0.00]
Training episodes:  91%|█████████ | 2265/2500 [22:59<02:26,  1.61it/s, buffer=453000, ret=14.02, success=0.00]
Training episodes:  91%|█████████ | 2265/2500 [23:00<02:26,  1.61it/s, buffer=453200, ret=19.72, success=0.00]
Training episodes:  91%|█████████ | 2266/2500 [23:00<02:26,  1.60it/s, buffer=453200, ret=19.72, success=0.00]
Training episodes:  91%|█████████ | 2266/2500 [23:00<02:26,  1.60it/s, buffer=453400, ret=12.33, success=0.00]
Training episodes:  91%|█████████ | 2267/2500 [23:00<02:23,  1.62it/s, buffer=453400, ret=12.33, success=0.00]
Training episodes:  91%|█████████ | 2267/2500 [23:01<02:23,  1.62it/s, buffer=453600, ret=21.44, success=0.00]
Training episodes:  91%|█████████ | 2268/2500 [23:01<02:22,  1.62it/s, buffer=453600, ret=21.44, success=0.00]
Training episodes:  91%|█████████ | 2268/2500 [23:02<02:22,  1.62it/s, buffer=453800, ret=17.37, success=0.00]
Training episodes:  91%|█████████ | 2269/2500 [23:02<02:22,  1.62it/s, buffer=453800, ret=17.37, success=0.00]
Training episodes:  91%|█████████ | 2269/2500 [23:02<02:22,  1.62it/s, buffer=454000, ret=25.81, success=0.00]
Training episodes:  91%|█████████ | 2270/2500 [23:02<02:21,  1.62it/s, buffer=454000, ret=25.81, success=0.00]
Training episodes:  91%|█████████ | 2270/2500 [23:03<02:21,  1.62it/s, buffer=454200, ret=15.41, success=0.00]
Training episodes:  91%|█████████ | 2271/2500 [23:03<02:22,  1.61it/s, buffer=454200, ret=15.41, success=0.00]
Training episodes:  91%|█████████ | 2271/2500 [23:03<02:22,  1.61it/s, buffer=454400, ret=19.08, success=0.00]
Training episodes:  91%|█████████ | 2272/2500 [23:03<02:22,  1.60it/s, buffer=454400, ret=19.08, success=0.00]
Training episodes:  91%|█████████ | 2272/2500 [23:04<02:22,  1.60it/s, buffer=454600, ret=19.44, success=0.00]
Training episodes:  91%|█████████ | 2273/2500 [23:04<02:22,  1.60it/s, buffer=454600, ret=19.44, success=0.00]
Training episodes:  91%|█████████ | 2273/2500 [23:05<02:22,  1.60it/s, buffer=454800, ret=11.51, success=0.00]
Training episodes:  91%|█████████ | 2274/2500 [23:05<02:20,  1.61it/s, buffer=454800, ret=11.51, success=0.00]
Training episodes:  91%|█████████ | 2274/2500 [23:05<02:20,  1.61it/s, buffer=455000, ret=11.84, success=0.00]
Training episodes:  91%|█████████ | 2275/2500 [23:05<02:19,  1.61it/s, buffer=455000, ret=11.84, success=0.00]
Training episodes:  91%|█████████ | 2275/2500 [23:06<02:19,  1.61it/s, buffer=455200, ret=12.23, success=0.00]
Training episodes:  91%|█████████ | 2276/2500 [23:06<02:17,  1.62it/s, buffer=455200, ret=12.23, success=0.00]
Training episodes:  91%|█████████ | 2276/2500 [23:07<02:17,  1.62it/s, buffer=455400, ret=13.99, success=0.00]
Training episodes:  91%|█████████ | 2277/2500 [23:07<02:16,  1.63it/s, buffer=455400, ret=13.99, success=0.00]
Training episodes:  91%|█████████ | 2277/2500 [23:07<02:16,  1.63it/s, buffer=455600, ret=11.55, success=0.00]
Training episodes:  91%|█████████ | 2278/2500 [23:07<02:15,  1.63it/s, buffer=455600, ret=11.55, success=0.00]
Training episodes:  91%|█████████ | 2278/2500 [23:08<02:15,  1.63it/s, buffer=455800, ret=12.28, success=0.00]
Training episodes:  91%|█████████ | 2279/2500 [23:08<02:15,  1.64it/s, buffer=455800, ret=12.28, success=0.00]
Training episodes:  91%|█████████ | 2279/2500 [23:08<02:15,  1.64it/s, buffer=456000, ret=14.31, success=0.00]
Training episodes:  91%|█████████ | 2280/2500 [23:08<02:13,  1.65it/s, buffer=456000, ret=14.31, success=0.00]
Training episodes:  91%|█████████ | 2280/2500 [23:09<02:13,  1.65it/s, buffer=456200, ret=14.54, success=0.00]
Training episodes:  91%|█████████ | 2281/2500 [23:09<02:13,  1.64it/s, buffer=456200, ret=14.54, success=0.00]
Training episodes:  91%|█████████ | 2281/2500 [23:10<02:13,  1.64it/s, buffer=456400, ret=19.11, success=0.00]
Training episodes:  91%|█████████▏| 2282/2500 [23:10<02:14,  1.62it/s, buffer=456400, ret=19.11, success=0.00]
Training episodes:  91%|█████████▏| 2282/2500 [23:10<02:14,  1.62it/s, buffer=456600, ret=11.94, success=0.00]
Training episodes:  91%|█████████▏| 2283/2500 [23:10<02:13,  1.62it/s, buffer=456600, ret=11.94, success=0.00]
Training episodes:  91%|█████████▏| 2283/2500 [23:11<02:13,  1.62it/s, buffer=456800, ret=18.30, success=0.00]
Training episodes:  91%|█████████▏| 2284/2500 [23:11<02:13,  1.62it/s, buffer=456800, ret=18.30, success=0.00]
Training episodes:  91%|█████████▏| 2284/2500 [23:11<02:13,  1.62it/s, buffer=457000, ret=14.40, success=0.00]
Training episodes:  91%|█████████▏| 2285/2500 [23:11<02:13,  1.61it/s, buffer=457000, ret=14.40, success=0.00]
Training episodes:  91%|█████████▏| 2285/2500 [23:12<02:13,  1.61it/s, buffer=457200, ret=16.30, success=0.00]
Training episodes:  91%|█████████▏| 2286/2500 [23:12<02:11,  1.62it/s, buffer=457200, ret=16.30, success=0.00]
Training episodes:  91%|█████████▏| 2286/2500 [23:13<02:11,  1.62it/s, buffer=457400, ret=10.15, success=0.00]
Training episodes:  91%|█████████▏| 2287/2500 [23:13<02:10,  1.63it/s, buffer=457400, ret=10.15, success=0.00]
Training episodes:  91%|█████████▏| 2287/2500 [23:13<02:10,  1.63it/s, buffer=457600, ret=12.88, success=0.00]
Training episodes:  92%|█████████▏| 2288/2500 [23:13<02:09,  1.63it/s, buffer=457600, ret=12.88, success=0.00]
Training episodes:  92%|█████████▏| 2288/2500 [23:14<02:09,  1.63it/s, buffer=457800, ret=11.94, success=0.00]
Training episodes:  92%|█████████▏| 2289/2500 [23:14<02:08,  1.64it/s, buffer=457800, ret=11.94, success=0.00]
Training episodes:  92%|█████████▏| 2289/2500 [23:14<02:08,  1.64it/s, buffer=458000, ret=22.82, success=0.00]
Training episodes:  92%|█████████▏| 2290/2500 [23:14<02:08,  1.64it/s, buffer=458000, ret=22.82, success=0.00]
Training episodes:  92%|█████████▏| 2290/2500 [23:15<02:08,  1.64it/s, buffer=458200, ret=25.21, success=0.00]
Training episodes:  92%|█████████▏| 2291/2500 [23:15<02:07,  1.64it/s, buffer=458200, ret=25.21, success=0.00]
Training episodes:  92%|█████████▏| 2291/2500 [23:16<02:07,  1.64it/s, buffer=458400, ret=16.84, success=0.00]
Training episodes:  92%|█████████▏| 2292/2500 [23:16<02:08,  1.62it/s, buffer=458400, ret=16.84, success=0.00]
Training episodes:  92%|█████████▏| 2292/2500 [23:16<02:08,  1.62it/s, buffer=458600, ret=10.09, success=0.00]
Training episodes:  92%|█████████▏| 2293/2500 [23:16<02:06,  1.63it/s, buffer=458600, ret=10.09, success=0.00]
Training episodes:  92%|█████████▏| 2293/2500 [23:17<02:06,  1.63it/s, buffer=458800, ret=26.25, success=0.00]
Training episodes:  92%|█████████▏| 2294/2500 [23:17<02:06,  1.63it/s, buffer=458800, ret=26.25, success=0.00]
Training episodes:  92%|█████████▏| 2294/2500 [23:18<02:06,  1.63it/s, buffer=459000, ret=11.38, success=0.00]
Training episodes:  92%|█████████▏| 2295/2500 [23:18<02:06,  1.62it/s, buffer=459000, ret=11.38, success=0.00]
Training episodes:  92%|█████████▏| 2295/2500 [23:18<02:06,  1.62it/s, buffer=459200, ret=13.81, success=0.00]
Training episodes:  92%|█████████▏| 2296/2500 [23:18<02:05,  1.63it/s, buffer=459200, ret=13.81, success=0.00]
Training episodes:  92%|█████████▏| 2296/2500 [23:19<02:05,  1.63it/s, buffer=459400, ret=28.12, success=0.00]
Training episodes:  92%|█████████▏| 2297/2500 [23:19<02:05,  1.62it/s, buffer=459400, ret=28.12, success=0.00]
Training episodes:  92%|█████████▏| 2297/2500 [23:19<02:05,  1.62it/s, buffer=459600, ret=23.52, success=0.00]
Training episodes:  92%|█████████▏| 2298/2500 [23:19<02:04,  1.62it/s, buffer=459600, ret=23.52, success=0.00]
Training episodes:  92%|█████████▏| 2298/2500 [23:20<02:04,  1.62it/s, buffer=459800, ret=14.20, success=0.00]
Training episodes:  92%|█████████▏| 2299/2500 [23:20<02:04,  1.61it/s, buffer=459800, ret=14.20, success=0.00]
Training episodes:  92%|█████████▏| 2299/2500 [23:21<02:04,  1.61it/s, buffer=460000, ret=25.59, success=0.00]wandb: WARNING `fps` argument does not affect the frame rate of the video when providing a file path or raw bytes.

Training episodes:  92%|█████████▏| 2300/2500 [23:21<02:40,  1.25it/s, buffer=460000, ret=25.59, success=0.00]
Training episodes:  92%|█████████▏| 2300/2500 [23:22<02:40,  1.25it/s, buffer=460200, ret=33.24, success=0.00]
Training episodes:  92%|█████████▏| 2301/2500 [23:22<02:31,  1.31it/s, buffer=460200, ret=33.24, success=0.00]
Training episodes:  92%|█████████▏| 2301/2500 [23:23<02:31,  1.31it/s, buffer=460400, ret=20.82, success=0.00]
Training episodes:  92%|█████████▏| 2302/2500 [23:23<02:24,  1.37it/s, buffer=460400, ret=20.82, success=0.00]
Training episodes:  92%|█████████▏| 2302/2500 [23:23<02:24,  1.37it/s, buffer=460600, ret=10.25, success=0.00]
Training episodes:  92%|█████████▏| 2303/2500 [23:23<02:16,  1.44it/s, buffer=460600, ret=10.25, success=0.00]
Training episodes:  92%|█████████▏| 2303/2500 [23:24<02:16,  1.44it/s, buffer=460800, ret=38.80, success=0.00]
Training episodes:  92%|█████████▏| 2304/2500 [23:24<02:14,  1.46it/s, buffer=460800, ret=38.80, success=0.00]
Training episodes:  92%|█████████▏| 2304/2500 [23:25<02:14,  1.46it/s, buffer=461000, ret=14.46, success=0.00]
Training episodes:  92%|█████████▏| 2305/2500 [23:25<02:09,  1.50it/s, buffer=461000, ret=14.46, success=0.00]
Training episodes:  92%|█████████▏| 2305/2500 [23:25<02:09,  1.50it/s, buffer=461200, ret=12.83, success=0.00]
Training episodes:  92%|█████████▏| 2306/2500 [23:25<02:06,  1.53it/s, buffer=461200, ret=12.83, success=0.00]
Training episodes:  92%|█████████▏| 2306/2500 [23:26<02:06,  1.53it/s, buffer=461400, ret=11.25, success=0.00]
Training episodes:  92%|█████████▏| 2307/2500 [23:26<02:05,  1.54it/s, buffer=461400, ret=11.25, success=0.00]
Training episodes:  92%|█████████▏| 2307/2500 [23:26<02:05,  1.54it/s, buffer=461600, ret=13.98, success=0.00]
Training episodes:  92%|█████████▏| 2308/2500 [23:26<02:02,  1.57it/s, buffer=461600, ret=13.98, success=0.00]
Training episodes:  92%|█████████▏| 2308/2500 [23:27<02:02,  1.57it/s, buffer=461800, ret=11.84, success=0.00]
Training episodes:  92%|█████████▏| 2309/2500 [23:27<02:00,  1.59it/s, buffer=461800, ret=11.84, success=0.00]
Training episodes:  92%|█████████▏| 2309/2500 [23:28<02:00,  1.59it/s, buffer=462000, ret=15.89, success=0.00]
Training episodes:  92%|█████████▏| 2310/2500 [23:28<01:58,  1.60it/s, buffer=462000, ret=15.89, success=0.00]
Training episodes:  92%|█████████▏| 2310/2500 [23:28<01:58,  1.60it/s, buffer=462200, ret=27.27, success=0.00]
Training episodes:  92%|█████████▏| 2311/2500 [23:28<02:00,  1.57it/s, buffer=462200, ret=27.27, success=0.00]
Training episodes:  92%|█████████▏| 2311/2500 [23:29<02:00,  1.57it/s, buffer=462400, ret=13.55, success=0.00]
Training episodes:  92%|█████████▏| 2312/2500 [23:29<02:00,  1.57it/s, buffer=462400, ret=13.55, success=0.00]
Training episodes:  92%|█████████▏| 2312/2500 [23:30<02:00,  1.57it/s, buffer=462600, ret=27.82, success=0.00]
Training episodes:  93%|█████████▎| 2313/2500 [23:30<02:00,  1.55it/s, buffer=462600, ret=27.82, success=0.00]
Training episodes:  93%|█████████▎| 2313/2500 [23:30<02:00,  1.55it/s, buffer=462800, ret=20.58, success=0.00]
Training episodes:  93%|█████████▎| 2314/2500 [23:30<01:58,  1.56it/s, buffer=462800, ret=20.58, success=0.00]
Training episodes:  93%|█████████▎| 2314/2500 [23:31<01:58,  1.56it/s, buffer=463000, ret=10.71, success=0.00]
Training episodes:  93%|█████████▎| 2315/2500 [23:31<01:58,  1.56it/s, buffer=463000, ret=10.71, success=0.00]
Training episodes:  93%|█████████▎| 2315/2500 [23:31<01:58,  1.56it/s, buffer=463200, ret=12.09, success=0.00]
Training episodes:  93%|█████████▎| 2316/2500 [23:31<01:56,  1.57it/s, buffer=463200, ret=12.09, success=0.00]
Training episodes:  93%|█████████▎| 2316/2500 [23:32<01:56,  1.57it/s, buffer=463400, ret=13.11, success=0.00]
Training episodes:  93%|█████████▎| 2317/2500 [23:32<01:55,  1.58it/s, buffer=463400, ret=13.11, success=0.00]
Training episodes:  93%|█████████▎| 2317/2500 [23:33<01:55,  1.58it/s, buffer=463600, ret=74.44, success=0.00]
Training episodes:  93%|█████████▎| 2318/2500 [23:33<01:57,  1.55it/s, buffer=463600, ret=74.44, success=0.00]
Training episodes:  93%|█████████▎| 2318/2500 [23:33<01:57,  1.55it/s, buffer=463800, ret=11.97, success=0.00]
Training episodes:  93%|█████████▎| 2319/2500 [23:33<01:55,  1.56it/s, buffer=463800, ret=11.97, success=0.00]
Training episodes:  93%|█████████▎| 2319/2500 [23:34<01:55,  1.56it/s, buffer=464000, ret=29.34, success=0.00]
Training episodes:  93%|█████████▎| 2320/2500 [23:34<01:54,  1.58it/s, buffer=464000, ret=29.34, success=0.00]
Training episodes:  93%|█████████▎| 2320/2500 [23:35<01:54,  1.58it/s, buffer=464200, ret=16.35, success=0.00]
Training episodes:  93%|█████████▎| 2321/2500 [23:35<01:54,  1.56it/s, buffer=464200, ret=16.35, success=0.00]
Training episodes:  93%|█████████▎| 2321/2500 [23:35<01:54,  1.56it/s, buffer=464400, ret=11.95, success=0.00]
Training episodes:  93%|█████████▎| 2322/2500 [23:35<01:54,  1.56it/s, buffer=464400, ret=11.95, success=0.00]
Training episodes:  93%|█████████▎| 2322/2500 [23:36<01:54,  1.56it/s, buffer=464600, ret=27.26, success=0.00]
Training episodes:  93%|█████████▎| 2323/2500 [23:36<01:54,  1.55it/s, buffer=464600, ret=27.26, success=0.00]
Training episodes:  93%|█████████▎| 2323/2500 [23:37<01:54,  1.55it/s, buffer=464800, ret=34.67, success=0.00]
Training episodes:  93%|█████████▎| 2324/2500 [23:37<01:54,  1.53it/s, buffer=464800, ret=34.67, success=0.00]
Training episodes:  93%|█████████▎| 2324/2500 [23:37<01:54,  1.53it/s, buffer=465000, ret=12.21, success=0.00]
Training episodes:  93%|█████████▎| 2325/2500 [23:37<01:54,  1.53it/s, buffer=465000, ret=12.21, success=0.00]
Training episodes:  93%|█████████▎| 2325/2500 [23:38<01:54,  1.53it/s, buffer=465200, ret=11.54, success=0.00]
Training episodes:  93%|█████████▎| 2326/2500 [23:38<01:53,  1.53it/s, buffer=465200, ret=11.54, success=0.00]
Training episodes:  93%|█████████▎| 2326/2500 [23:39<01:53,  1.53it/s, buffer=465400, ret=16.39, success=0.00]
Training episodes:  93%|█████████▎| 2327/2500 [23:39<01:52,  1.54it/s, buffer=465400, ret=16.39, success=0.00]
Training episodes:  93%|█████████▎| 2327/2500 [23:39<01:52,  1.54it/s, buffer=465600, ret=12.55, success=0.00]
Training episodes:  93%|█████████▎| 2328/2500 [23:39<01:50,  1.55it/s, buffer=465600, ret=12.55, success=0.00]
Training episodes:  93%|█████████▎| 2328/2500 [23:40<01:50,  1.55it/s, buffer=465800, ret=33.52, success=0.00]
Training episodes:  93%|█████████▎| 2329/2500 [23:40<01:51,  1.53it/s, buffer=465800, ret=33.52, success=0.00]
Training episodes:  93%|█████████▎| 2329/2500 [23:41<01:51,  1.53it/s, buffer=466000, ret=17.86, success=0.00]
Training episodes:  93%|█████████▎| 2330/2500 [23:41<01:50,  1.53it/s, buffer=466000, ret=17.86, success=0.00]
Training episodes:  93%|█████████▎| 2330/2500 [23:41<01:50,  1.53it/s, buffer=466200, ret=32.20, success=0.00]
Training episodes:  93%|█████████▎| 2331/2500 [23:41<01:48,  1.55it/s, buffer=466200, ret=32.20, success=0.00]
Training episodes:  93%|█████████▎| 2331/2500 [23:42<01:48,  1.55it/s, buffer=466400, ret=28.38, success=0.00]
Training episodes:  93%|█████████▎| 2332/2500 [23:42<01:47,  1.56it/s, buffer=466400, ret=28.38, success=0.00]
Training episodes:  93%|█████████▎| 2332/2500 [23:42<01:47,  1.56it/s, buffer=466600, ret=14.98, success=0.00]
Training episodes:  93%|█████████▎| 2333/2500 [23:42<01:47,  1.56it/s, buffer=466600, ret=14.98, success=0.00]
Training episodes:  93%|█████████▎| 2333/2500 [23:43<01:47,  1.56it/s, buffer=466800, ret=30.05, success=0.00]
Training episodes:  93%|█████████▎| 2334/2500 [23:43<01:45,  1.57it/s, buffer=466800, ret=30.05, success=0.00]
Training episodes:  93%|█████████▎| 2334/2500 [23:44<01:45,  1.57it/s, buffer=467000, ret=20.55, success=0.00]
Training episodes:  93%|█████████▎| 2335/2500 [23:44<01:45,  1.57it/s, buffer=467000, ret=20.55, success=0.00]
Training episodes:  93%|█████████▎| 2335/2500 [23:44<01:45,  1.57it/s, buffer=467200, ret=13.48, success=0.00]
Training episodes:  93%|█████████▎| 2336/2500 [23:44<01:44,  1.57it/s, buffer=467200, ret=13.48, success=0.00]
Training episodes:  93%|█████████▎| 2336/2500 [23:45<01:44,  1.57it/s, buffer=467400, ret=10.49, success=0.00]
Training episodes:  93%|█████████▎| 2337/2500 [23:45<01:42,  1.59it/s, buffer=467400, ret=10.49, success=0.00]
Training episodes:  93%|█████████▎| 2337/2500 [23:46<01:42,  1.59it/s, buffer=467600, ret=27.62, success=0.00]
Training episodes:  94%|█████████▎| 2338/2500 [23:46<01:42,  1.58it/s, buffer=467600, ret=27.62, success=0.00]
Training episodes:  94%|█████████▎| 2338/2500 [23:46<01:42,  1.58it/s, buffer=467800, ret=33.19, success=0.00]
Training episodes:  94%|█████████▎| 2339/2500 [23:46<01:42,  1.57it/s, buffer=467800, ret=33.19, success=0.00]
Training episodes:  94%|█████████▎| 2339/2500 [23:47<01:42,  1.57it/s, buffer=468000, ret=18.11, success=0.00]
Training episodes:  94%|█████████▎| 2340/2500 [23:47<01:42,  1.56it/s, buffer=468000, ret=18.11, success=0.00]
Training episodes:  94%|█████████▎| 2340/2500 [23:48<01:42,  1.56it/s, buffer=468200, ret=10.38, success=0.00]
Training episodes:  94%|█████████▎| 2341/2500 [23:48<01:41,  1.56it/s, buffer=468200, ret=10.38, success=0.00]
Training episodes:  94%|█████████▎| 2341/2500 [23:48<01:41,  1.56it/s, buffer=468400, ret=31.96, success=0.00]
Training episodes:  94%|█████████▎| 2342/2500 [23:48<01:42,  1.55it/s, buffer=468400, ret=31.96, success=0.00]
Training episodes:  94%|█████████▎| 2342/2500 [23:49<01:42,  1.55it/s, buffer=468600, ret=31.04, success=0.00]
Training episodes:  94%|█████████▎| 2343/2500 [23:49<01:41,  1.54it/s, buffer=468600, ret=31.04, success=0.00]
Training episodes:  94%|█████████▎| 2343/2500 [23:49<01:41,  1.54it/s, buffer=468800, ret=25.54, success=0.00]
Training episodes:  94%|█████████▍| 2344/2500 [23:49<01:41,  1.54it/s, buffer=468800, ret=25.54, success=0.00]
Training episodes:  94%|█████████▍| 2344/2500 [23:50<01:41,  1.54it/s, buffer=469000, ret=10.92, success=0.00]
Training episodes:  94%|█████████▍| 2345/2500 [23:50<01:40,  1.55it/s, buffer=469000, ret=10.92, success=0.00]
Training episodes:  94%|█████████▍| 2345/2500 [23:51<01:40,  1.55it/s, buffer=469200, ret=12.03, success=0.00]
Training episodes:  94%|█████████▍| 2346/2500 [23:51<01:39,  1.55it/s, buffer=469200, ret=12.03, success=0.00]
Training episodes:  94%|█████████▍| 2346/2500 [23:51<01:39,  1.55it/s, buffer=469400, ret=10.64, success=0.00]
Training episodes:  94%|█████████▍| 2347/2500 [23:51<01:37,  1.57it/s, buffer=469400, ret=10.64, success=0.00]
Training episodes:  94%|█████████▍| 2347/2500 [23:52<01:37,  1.57it/s, buffer=469600, ret=13.84, success=0.00]
Training episodes:  94%|█████████▍| 2348/2500 [23:52<01:36,  1.57it/s, buffer=469600, ret=13.84, success=0.00]
Training episodes:  94%|█████████▍| 2348/2500 [23:53<01:36,  1.57it/s, buffer=469800, ret=14.00, success=0.00]
Training episodes:  94%|█████████▍| 2349/2500 [23:53<01:35,  1.58it/s, buffer=469800, ret=14.00, success=0.00]
Training episodes:  94%|█████████▍| 2349/2500 [23:53<01:35,  1.58it/s, buffer=470000, ret=16.07, success=0.00]wandb: WARNING `fps` argument does not affect the frame rate of the video when providing a file path or raw bytes.

Training episodes:  94%|█████████▍| 2350/2500 [23:54<02:00,  1.24it/s, buffer=470000, ret=16.07, success=0.00]
Training episodes:  94%|█████████▍| 2350/2500 [23:55<02:00,  1.24it/s, buffer=470200, ret=25.90, success=0.00]
Training episodes:  94%|█████████▍| 2351/2500 [23:55<01:53,  1.32it/s, buffer=470200, ret=25.90, success=0.00]
Training episodes:  94%|█████████▍| 2351/2500 [23:55<01:53,  1.32it/s, buffer=470400, ret=25.97, success=0.00]
Training episodes:  94%|█████████▍| 2352/2500 [23:55<01:46,  1.39it/s, buffer=470400, ret=25.97, success=0.00]
Training episodes:  94%|█████████▍| 2352/2500 [23:56<01:46,  1.39it/s, buffer=470600, ret=16.09, success=0.00]
Training episodes:  94%|█████████▍| 2353/2500 [23:56<01:42,  1.43it/s, buffer=470600, ret=16.09, success=0.00]
Training episodes:  94%|█████████▍| 2353/2500 [23:56<01:42,  1.43it/s, buffer=470800, ret=12.15, success=0.00]
Training episodes:  94%|█████████▍| 2354/2500 [23:56<01:39,  1.47it/s, buffer=470800, ret=12.15, success=0.00]
Training episodes:  94%|█████████▍| 2354/2500 [23:57<01:39,  1.47it/s, buffer=471000, ret=29.81, success=0.00]
Training episodes:  94%|█████████▍| 2355/2500 [23:57<01:36,  1.50it/s, buffer=471000, ret=29.81, success=0.00]
Training episodes:  94%|█████████▍| 2355/2500 [23:58<01:36,  1.50it/s, buffer=471200, ret=19.49, success=0.00]
Training episodes:  94%|█████████▍| 2356/2500 [23:58<01:34,  1.52it/s, buffer=471200, ret=19.49, success=0.00]
Training episodes:  94%|█████████▍| 2356/2500 [23:58<01:34,  1.52it/s, buffer=471400, ret=44.63, success=0.00]
Training episodes:  94%|█████████▍| 2357/2500 [23:58<01:34,  1.52it/s, buffer=471400, ret=44.63, success=0.00]
Training episodes:  94%|█████████▍| 2357/2500 [23:59<01:34,  1.52it/s, buffer=471600, ret=13.55, success=0.00]
Training episodes:  94%|█████████▍| 2358/2500 [23:59<01:32,  1.53it/s, buffer=471600, ret=13.55, success=0.00]
Training episodes:  94%|█████████▍| 2358/2500 [24:00<01:32,  1.53it/s, buffer=471800, ret=36.89, success=0.00]
Training episodes:  94%|█████████▍| 2359/2500 [24:00<01:31,  1.54it/s, buffer=471800, ret=36.89, success=0.00]
Training episodes:  94%|█████████▍| 2359/2500 [24:00<01:31,  1.54it/s, buffer=472000, ret=29.40, success=0.00]
Training episodes:  94%|█████████▍| 2360/2500 [24:00<01:31,  1.52it/s, buffer=472000, ret=29.40, success=0.00]
Training episodes:  94%|█████████▍| 2360/2500 [24:01<01:31,  1.52it/s, buffer=472200, ret=13.61, success=0.00]
Training episodes:  94%|█████████▍| 2361/2500 [24:01<01:30,  1.54it/s, buffer=472200, ret=13.61, success=0.00]
Training episodes:  94%|█████████▍| 2361/2500 [24:02<01:30,  1.54it/s, buffer=472400, ret=22.03, success=0.00]
Training episodes:  94%|█████████▍| 2362/2500 [24:02<01:29,  1.54it/s, buffer=472400, ret=22.03, success=0.00]
Training episodes:  94%|█████████▍| 2362/2500 [24:02<01:29,  1.54it/s, buffer=472600, ret=20.02, success=0.00]
Training episodes:  95%|█████████▍| 2363/2500 [24:02<01:28,  1.54it/s, buffer=472600, ret=20.02, success=0.00]
Training episodes:  95%|█████████▍| 2363/2500 [24:03<01:28,  1.54it/s, buffer=472800, ret=10.85, success=0.00]
Training episodes:  95%|█████████▍| 2364/2500 [24:03<01:27,  1.55it/s, buffer=472800, ret=10.85, success=0.00]
Training episodes:  95%|█████████▍| 2364/2500 [24:03<01:27,  1.55it/s, buffer=473000, ret=12.66, success=0.00]
Training episodes:  95%|█████████▍| 2365/2500 [24:03<01:25,  1.57it/s, buffer=473000, ret=12.66, success=0.00]
Training episodes:  95%|█████████▍| 2365/2500 [24:04<01:25,  1.57it/s, buffer=473200, ret=12.74, success=0.00]
Training episodes:  95%|█████████▍| 2366/2500 [24:04<01:25,  1.57it/s, buffer=473200, ret=12.74, success=0.00]
Training episodes:  95%|█████████▍| 2366/2500 [24:05<01:25,  1.57it/s, buffer=473400, ret=17.34, success=0.00]
Training episodes:  95%|█████████▍| 2367/2500 [24:05<01:24,  1.57it/s, buffer=473400, ret=17.34, success=0.00]
Training episodes:  95%|█████████▍| 2367/2500 [24:05<01:24,  1.57it/s, buffer=473600, ret=10.23, success=0.00]
Training episodes:  95%|█████████▍| 2368/2500 [24:05<01:23,  1.58it/s, buffer=473600, ret=10.23, success=0.00]
Training episodes:  95%|█████████▍| 2368/2500 [24:06<01:23,  1.58it/s, buffer=473800, ret=13.63, success=0.00]
Training episodes:  95%|█████████▍| 2369/2500 [24:06<01:22,  1.59it/s, buffer=473800, ret=13.63, success=0.00]
Training episodes:  95%|█████████▍| 2369/2500 [24:07<01:22,  1.59it/s, buffer=474000, ret=11.66, success=0.00]
Training episodes:  95%|█████████▍| 2370/2500 [24:07<01:23,  1.56it/s, buffer=474000, ret=11.66, success=0.00]
Training episodes:  95%|█████████▍| 2370/2500 [24:07<01:23,  1.56it/s, buffer=474200, ret=12.30, success=0.00]
Training episodes:  95%|█████████▍| 2371/2500 [24:07<01:22,  1.57it/s, buffer=474200, ret=12.30, success=0.00]
Training episodes:  95%|█████████▍| 2371/2500 [24:08<01:22,  1.57it/s, buffer=474400, ret=12.64, success=0.00]
Training episodes:  95%|█████████▍| 2372/2500 [24:08<01:20,  1.58it/s, buffer=474400, ret=12.64, success=0.00]
Training episodes:  95%|█████████▍| 2372/2500 [24:09<01:20,  1.58it/s, buffer=474600, ret=12.52, success=0.00]
Training episodes:  95%|█████████▍| 2373/2500 [24:09<01:19,  1.60it/s, buffer=474600, ret=12.52, success=0.00]
Training episodes:  95%|█████████▍| 2373/2500 [24:09<01:19,  1.60it/s, buffer=474800, ret=25.08, success=0.00]
Training episodes:  95%|█████████▍| 2374/2500 [24:09<01:18,  1.60it/s, buffer=474800, ret=25.08, success=0.00]
Training episodes:  95%|█████████▍| 2374/2500 [24:10<01:18,  1.60it/s, buffer=475000, ret=29.08, success=0.00]
Training episodes:  95%|█████████▌| 2375/2500 [24:10<01:17,  1.61it/s, buffer=475000, ret=29.08, success=0.00]
Training episodes:  95%|█████████▌| 2375/2500 [24:10<01:17,  1.61it/s, buffer=475200, ret=38.04, success=0.00]
Training episodes:  95%|█████████▌| 2376/2500 [24:10<01:16,  1.62it/s, buffer=475200, ret=38.04, success=0.00]
Training episodes:  95%|█████████▌| 2376/2500 [24:11<01:16,  1.62it/s, buffer=475400, ret=14.86, success=0.00]
Training episodes:  95%|█████████▌| 2377/2500 [24:11<01:15,  1.62it/s, buffer=475400, ret=14.86, success=0.00]
Training episodes:  95%|█████████▌| 2377/2500 [24:12<01:15,  1.62it/s, buffer=475600, ret=12.64, success=0.00]
Training episodes:  95%|█████████▌| 2378/2500 [24:12<01:14,  1.63it/s, buffer=475600, ret=12.64, success=0.00]
Training episodes:  95%|█████████▌| 2378/2500 [24:12<01:14,  1.63it/s, buffer=475800, ret=32.21, success=0.00]
Training episodes:  95%|█████████▌| 2379/2500 [24:12<01:14,  1.63it/s, buffer=475800, ret=32.21, success=0.00]
Training episodes:  95%|█████████▌| 2379/2500 [24:13<01:14,  1.63it/s, buffer=476000, ret=12.12, success=0.00]
Training episodes:  95%|█████████▌| 2380/2500 [24:13<01:12,  1.65it/s, buffer=476000, ret=12.12, success=0.00]
Training episodes:  95%|█████████▌| 2380/2500 [24:13<01:12,  1.65it/s, buffer=476200, ret=32.06, success=0.00]
Training episodes:  95%|█████████▌| 2381/2500 [24:13<01:12,  1.63it/s, buffer=476200, ret=32.06, success=0.00]
Training episodes:  95%|█████████▌| 2381/2500 [24:14<01:12,  1.63it/s, buffer=476400, ret=12.94, success=0.00]
Training episodes:  95%|█████████▌| 2382/2500 [24:14<01:12,  1.62it/s, buffer=476400, ret=12.94, success=0.00]
Training episodes:  95%|█████████▌| 2382/2500 [24:15<01:12,  1.62it/s, buffer=476600, ret=33.30, success=0.00]
Training episodes:  95%|█████████▌| 2383/2500 [24:15<01:12,  1.61it/s, buffer=476600, ret=33.30, success=0.00]
Training episodes:  95%|█████████▌| 2383/2500 [24:15<01:12,  1.61it/s, buffer=476800, ret=41.67, success=0.00]
Training episodes:  95%|█████████▌| 2384/2500 [24:15<01:13,  1.59it/s, buffer=476800, ret=41.67, success=0.00]
Training episodes:  95%|█████████▌| 2384/2500 [24:16<01:13,  1.59it/s, buffer=477000, ret=14.44, success=0.00]
Training episodes:  95%|█████████▌| 2385/2500 [24:16<01:11,  1.60it/s, buffer=477000, ret=14.44, success=0.00]
Training episodes:  95%|█████████▌| 2385/2500 [24:17<01:11,  1.60it/s, buffer=477200, ret=11.18, success=0.00]
Training episodes:  95%|█████████▌| 2386/2500 [24:17<01:10,  1.61it/s, buffer=477200, ret=11.18, success=0.00]
Training episodes:  95%|█████████▌| 2386/2500 [24:17<01:10,  1.61it/s, buffer=477400, ret=23.81, success=0.00]
Training episodes:  95%|█████████▌| 2387/2500 [24:17<01:10,  1.60it/s, buffer=477400, ret=23.81, success=0.00]
Training episodes:  95%|█████████▌| 2387/2500 [24:18<01:10,  1.60it/s, buffer=477600, ret=18.88, success=0.00]
Training episodes:  96%|█████████▌| 2388/2500 [24:18<01:09,  1.61it/s, buffer=477600, ret=18.88, success=0.00]
Training episodes:  96%|█████████▌| 2388/2500 [24:18<01:09,  1.61it/s, buffer=477800, ret=12.09, success=0.00]
Training episodes:  96%|█████████▌| 2389/2500 [24:18<01:08,  1.62it/s, buffer=477800, ret=12.09, success=0.00]
Training episodes:  96%|█████████▌| 2389/2500 [24:19<01:08,  1.62it/s, buffer=478000, ret=10.99, success=0.00]
Training episodes:  96%|█████████▌| 2390/2500 [24:19<01:07,  1.63it/s, buffer=478000, ret=10.99, success=0.00]
Training episodes:  96%|█████████▌| 2390/2500 [24:20<01:07,  1.63it/s, buffer=478200, ret=13.99, success=0.00]
Training episodes:  96%|█████████▌| 2391/2500 [24:20<01:07,  1.63it/s, buffer=478200, ret=13.99, success=0.00]
Training episodes:  96%|█████████▌| 2391/2500 [24:20<01:07,  1.63it/s, buffer=478400, ret=14.92, success=0.00]
Training episodes:  96%|█████████▌| 2392/2500 [24:20<01:06,  1.62it/s, buffer=478400, ret=14.92, success=0.00]
Training episodes:  96%|█████████▌| 2392/2500 [24:21<01:06,  1.62it/s, buffer=478600, ret=12.29, success=0.00]
Training episodes:  96%|█████████▌| 2393/2500 [24:21<01:05,  1.63it/s, buffer=478600, ret=12.29, success=0.00]
Training episodes:  96%|█████████▌| 2393/2500 [24:21<01:05,  1.63it/s, buffer=478800, ret=18.28, success=0.00]
Training episodes:  96%|█████████▌| 2394/2500 [24:21<01:04,  1.65it/s, buffer=478800, ret=18.28, success=0.00]
Training episodes:  96%|█████████▌| 2394/2500 [24:22<01:04,  1.65it/s, buffer=479000, ret=11.02, success=0.00]
Training episodes:  96%|█████████▌| 2395/2500 [24:22<01:03,  1.66it/s, buffer=479000, ret=11.02, success=0.00]
Training episodes:  96%|█████████▌| 2395/2500 [24:23<01:03,  1.66it/s, buffer=479200, ret=13.26, success=0.00]
Training episodes:  96%|█████████▌| 2396/2500 [24:23<01:02,  1.67it/s, buffer=479200, ret=13.26, success=0.00]
Training episodes:  96%|█████████▌| 2396/2500 [24:23<01:02,  1.67it/s, buffer=479400, ret=24.35, success=0.00]
Training episodes:  96%|█████████▌| 2397/2500 [24:23<01:02,  1.65it/s, buffer=479400, ret=24.35, success=0.00]
Training episodes:  96%|█████████▌| 2397/2500 [24:24<01:02,  1.65it/s, buffer=479600, ret=16.37, success=0.00]
Training episodes:  96%|█████████▌| 2398/2500 [24:24<01:02,  1.64it/s, buffer=479600, ret=16.37, success=0.00]
Training episodes:  96%|█████████▌| 2398/2500 [24:24<01:02,  1.64it/s, buffer=479800, ret=12.40, success=0.00]
Training episodes:  96%|█████████▌| 2399/2500 [24:24<01:01,  1.63it/s, buffer=479800, ret=12.40, success=0.00]
Training episodes:  96%|█████████▌| 2399/2500 [24:25<01:01,  1.63it/s, buffer=480000, ret=12.66, success=0.00]wandb: WARNING `fps` argument does not affect the frame rate of the video when providing a file path or raw bytes.

Training episodes:  96%|█████████▌| 2400/2500 [24:26<01:19,  1.26it/s, buffer=480000, ret=12.66, success=0.00]
Training episodes:  96%|█████████▌| 2400/2500 [24:26<01:19,  1.26it/s, buffer=480200, ret=15.51, success=0.00]
Training episodes:  96%|█████████▌| 2401/2500 [24:26<01:13,  1.34it/s, buffer=480200, ret=15.51, success=0.00]
Training episodes:  96%|█████████▌| 2401/2500 [24:27<01:13,  1.34it/s, buffer=480400, ret=11.54, success=0.00]
Training episodes:  96%|█████████▌| 2402/2500 [24:27<01:10,  1.40it/s, buffer=480400, ret=11.54, success=0.00]
Training episodes:  96%|█████████▌| 2402/2500 [24:28<01:10,  1.40it/s, buffer=480600, ret=11.56, success=0.00]
Training episodes:  96%|█████████▌| 2403/2500 [24:28<01:06,  1.46it/s, buffer=480600, ret=11.56, success=0.00]
Training episodes:  96%|█████████▌| 2403/2500 [24:28<01:06,  1.46it/s, buffer=480800, ret=13.06, success=0.00]
Training episodes:  96%|█████████▌| 2404/2500 [24:28<01:04,  1.50it/s, buffer=480800, ret=13.06, success=0.00]
Training episodes:  96%|█████████▌| 2404/2500 [24:29<01:04,  1.50it/s, buffer=481000, ret=13.25, success=0.00]
Training episodes:  96%|█████████▌| 2405/2500 [24:29<01:01,  1.54it/s, buffer=481000, ret=13.25, success=0.00]
Training episodes:  96%|█████████▌| 2405/2500 [24:29<01:01,  1.54it/s, buffer=481200, ret=17.23, success=0.00]
Training episodes:  96%|█████████▌| 2406/2500 [24:29<01:00,  1.56it/s, buffer=481200, ret=17.23, success=0.00]
Training episodes:  96%|█████████▌| 2406/2500 [24:30<01:00,  1.56it/s, buffer=481400, ret=11.62, success=0.00]
Training episodes:  96%|█████████▋| 2407/2500 [24:30<00:58,  1.58it/s, buffer=481400, ret=11.62, success=0.00]
Training episodes:  96%|█████████▋| 2407/2500 [24:31<00:58,  1.58it/s, buffer=481600, ret=31.08, success=0.00]
Training episodes:  96%|█████████▋| 2408/2500 [24:31<00:57,  1.59it/s, buffer=481600, ret=31.08, success=0.00]
Training episodes:  96%|█████████▋| 2408/2500 [24:31<00:57,  1.59it/s, buffer=481800, ret=34.51, success=0.00]
Training episodes:  96%|█████████▋| 2409/2500 [24:31<00:58,  1.56it/s, buffer=481800, ret=34.51, success=0.00]
Training episodes:  96%|█████████▋| 2409/2500 [24:32<00:58,  1.56it/s, buffer=482000, ret=24.98, success=0.00]
Training episodes:  96%|█████████▋| 2410/2500 [24:32<00:57,  1.56it/s, buffer=482000, ret=24.98, success=0.00]
Training episodes:  96%|█████████▋| 2410/2500 [24:33<00:57,  1.56it/s, buffer=482200, ret=12.55, success=0.00]
Training episodes:  96%|█████████▋| 2411/2500 [24:33<00:57,  1.56it/s, buffer=482200, ret=12.55, success=0.00]
Training episodes:  96%|█████████▋| 2411/2500 [24:33<00:57,  1.56it/s, buffer=482400, ret=11.36, success=0.00]
Training episodes:  96%|█████████▋| 2412/2500 [24:33<00:56,  1.56it/s, buffer=482400, ret=11.36, success=0.00]
Training episodes:  96%|█████████▋| 2412/2500 [24:34<00:56,  1.56it/s, buffer=482600, ret=14.00, success=0.00]
Training episodes:  97%|█████████▋| 2413/2500 [24:34<00:55,  1.56it/s, buffer=482600, ret=14.00, success=0.00]
Training episodes:  97%|█████████▋| 2413/2500 [24:35<00:55,  1.56it/s, buffer=482800, ret=19.98, success=0.00]
Training episodes:  97%|█████████▋| 2414/2500 [24:35<00:55,  1.55it/s, buffer=482800, ret=19.98, success=0.00]
Training episodes:  97%|█████████▋| 2414/2500 [24:35<00:55,  1.55it/s, buffer=483000, ret=18.26, success=0.00]
Training episodes:  97%|█████████▋| 2415/2500 [24:35<00:55,  1.54it/s, buffer=483000, ret=18.26, success=0.00]
Training episodes:  97%|█████████▋| 2415/2500 [24:36<00:55,  1.54it/s, buffer=483200, ret=12.04, success=0.00]
Training episodes:  97%|█████████▋| 2416/2500 [24:36<00:54,  1.55it/s, buffer=483200, ret=12.04, success=0.00]
Training episodes:  97%|█████████▋| 2416/2500 [24:37<00:54,  1.55it/s, buffer=483400, ret=12.09, success=0.00]
Training episodes:  97%|█████████▋| 2417/2500 [24:37<00:53,  1.56it/s, buffer=483400, ret=12.09, success=0.00]
Training episodes:  97%|█████████▋| 2417/2500 [24:37<00:53,  1.56it/s, buffer=483600, ret=41.92, success=0.00]
Training episodes:  97%|█████████▋| 2418/2500 [24:37<00:52,  1.55it/s, buffer=483600, ret=41.92, success=0.00]
Training episodes:  97%|█████████▋| 2418/2500 [24:38<00:52,  1.55it/s, buffer=483800, ret=22.89, success=0.00]
Training episodes:  97%|█████████▋| 2419/2500 [24:38<00:52,  1.54it/s, buffer=483800, ret=22.89, success=0.00]
Training episodes:  97%|█████████▋| 2419/2500 [24:38<00:52,  1.54it/s, buffer=484000, ret=13.22, success=0.00]
Training episodes:  97%|█████████▋| 2420/2500 [24:38<00:51,  1.55it/s, buffer=484000, ret=13.22, success=0.00]
Training episodes:  97%|█████████▋| 2420/2500 [24:39<00:51,  1.55it/s, buffer=484200, ret=10.85, success=0.00]
Training episodes:  97%|█████████▋| 2421/2500 [24:39<00:51,  1.55it/s, buffer=484200, ret=10.85, success=0.00]
Training episodes:  97%|█████████▋| 2421/2500 [24:40<00:51,  1.55it/s, buffer=484400, ret=28.35, success=0.00]
Training episodes:  97%|█████████▋| 2422/2500 [24:40<00:50,  1.56it/s, buffer=484400, ret=28.35, success=0.00]
Training episodes:  97%|█████████▋| 2422/2500 [24:40<00:50,  1.56it/s, buffer=484600, ret=22.91, success=0.00]
Training episodes:  97%|█████████▋| 2423/2500 [24:40<00:48,  1.58it/s, buffer=484600, ret=22.91, success=0.00]
Training episodes:  97%|█████████▋| 2423/2500 [24:41<00:48,  1.58it/s, buffer=484800, ret=16.50, success=0.00]
Training episodes:  97%|█████████▋| 2424/2500 [24:41<00:47,  1.59it/s, buffer=484800, ret=16.50, success=0.00]
Training episodes:  97%|█████████▋| 2424/2500 [24:42<00:47,  1.59it/s, buffer=485000, ret=13.14, success=0.00]
Training episodes:  97%|█████████▋| 2425/2500 [24:42<00:47,  1.59it/s, buffer=485000, ret=13.14, success=0.00]
Training episodes:  97%|█████████▋| 2425/2500 [24:42<00:47,  1.59it/s, buffer=485200, ret=10.90, success=0.00]
Training episodes:  97%|█████████▋| 2426/2500 [24:42<00:46,  1.58it/s, buffer=485200, ret=10.90, success=0.00]
Training episodes:  97%|█████████▋| 2426/2500 [24:43<00:46,  1.58it/s, buffer=485400, ret=13.68, success=0.00]
Training episodes:  97%|█████████▋| 2427/2500 [24:43<00:45,  1.60it/s, buffer=485400, ret=13.68, success=0.00]
Training episodes:  97%|█████████▋| 2427/2500 [24:43<00:45,  1.60it/s, buffer=485600, ret=14.10, success=0.00]
Training episodes:  97%|█████████▋| 2428/2500 [24:43<00:45,  1.60it/s, buffer=485600, ret=14.10, success=0.00]
Training episodes:  97%|█████████▋| 2428/2500 [24:44<00:45,  1.60it/s, buffer=485800, ret=32.50, success=0.00]
Training episodes:  97%|█████████▋| 2429/2500 [24:44<00:44,  1.59it/s, buffer=485800, ret=32.50, success=0.00]
Training episodes:  97%|█████████▋| 2429/2500 [24:45<00:44,  1.59it/s, buffer=486000, ret=20.74, success=0.00]
Training episodes:  97%|█████████▋| 2430/2500 [24:45<00:44,  1.59it/s, buffer=486000, ret=20.74, success=0.00]
Training episodes:  97%|█████████▋| 2430/2500 [24:45<00:44,  1.59it/s, buffer=486200, ret=21.56, success=0.00]
Training episodes:  97%|█████████▋| 2431/2500 [24:45<00:43,  1.58it/s, buffer=486200, ret=21.56, success=0.00]
Training episodes:  97%|█████████▋| 2431/2500 [24:46<00:43,  1.58it/s, buffer=486400, ret=17.54, success=0.00]
Training episodes:  97%|█████████▋| 2432/2500 [24:46<00:43,  1.57it/s, buffer=486400, ret=17.54, success=0.00]
Training episodes:  97%|█████████▋| 2432/2500 [24:47<00:43,  1.57it/s, buffer=486600, ret=11.76, success=0.00]
Training episodes:  97%|█████████▋| 2433/2500 [24:47<00:42,  1.56it/s, buffer=486600, ret=11.76, success=0.00]
Training episodes:  97%|█████████▋| 2433/2500 [24:47<00:42,  1.56it/s, buffer=486800, ret=11.76, success=0.00]
Training episodes:  97%|█████████▋| 2434/2500 [24:47<00:42,  1.55it/s, buffer=486800, ret=11.76, success=0.00]
Training episodes:  97%|█████████▋| 2434/2500 [24:48<00:42,  1.55it/s, buffer=487000, ret=14.70, success=0.00]
Training episodes:  97%|█████████▋| 2435/2500 [24:48<00:42,  1.55it/s, buffer=487000, ret=14.70, success=0.00]
Training episodes:  97%|█████████▋| 2435/2500 [24:49<00:42,  1.55it/s, buffer=487200, ret=11.68, success=0.00]
Training episodes:  97%|█████████▋| 2436/2500 [24:49<00:41,  1.55it/s, buffer=487200, ret=11.68, success=0.00]
Training episodes:  97%|█████████▋| 2436/2500 [24:49<00:41,  1.55it/s, buffer=487400, ret=10.88, success=0.00]
Training episodes:  97%|█████████▋| 2437/2500 [24:49<00:40,  1.56it/s, buffer=487400, ret=10.88, success=0.00]
Training episodes:  97%|█████████▋| 2437/2500 [24:50<00:40,  1.56it/s, buffer=487600, ret=17.96, success=0.00]
Training episodes:  98%|█████████▊| 2438/2500 [24:50<00:40,  1.55it/s, buffer=487600, ret=17.96, success=0.00]
Training episodes:  98%|█████████▊| 2438/2500 [24:51<00:40,  1.55it/s, buffer=487800, ret=14.14, success=0.00]
Training episodes:  98%|█████████▊| 2439/2500 [24:51<00:39,  1.55it/s, buffer=487800, ret=14.14, success=0.00]
Training episodes:  98%|█████████▊| 2439/2500 [24:51<00:39,  1.55it/s, buffer=488000, ret=21.72, success=0.00]
Training episodes:  98%|█████████▊| 2440/2500 [24:51<00:38,  1.56it/s, buffer=488000, ret=21.72, success=0.00]
Training episodes:  98%|█████████▊| 2440/2500 [24:52<00:38,  1.56it/s, buffer=488200, ret=13.28, success=0.00]
Training episodes:  98%|█████████▊| 2441/2500 [24:52<00:37,  1.56it/s, buffer=488200, ret=13.28, success=0.00]
Training episodes:  98%|█████████▊| 2441/2500 [24:52<00:37,  1.56it/s, buffer=488400, ret=15.13, success=0.00]
Training episodes:  98%|█████████▊| 2442/2500 [24:52<00:36,  1.57it/s, buffer=488400, ret=15.13, success=0.00]
Training episodes:  98%|█████████▊| 2442/2500 [24:53<00:36,  1.57it/s, buffer=488600, ret=36.09, success=0.00]
Training episodes:  98%|█████████▊| 2443/2500 [24:53<00:36,  1.57it/s, buffer=488600, ret=36.09, success=0.00]
Training episodes:  98%|█████████▊| 2443/2500 [24:54<00:36,  1.57it/s, buffer=488800, ret=16.20, success=0.00]
Training episodes:  98%|█████████▊| 2444/2500 [24:54<00:36,  1.55it/s, buffer=488800, ret=16.20, success=0.00]
Training episodes:  98%|█████████▊| 2444/2500 [24:54<00:36,  1.55it/s, buffer=489000, ret=48.37, success=0.00]
Training episodes:  98%|█████████▊| 2445/2500 [24:54<00:35,  1.54it/s, buffer=489000, ret=48.37, success=0.00]
Training episodes:  98%|█████████▊| 2445/2500 [24:55<00:35,  1.54it/s, buffer=489200, ret=19.16, success=0.00]
Training episodes:  98%|█████████▊| 2446/2500 [24:55<00:34,  1.56it/s, buffer=489200, ret=19.16, success=0.00]
Training episodes:  98%|█████████▊| 2446/2500 [24:56<00:34,  1.56it/s, buffer=489400, ret=14.14, success=0.00]
Training episodes:  98%|█████████▊| 2447/2500 [24:56<00:33,  1.57it/s, buffer=489400, ret=14.14, success=0.00]
Training episodes:  98%|█████████▊| 2447/2500 [24:56<00:33,  1.57it/s, buffer=489600, ret=10.17, success=0.00]
Training episodes:  98%|█████████▊| 2448/2500 [24:56<00:33,  1.57it/s, buffer=489600, ret=10.17, success=0.00]
Training episodes:  98%|█████████▊| 2448/2500 [24:57<00:33,  1.57it/s, buffer=489800, ret=11.33, success=0.00]
Training episodes:  98%|█████████▊| 2449/2500 [24:57<00:32,  1.57it/s, buffer=489800, ret=11.33, success=0.00]
Training episodes:  98%|█████████▊| 2449/2500 [24:58<00:32,  1.57it/s, buffer=490000, ret=12.03, success=0.00]wandb: WARNING `fps` argument does not affect the frame rate of the video when providing a file path or raw bytes.

Training episodes:  98%|█████████▊| 2450/2500 [24:58<00:40,  1.23it/s, buffer=490000, ret=12.03, success=0.00]
Training episodes:  98%|█████████▊| 2450/2500 [24:59<00:40,  1.23it/s, buffer=490200, ret=21.94, success=0.00]
Training episodes:  98%|█████████▊| 2451/2500 [24:59<00:37,  1.32it/s, buffer=490200, ret=21.94, success=0.00]
Training episodes:  98%|█████████▊| 2451/2500 [24:59<00:37,  1.32it/s, buffer=490400, ret=17.17, success=0.00]
Training episodes:  98%|█████████▊| 2452/2500 [24:59<00:34,  1.40it/s, buffer=490400, ret=17.17, success=0.00]
Training episodes:  98%|█████████▊| 2452/2500 [25:00<00:34,  1.40it/s, buffer=490600, ret=24.98, success=0.00]
Training episodes:  98%|█████████▊| 2453/2500 [25:00<00:32,  1.44it/s, buffer=490600, ret=24.98, success=0.00]
Training episodes:  98%|█████████▊| 2453/2500 [25:01<00:32,  1.44it/s, buffer=490800, ret=11.77, success=0.00]
Training episodes:  98%|█████████▊| 2454/2500 [25:01<00:31,  1.47it/s, buffer=490800, ret=11.77, success=0.00]
Training episodes:  98%|█████████▊| 2454/2500 [25:01<00:31,  1.47it/s, buffer=491000, ret=13.11, success=0.00]
Training episodes:  98%|█████████▊| 2455/2500 [25:01<00:29,  1.51it/s, buffer=491000, ret=13.11, success=0.00]
Training episodes:  98%|█████████▊| 2455/2500 [25:02<00:29,  1.51it/s, buffer=491200, ret=17.35, success=0.00]
Training episodes:  98%|█████████▊| 2456/2500 [25:02<00:29,  1.51it/s, buffer=491200, ret=17.35, success=0.00]
Training episodes:  98%|█████████▊| 2456/2500 [25:03<00:29,  1.51it/s, buffer=491400, ret=34.93, success=0.00]
Training episodes:  98%|█████████▊| 2457/2500 [25:03<00:28,  1.53it/s, buffer=491400, ret=34.93, success=0.00]
Training episodes:  98%|█████████▊| 2457/2500 [25:03<00:28,  1.53it/s, buffer=491600, ret=49.65, success=0.00]
Training episodes:  98%|█████████▊| 2458/2500 [25:03<00:27,  1.55it/s, buffer=491600, ret=49.65, success=0.00]
Training episodes:  98%|█████████▊| 2458/2500 [25:04<00:27,  1.55it/s, buffer=491800, ret=11.44, success=0.00]
Training episodes:  98%|█████████▊| 2459/2500 [25:04<00:26,  1.56it/s, buffer=491800, ret=11.44, success=0.00]
Training episodes:  98%|█████████▊| 2459/2500 [25:04<00:26,  1.56it/s, buffer=492000, ret=27.25, success=0.00]
Training episodes:  98%|█████████▊| 2460/2500 [25:04<00:25,  1.57it/s, buffer=492000, ret=27.25, success=0.00]
Training episodes:  98%|█████████▊| 2460/2500 [25:05<00:25,  1.57it/s, buffer=492200, ret=21.49, success=0.00]
Training episodes:  98%|█████████▊| 2461/2500 [25:05<00:24,  1.57it/s, buffer=492200, ret=21.49, success=0.00]
Training episodes:  98%|█████████▊| 2461/2500 [25:06<00:24,  1.57it/s, buffer=492400, ret=11.84, success=0.00]
Training episodes:  98%|█████████▊| 2462/2500 [25:06<00:23,  1.60it/s, buffer=492400, ret=11.84, success=0.00]
Training episodes:  98%|█████████▊| 2462/2500 [25:06<00:23,  1.60it/s, buffer=492600, ret=14.98, success=0.00]
Training episodes:  99%|█████████▊| 2463/2500 [25:06<00:23,  1.60it/s, buffer=492600, ret=14.98, success=0.00]
Training episodes:  99%|█████████▊| 2463/2500 [25:07<00:23,  1.60it/s, buffer=492800, ret=12.95, success=0.00]
Training episodes:  99%|█████████▊| 2464/2500 [25:07<00:22,  1.61it/s, buffer=492800, ret=12.95, success=0.00]
Training episodes:  99%|█████████▊| 2464/2500 [25:08<00:22,  1.61it/s, buffer=493000, ret=12.65, success=0.00]
Training episodes:  99%|█████████▊| 2465/2500 [25:08<00:21,  1.61it/s, buffer=493000, ret=12.65, success=0.00]
Training episodes:  99%|█████████▊| 2465/2500 [25:08<00:21,  1.61it/s, buffer=493200, ret=19.35, success=0.00]
Training episodes:  99%|█████████▊| 2466/2500 [25:08<00:21,  1.60it/s, buffer=493200, ret=19.35, success=0.00]
Training episodes:  99%|█████████▊| 2466/2500 [25:09<00:21,  1.60it/s, buffer=493400, ret=13.47, success=0.00]
Training episodes:  99%|█████████▊| 2467/2500 [25:09<00:20,  1.59it/s, buffer=493400, ret=13.47, success=0.00]
Training episodes:  99%|█████████▊| 2467/2500 [25:09<00:20,  1.59it/s, buffer=493600, ret=16.03, success=0.00]
Training episodes:  99%|█████████▊| 2468/2500 [25:09<00:20,  1.60it/s, buffer=493600, ret=16.03, success=0.00]
Training episodes:  99%|█████████▊| 2468/2500 [25:10<00:20,  1.60it/s, buffer=493800, ret=13.57, success=0.00]
Training episodes:  99%|█████████▉| 2469/2500 [25:10<00:19,  1.61it/s, buffer=493800, ret=13.57, success=0.00]
Training episodes:  99%|█████████▉| 2469/2500 [25:11<00:19,  1.61it/s, buffer=494000, ret=30.12, success=0.00]
Training episodes:  99%|█████████▉| 2470/2500 [25:11<00:18,  1.60it/s, buffer=494000, ret=30.12, success=0.00]
Training episodes:  99%|█████████▉| 2470/2500 [25:11<00:18,  1.60it/s, buffer=494200, ret=12.96, success=0.00]
Training episodes:  99%|█████████▉| 2471/2500 [25:11<00:17,  1.61it/s, buffer=494200, ret=12.96, success=0.00]
Training episodes:  99%|█████████▉| 2471/2500 [25:12<00:17,  1.61it/s, buffer=494400, ret=13.64, success=0.00]
Training episodes:  99%|█████████▉| 2472/2500 [25:12<00:17,  1.63it/s, buffer=494400, ret=13.64, success=0.00]
Training episodes:  99%|█████████▉| 2472/2500 [25:13<00:17,  1.63it/s, buffer=494600, ret=14.41, success=0.00]
Training episodes:  99%|█████████▉| 2473/2500 [25:13<00:16,  1.63it/s, buffer=494600, ret=14.41, success=0.00]
Training episodes:  99%|█████████▉| 2473/2500 [25:13<00:16,  1.63it/s, buffer=494800, ret=13.22, success=0.00]
Training episodes:  99%|█████████▉| 2474/2500 [25:13<00:15,  1.64it/s, buffer=494800, ret=13.22, success=0.00]
Training episodes:  99%|█████████▉| 2474/2500 [25:14<00:15,  1.64it/s, buffer=495000, ret=12.17, success=0.00]
Training episodes:  99%|█████████▉| 2475/2500 [25:14<00:15,  1.64it/s, buffer=495000, ret=12.17, success=0.00]
Training episodes:  99%|█████████▉| 2475/2500 [25:14<00:15,  1.64it/s, buffer=495200, ret=12.90, success=0.00]
Training episodes:  99%|█████████▉| 2476/2500 [25:14<00:14,  1.63it/s, buffer=495200, ret=12.90, success=0.00]
Training episodes:  99%|█████████▉| 2476/2500 [25:15<00:14,  1.63it/s, buffer=495400, ret=28.51, success=0.00]
Training episodes:  99%|█████████▉| 2477/2500 [25:15<00:14,  1.63it/s, buffer=495400, ret=28.51, success=0.00]
Training episodes:  99%|█████████▉| 2477/2500 [25:16<00:14,  1.63it/s, buffer=495600, ret=16.23, success=0.00]
Training episodes:  99%|█████████▉| 2478/2500 [25:16<00:13,  1.61it/s, buffer=495600, ret=16.23, success=0.00]
Training episodes:  99%|█████████▉| 2478/2500 [25:16<00:13,  1.61it/s, buffer=495800, ret=11.17, success=0.00]
Training episodes:  99%|█████████▉| 2479/2500 [25:16<00:12,  1.63it/s, buffer=495800, ret=11.17, success=0.00]
Training episodes:  99%|█████████▉| 2479/2500 [25:17<00:12,  1.63it/s, buffer=496000, ret=26.98, success=0.00]
Training episodes:  99%|█████████▉| 2480/2500 [25:17<00:12,  1.60it/s, buffer=496000, ret=26.98, success=0.00]
Training episodes:  99%|█████████▉| 2480/2500 [25:17<00:12,  1.60it/s, buffer=496200, ret=26.36, success=0.00]
Training episodes:  99%|█████████▉| 2481/2500 [25:17<00:11,  1.60it/s, buffer=496200, ret=26.36, success=0.00]
Training episodes:  99%|█████████▉| 2481/2500 [25:18<00:11,  1.60it/s, buffer=496400, ret=12.19, success=0.00]
Training episodes:  99%|█████████▉| 2482/2500 [25:18<00:11,  1.59it/s, buffer=496400, ret=12.19, success=0.00]
Training episodes:  99%|█████████▉| 2482/2500 [25:19<00:11,  1.59it/s, buffer=496600, ret=19.49, success=0.00]
Training episodes:  99%|█████████▉| 2483/2500 [25:19<00:10,  1.59it/s, buffer=496600, ret=19.49, success=0.00]
Training episodes:  99%|█████████▉| 2483/2500 [25:19<00:10,  1.59it/s, buffer=496800, ret=11.23, success=0.00]
Training episodes:  99%|█████████▉| 2484/2500 [25:19<00:10,  1.60it/s, buffer=496800, ret=11.23, success=0.00]
Training episodes:  99%|█████████▉| 2484/2500 [25:20<00:10,  1.60it/s, buffer=497000, ret=10.75, success=0.00]
Training episodes:  99%|█████████▉| 2485/2500 [25:20<00:09,  1.61it/s, buffer=497000, ret=10.75, success=0.00]
Training episodes:  99%|█████████▉| 2485/2500 [25:21<00:09,  1.61it/s, buffer=497200, ret=34.65, success=0.00]
Training episodes:  99%|█████████▉| 2486/2500 [25:21<00:08,  1.60it/s, buffer=497200, ret=34.65, success=0.00]
Training episodes:  99%|█████████▉| 2486/2500 [25:21<00:08,  1.60it/s, buffer=497400, ret=11.38, success=0.00]
Training episodes:  99%|█████████▉| 2487/2500 [25:21<00:08,  1.61it/s, buffer=497400, ret=11.38, success=0.00]
Training episodes:  99%|█████████▉| 2487/2500 [25:22<00:08,  1.61it/s, buffer=497600, ret=14.92, success=0.00]
Training episodes: 100%|█████████▉| 2488/2500 [25:22<00:07,  1.62it/s, buffer=497600, ret=14.92, success=0.00]
Training episodes: 100%|█████████▉| 2488/2500 [25:22<00:07,  1.62it/s, buffer=497800, ret=27.42, success=0.00]
Training episodes: 100%|█████████▉| 2489/2500 [25:22<00:06,  1.61it/s, buffer=497800, ret=27.42, success=0.00]
Training episodes: 100%|█████████▉| 2489/2500 [25:23<00:06,  1.61it/s, buffer=498000, ret=13.60, success=0.00]
Training episodes: 100%|█████████▉| 2490/2500 [25:23<00:06,  1.62it/s, buffer=498000, ret=13.60, success=0.00]
Training episodes: 100%|█████████▉| 2490/2500 [25:24<00:06,  1.62it/s, buffer=498200, ret=10.24, success=0.00]
Training episodes: 100%|█████████▉| 2491/2500 [25:24<00:05,  1.63it/s, buffer=498200, ret=10.24, success=0.00]
Training episodes: 100%|█████████▉| 2491/2500 [25:24<00:05,  1.63it/s, buffer=498400, ret=31.04, success=0.00]
Training episodes: 100%|█████████▉| 2492/2500 [25:24<00:04,  1.61it/s, buffer=498400, ret=31.04, success=0.00]
Training episodes: 100%|█████████▉| 2492/2500 [25:25<00:04,  1.61it/s, buffer=498600, ret=18.69, success=0.00]
Training episodes: 100%|█████████▉| 2493/2500 [25:25<00:04,  1.61it/s, buffer=498600, ret=18.69, success=0.00]
Training episodes: 100%|█████████▉| 2493/2500 [25:26<00:04,  1.61it/s, buffer=498800, ret=17.80, success=0.00]
Training episodes: 100%|█████████▉| 2494/2500 [25:26<00:03,  1.60it/s, buffer=498800, ret=17.80, success=0.00]
Training episodes: 100%|█████████▉| 2494/2500 [25:26<00:03,  1.60it/s, buffer=499000, ret=11.10, success=0.00]
Training episodes: 100%|█████████▉| 2495/2500 [25:26<00:03,  1.59it/s, buffer=499000, ret=11.10, success=0.00]
Training episodes: 100%|█████████▉| 2495/2500 [25:27<00:03,  1.59it/s, buffer=499200, ret=13.24, success=0.00]
Training episodes: 100%|█████████▉| 2496/2500 [25:27<00:02,  1.60it/s, buffer=499200, ret=13.24, success=0.00]
Training episodes: 100%|█████████▉| 2496/2500 [25:27<00:02,  1.60it/s, buffer=499400, ret=15.26, success=0.00]
Training episodes: 100%|█████████▉| 2497/2500 [25:27<00:01,  1.61it/s, buffer=499400, ret=15.26, success=0.00]
Training episodes: 100%|█████████▉| 2497/2500 [25:28<00:01,  1.61it/s, buffer=5e+5, ret=27.44, success=0.00]  
Training episodes: 100%|█████████▉| 2498/2500 [25:28<00:01,  1.62it/s, buffer=5e+5, ret=27.44, success=0.00]
Training episodes: 100%|█████████▉| 2498/2500 [25:29<00:01,  1.62it/s, buffer=5e+5, ret=22.89, success=0.00]
Training episodes: 100%|█████████▉| 2499/2500 [25:29<00:00,  1.63it/s, buffer=5e+5, ret=22.89, success=0.00]
Training episodes: 100%|█████████▉| 2499/2500 [25:29<00:00,  1.63it/s, buffer=5e+5, ret=16.57, success=0.00]wandb: WARNING `fps` argument does not affect the frame rate of the video when providing a file path or raw bytes.

Training episodes: 100%|██████████| 2500/2500 [25:30<00:00,  1.27it/s, buffer=5e+5, ret=16.57, success=0.00]
Training episodes: 100%|██████████| 2500/2500 [25:30<00:00,  1.63it/s, buffer=5e+5, ret=16.57, success=0.00]
wandb: uploading history steps 2475-2498, summary, console lines 49-49; updating run metadata
wandb: uploading media/videos/eval/video_4000_a6c8677f016ad8256b70.mp4; uploading output.log; uploading wandb-summary.json; uploading config.yaml
wandb: 
wandb: Run history:
wandb:           actor/log_prob ▁▁▁▆▆▆▇▇▇▇▇▆▆▆▆▆▅▆▆▆▅▆▆▆▆▆▆▆▆▆▆▆▇▇▇▇▇█▇█
wandb:               actor/loss ▁▆██████████████████████████████████████
wandb:               actor/q_pi █▅▆▂▁▃▄▄▄▄▄▄▄▄▃▃▄▃▃▃▃▃▃▄▄▄▄▄▄▄▄▄▄▄▄▄▄▄▅▄
wandb:          actor/reward_pi ▆▅▄▄▄▃▇▅▅▄▁▅▅▅▅▃▄▄▆██▄█▆▅▄▅▅▅▅▅▅▄▅▄▇▅▄▅▆
wandb:               alpha/loss █▁▁▁▁▁▁▁▁▁▁▁▁▁▁▁▁▁▁▁▁▁▁▁▁▁▁▁▁▁▁▁▁▁▁▁▁▁▁▁
wandb:              alpha/value █▃▂▁▁▁▁▁▁▁▁▁▁▁▁▁▁▁▁▁▁▁▁▁▁▁▁▁▁▁▁▁▁▁▁▁▁▁▁▁
wandb:       critic/diag_logits █▅▄▁▂▂▂▂▂▃▂▃▃▃▃▃▃▃▃▂▂▂▂▂▂▂▂▂▂▃▂▂▃▃▃▃▃▃▃▃
wandb: critic/logsumexp_penalty ▆▂▂▆▇▇█▇▇▇███▆▃▂▂▂▁▁▁▁▁▂▂▁▂▂▂▂▂▂▂▂▂▂▂▂▂▂
wandb:              critic/loss ▁▅██████▇▇▇▇▇▇▇▇▇▇▇▇▇▇▆▇▇▇▇▆▆▆▆▆▆▆▆▆▆▆▆▆
wandb:                  episode ▁▁▁▁▂▂▃▃▃▃▃▃▄▄▄▄▄▄▄▄▄▄▄▄▄▅▅▅▅▅▅▆▆▆▆▇▇███
wandb:                      +18 ...
wandb: 
wandb: Run summary:
wandb:           actor/log_prob -4.40769
wandb:               actor/loss 0.24734
wandb:               actor/q_pi -0.69275
wandb:          actor/reward_pi 0.72936
wandb:               alpha/loss -45.63076
wandb:              alpha/value 0.01832
wandb:       critic/diag_logits -0.70895
wandb: critic/logsumexp_penalty 1.83076
wandb:              critic/loss 9.97278
wandb:                  episode 4000
wandb:                      +18 ...
wandb: 
wandb: 🚀 View run longrun_v3_resume1M_20260422_1219 at: https://wandb.ai/surya-april19-concordia-university/crl-widowx-pick-place/runs/o330r8si
wandb: ⭐️ View project at: https://wandb.ai/surya-april19-concordia-university/crl-widowx-pick-place
wandb: Synced 5 W&B file(s), 50 media file(s), 0 artifact file(s) and 0 other file(s)
wandb: Find logs at: ./wandb/run-20260422_121453-o330r8si/logs

