wandb: [wandb.login()] Loaded credentials for https://api.wandb.ai from /home/surya/.netrc.
wandb: Currently logged in as: surya-april19 (surya-april19-concordia-university) to https://api.wandb.ai. Use `wandb login --relogin` to force relogin
wandb: setting up run 6gf6m42l
wandb: Tracking run with wandb version 0.26.0
wandb: Run data is saved locally in /home/surya/CRL/wandb/run-20260422_113052-6gf6m42l
wandb: Run `wandb offline` to turn off syncing.
wandb: Syncing run longrun_tmux_20260422_1135
wandb: ⭐️ View project at https://wandb.ai/surya-april19-concordia-university/crl-widowx-pick-place
wandb: 🚀 View run at https://wandb.ai/surya-april19-concordia-university/crl-widowx-pick-place/runs/6gf6m42l

Training episodes:   0%|          | 0/1200 [00:00<?, ?it/s]
Training episodes:   0%|          | 0/1200 [00:00<?, ?it/s, buffer=200, ret=0.00, success=0.00]
Training episodes:   0%|          | 0/1200 [00:00<?, ?it/s, buffer=400, ret=0.00, success=0.00]
Training episodes:   0%|          | 0/1200 [00:00<?, ?it/s, buffer=600, ret=0.00, success=0.00]
Training episodes:   0%|          | 3/1200 [00:00<00:49, 24.08it/s, buffer=600, ret=0.00, success=0.00]
Training episodes:   0%|          | 3/1200 [00:00<00:49, 24.08it/s, buffer=800, ret=0.00, success=0.00]
Training episodes:   0%|          | 3/1200 [00:00<00:49, 24.08it/s, buffer=1000, ret=0.00, success=0.00]
Training episodes:   0%|          | 3/1200 [00:00<00:49, 24.08it/s, buffer=1200, ret=0.00, success=0.00]
Training episodes:   0%|          | 6/1200 [00:00<00:52, 22.53it/s, buffer=1200, ret=0.00, success=0.00]
Training episodes:   0%|          | 6/1200 [00:00<00:52, 22.53it/s, buffer=1400, ret=0.00, success=0.00]
Training episodes:   0%|          | 6/1200 [00:00<00:52, 22.53it/s, buffer=1600, ret=0.00, success=0.00]
Training episodes:   0%|          | 6/1200 [00:00<00:52, 22.53it/s, buffer=1800, ret=0.00, success=0.00]
Training episodes:   1%|          | 9/1200 [00:00<00:51, 23.03it/s, buffer=1800, ret=0.00, success=0.00]
Training episodes:   1%|          | 9/1200 [00:00<00:51, 23.03it/s, buffer=2000, ret=0.00, success=0.00]
Training episodes:   1%|          | 9/1200 [00:00<00:51, 23.03it/s, buffer=2200, ret=0.00, success=0.00]
Training episodes:   1%|          | 9/1200 [00:00<00:51, 23.03it/s, buffer=2400, ret=0.00, success=0.00]
Training episodes:   1%|          | 12/1200 [00:00<00:51, 23.11it/s, buffer=2400, ret=0.00, success=0.00]
Training episodes:   1%|          | 12/1200 [00:00<00:51, 23.11it/s, buffer=2600, ret=0.00, success=0.00]
Training episodes:   1%|          | 12/1200 [00:00<00:51, 23.11it/s, buffer=2800, ret=0.00, success=0.00]
Training episodes:   1%|          | 12/1200 [00:00<00:51, 23.11it/s, buffer=3000, ret=0.00, success=0.00]
Training episodes:   1%|▏         | 15/1200 [00:00<00:53, 22.12it/s, buffer=3000, ret=0.00, success=0.00]
Training episodes:   1%|▏         | 15/1200 [00:00<00:53, 22.12it/s, buffer=3200, ret=0.00, success=0.00]
Training episodes:   1%|▏         | 15/1200 [00:00<00:53, 22.12it/s, buffer=3400, ret=0.00, success=0.00]
Training episodes:   1%|▏         | 15/1200 [00:00<00:53, 22.12it/s, buffer=3600, ret=0.00, success=0.00]
Training episodes:   2%|▏         | 18/1200 [00:00<00:52, 22.72it/s, buffer=3600, ret=0.00, success=0.00]
Training episodes:   2%|▏         | 18/1200 [00:00<00:52, 22.72it/s, buffer=3800, ret=0.00, success=0.00]
Training episodes:   2%|▏         | 18/1200 [00:00<00:52, 22.72it/s, buffer=4000, ret=0.00, success=0.00]
Training episodes:   2%|▏         | 18/1200 [00:00<00:52, 22.72it/s, buffer=4200, ret=0.00, success=0.00]
Training episodes:   2%|▏         | 21/1200 [00:00<00:51, 22.82it/s, buffer=4200, ret=0.00, success=0.00]
Training episodes:   2%|▏         | 21/1200 [00:00<00:51, 22.82it/s, buffer=4400, ret=0.00, success=0.00]
Training episodes:   2%|▏         | 21/1200 [00:01<00:51, 22.82it/s, buffer=4600, ret=0.00, success=0.00]
Training episodes:   2%|▏         | 21/1200 [00:01<00:51, 22.82it/s, buffer=4800, ret=0.00, success=0.00]
Training episodes:   2%|▏         | 24/1200 [00:01<00:51, 22.98it/s, buffer=4800, ret=0.00, success=0.00]
Training episodes:   2%|▏         | 24/1200 [00:01<00:51, 22.98it/s, buffer=5000, ret=0.00, success=0.00]
Training episodes:   2%|▏         | 24/1200 [00:01<00:51, 22.98it/s, buffer=5200, ret=0.00, success=0.00]
Training episodes:   2%|▏         | 24/1200 [00:02<00:51, 22.98it/s, buffer=5400, ret=0.00, success=0.00]
Training episodes:   2%|▏         | 27/1200 [00:02<02:52,  6.82it/s, buffer=5400, ret=0.00, success=0.00]
Training episodes:   2%|▏         | 27/1200 [00:02<02:52,  6.82it/s, buffer=5600, ret=0.00, success=0.00]
Training episodes:   2%|▏         | 27/1200 [00:03<02:52,  6.82it/s, buffer=5800, ret=0.00, success=0.00]
Training episodes:   2%|▏         | 29/1200 [00:03<04:12,  4.64it/s, buffer=5800, ret=0.00, success=0.00]
Training episodes:   2%|▏         | 29/1200 [00:03<04:12,  4.64it/s, buffer=6000, ret=0.00, success=0.00]
Training episodes:   2%|▏         | 29/1200 [00:03<04:12,  4.64it/s, buffer=6200, ret=0.00, success=0.00]
Training episodes:   3%|▎         | 31/1200 [00:03<05:16,  3.69it/s, buffer=6200, ret=0.00, success=0.00]
Training episodes:   3%|▎         | 31/1200 [00:04<05:16,  3.69it/s, buffer=6400, ret=0.00, success=0.00]
Training episodes:   3%|▎         | 32/1200 [00:04<05:46,  3.38it/s, buffer=6400, ret=0.00, success=0.00]
Training episodes:   3%|▎         | 32/1200 [00:04<05:46,  3.38it/s, buffer=6600, ret=0.00, success=0.00]
Training episodes:   3%|▎         | 33/1200 [00:04<06:15,  3.10it/s, buffer=6600, ret=0.00, success=0.00]
Training episodes:   3%|▎         | 33/1200 [00:05<06:15,  3.10it/s, buffer=6800, ret=0.00, success=0.00]
Training episodes:   3%|▎         | 34/1200 [00:05<06:40,  2.91it/s, buffer=6800, ret=0.00, success=0.00]
Training episodes:   3%|▎         | 34/1200 [00:05<06:40,  2.91it/s, buffer=7000, ret=0.00, success=0.00]
Training episodes:   3%|▎         | 35/1200 [00:05<07:05,  2.73it/s, buffer=7000, ret=0.00, success=0.00]
Training episodes:   3%|▎         | 35/1200 [00:06<07:05,  2.73it/s, buffer=7200, ret=0.00, success=0.00]
Training episodes:   3%|▎         | 36/1200 [00:06<07:27,  2.60it/s, buffer=7200, ret=0.00, success=0.00]
Training episodes:   3%|▎         | 36/1200 [00:06<07:27,  2.60it/s, buffer=7400, ret=0.00, success=0.00]
Training episodes:   3%|▎         | 37/1200 [00:06<07:44,  2.50it/s, buffer=7400, ret=0.00, success=0.00]
Training episodes:   3%|▎         | 37/1200 [00:07<07:44,  2.50it/s, buffer=7600, ret=0.00, success=0.00]
Training episodes:   3%|▎         | 38/1200 [00:07<07:59,  2.42it/s, buffer=7600, ret=0.00, success=0.00]
Training episodes:   3%|▎         | 38/1200 [00:07<07:59,  2.42it/s, buffer=7800, ret=0.00, success=0.00]
Training episodes:   3%|▎         | 39/1200 [00:07<08:11,  2.36it/s, buffer=7800, ret=0.00, success=0.00]
Training episodes:   3%|▎         | 39/1200 [00:07<08:11,  2.36it/s, buffer=8000, ret=0.00, success=0.00]
Training episodes:   3%|▎         | 40/1200 [00:07<08:17,  2.33it/s, buffer=8000, ret=0.00, success=0.00]
Training episodes:   3%|▎         | 40/1200 [00:08<08:17,  2.33it/s, buffer=8200, ret=0.00, success=0.00]
Training episodes:   3%|▎         | 41/1200 [00:08<08:26,  2.29it/s, buffer=8200, ret=0.00, success=0.00]
Training episodes:   3%|▎         | 41/1200 [00:08<08:26,  2.29it/s, buffer=8400, ret=0.00, success=0.00]
Training episodes:   4%|▎         | 42/1200 [00:08<08:30,  2.27it/s, buffer=8400, ret=0.00, success=0.00]
Training episodes:   4%|▎         | 42/1200 [00:09<08:30,  2.27it/s, buffer=8600, ret=0.00, success=0.00]
Training episodes:   4%|▎         | 43/1200 [00:09<08:24,  2.29it/s, buffer=8600, ret=0.00, success=0.00]
Training episodes:   4%|▎         | 43/1200 [00:09<08:24,  2.29it/s, buffer=8800, ret=0.00, success=0.00]
Training episodes:   4%|▎         | 44/1200 [00:09<08:18,  2.32it/s, buffer=8800, ret=0.00, success=0.00]
Training episodes:   4%|▎         | 44/1200 [00:10<08:18,  2.32it/s, buffer=9000, ret=0.00, success=0.00]
Training episodes:   4%|▍         | 45/1200 [00:10<08:14,  2.34it/s, buffer=9000, ret=0.00, success=0.00]
Training episodes:   4%|▍         | 45/1200 [00:10<08:14,  2.34it/s, buffer=9200, ret=0.00, success=0.00]
Training episodes:   4%|▍         | 46/1200 [00:10<08:11,  2.35it/s, buffer=9200, ret=0.00, success=0.00]
Training episodes:   4%|▍         | 46/1200 [00:10<08:11,  2.35it/s, buffer=9400, ret=0.00, success=0.00]
Training episodes:   4%|▍         | 47/1200 [00:10<08:10,  2.35it/s, buffer=9400, ret=0.00, success=0.00]
Training episodes:   4%|▍         | 47/1200 [00:11<08:10,  2.35it/s, buffer=9600, ret=0.00, success=0.00]
Training episodes:   4%|▍         | 48/1200 [00:11<08:14,  2.33it/s, buffer=9600, ret=0.00, success=0.00]
Training episodes:   4%|▍         | 48/1200 [00:11<08:14,  2.33it/s, buffer=9800, ret=0.00, success=0.00]
Training episodes:   4%|▍         | 49/1200 [00:11<08:10,  2.35it/s, buffer=9800, ret=0.00, success=0.00]
Training episodes:   4%|▍         | 49/1200 [00:12<08:10,  2.35it/s, buffer=1e+4, ret=0.00, success=0.00]wandb: WARNING `fps` argument does not affect the frame rate of the video when providing a file path or raw bytes.

Training episodes:   4%|▍         | 50/1200 [00:12<11:57,  1.60it/s, buffer=1e+4, ret=0.00, success=0.00]
Training episodes:   4%|▍         | 50/1200 [00:13<11:57,  1.60it/s, buffer=10200, ret=0.00, success=0.00]
Training episodes:   4%|▍         | 51/1200 [00:13<10:56,  1.75it/s, buffer=10200, ret=0.00, success=0.00]
Training episodes:   4%|▍         | 51/1200 [00:13<10:56,  1.75it/s, buffer=10400, ret=0.00, success=0.00]
Training episodes:   4%|▍         | 52/1200 [00:13<10:15,  1.87it/s, buffer=10400, ret=0.00, success=0.00]
Training episodes:   4%|▍         | 52/1200 [00:14<10:15,  1.87it/s, buffer=10600, ret=0.00, success=0.00]
Training episodes:   4%|▍         | 53/1200 [00:14<09:46,  1.95it/s, buffer=10600, ret=0.00, success=0.00]
Training episodes:   4%|▍         | 53/1200 [00:14<09:46,  1.95it/s, buffer=10800, ret=0.00, success=0.00]
Training episodes:   4%|▍         | 54/1200 [00:14<09:24,  2.03it/s, buffer=10800, ret=0.00, success=0.00]
Training episodes:   4%|▍         | 54/1200 [00:15<09:24,  2.03it/s, buffer=11000, ret=0.00, success=0.00]
Training episodes:   5%|▍         | 55/1200 [00:15<09:10,  2.08it/s, buffer=11000, ret=0.00, success=0.00]
Training episodes:   5%|▍         | 55/1200 [00:15<09:10,  2.08it/s, buffer=11200, ret=0.00, success=0.00]
Training episodes:   5%|▍         | 56/1200 [00:15<09:01,  2.11it/s, buffer=11200, ret=0.00, success=0.00]
Training episodes:   5%|▍         | 56/1200 [00:16<09:01,  2.11it/s, buffer=11400, ret=0.00, success=0.00]
Training episodes:   5%|▍         | 57/1200 [00:16<08:51,  2.15it/s, buffer=11400, ret=0.00, success=0.00]
Training episodes:   5%|▍         | 57/1200 [00:16<08:51,  2.15it/s, buffer=11600, ret=0.00, success=0.00]
Training episodes:   5%|▍         | 58/1200 [00:16<08:48,  2.16it/s, buffer=11600, ret=0.00, success=0.00]
Training episodes:   5%|▍         | 58/1200 [00:16<08:48,  2.16it/s, buffer=11800, ret=0.00, success=0.00]
Training episodes:   5%|▍         | 59/1200 [00:16<08:50,  2.15it/s, buffer=11800, ret=0.00, success=0.00]
Training episodes:   5%|▍         | 59/1200 [00:17<08:50,  2.15it/s, buffer=12000, ret=0.00, success=0.00]
Training episodes:   5%|▌         | 60/1200 [00:17<08:45,  2.17it/s, buffer=12000, ret=0.00, success=0.00]
Training episodes:   5%|▌         | 60/1200 [00:17<08:45,  2.17it/s, buffer=12200, ret=0.00, success=0.00]
Training episodes:   5%|▌         | 61/1200 [00:17<08:43,  2.18it/s, buffer=12200, ret=0.00, success=0.00]
Training episodes:   5%|▌         | 61/1200 [00:18<08:43,  2.18it/s, buffer=12400, ret=0.00, success=0.00]
Training episodes:   5%|▌         | 62/1200 [00:18<08:42,  2.18it/s, buffer=12400, ret=0.00, success=0.00]
Training episodes:   5%|▌         | 62/1200 [00:18<08:42,  2.18it/s, buffer=12600, ret=0.00, success=0.00]
Training episodes:   5%|▌         | 63/1200 [00:18<08:39,  2.19it/s, buffer=12600, ret=0.00, success=0.00]
Training episodes:   5%|▌         | 63/1200 [00:19<08:39,  2.19it/s, buffer=12800, ret=0.00, success=0.00]
Training episodes:   5%|▌         | 64/1200 [00:19<08:48,  2.15it/s, buffer=12800, ret=0.00, success=0.00]
Training episodes:   5%|▌         | 64/1200 [00:19<08:48,  2.15it/s, buffer=13000, ret=0.00, success=0.00]
Training episodes:   5%|▌         | 65/1200 [00:19<08:50,  2.14it/s, buffer=13000, ret=0.00, success=0.00]
Training episodes:   5%|▌         | 65/1200 [00:20<08:50,  2.14it/s, buffer=13200, ret=0.00, success=0.00]
Training episodes:   6%|▌         | 66/1200 [00:20<08:44,  2.16it/s, buffer=13200, ret=0.00, success=0.00]
Training episodes:   6%|▌         | 66/1200 [00:20<08:44,  2.16it/s, buffer=13400, ret=0.00, success=0.00]
Training episodes:   6%|▌         | 67/1200 [00:20<08:41,  2.17it/s, buffer=13400, ret=0.00, success=0.00]
Training episodes:   6%|▌         | 67/1200 [00:21<08:41,  2.17it/s, buffer=13600, ret=0.00, success=0.00]
Training episodes:   6%|▌         | 68/1200 [00:21<08:39,  2.18it/s, buffer=13600, ret=0.00, success=0.00]
Training episodes:   6%|▌         | 68/1200 [00:21<08:39,  2.18it/s, buffer=13800, ret=0.00, success=0.00]
Training episodes:   6%|▌         | 69/1200 [00:21<08:35,  2.19it/s, buffer=13800, ret=0.00, success=0.00]
Training episodes:   6%|▌         | 69/1200 [00:22<08:35,  2.19it/s, buffer=14000, ret=0.00, success=0.00]
Training episodes:   6%|▌         | 70/1200 [00:22<08:35,  2.19it/s, buffer=14000, ret=0.00, success=0.00]
Training episodes:   6%|▌         | 70/1200 [00:22<08:35,  2.19it/s, buffer=14200, ret=0.00, success=0.00]
Training episodes:   6%|▌         | 71/1200 [00:22<08:34,  2.19it/s, buffer=14200, ret=0.00, success=0.00]
Training episodes:   6%|▌         | 71/1200 [00:22<08:34,  2.19it/s, buffer=14400, ret=0.00, success=0.00]
Training episodes:   6%|▌         | 72/1200 [00:22<08:36,  2.19it/s, buffer=14400, ret=0.00, success=0.00]
Training episodes:   6%|▌         | 72/1200 [00:23<08:36,  2.19it/s, buffer=14600, ret=0.00, success=0.00]
Training episodes:   6%|▌         | 73/1200 [00:23<08:33,  2.19it/s, buffer=14600, ret=0.00, success=0.00]
Training episodes:   6%|▌         | 73/1200 [00:23<08:33,  2.19it/s, buffer=14800, ret=0.00, success=0.00]
Training episodes:   6%|▌         | 74/1200 [00:23<08:41,  2.16it/s, buffer=14800, ret=0.00, success=0.00]
Training episodes:   6%|▌         | 74/1200 [00:24<08:41,  2.16it/s, buffer=15000, ret=0.00, success=0.00]
Training episodes:   6%|▋         | 75/1200 [00:24<08:39,  2.17it/s, buffer=15000, ret=0.00, success=0.00]
Training episodes:   6%|▋         | 75/1200 [00:24<08:39,  2.17it/s, buffer=15200, ret=0.00, success=0.00]
Training episodes:   6%|▋         | 76/1200 [00:24<08:36,  2.18it/s, buffer=15200, ret=0.00, success=0.00]
Training episodes:   6%|▋         | 76/1200 [00:25<08:36,  2.18it/s, buffer=15400, ret=0.00, success=0.00]
Training episodes:   6%|▋         | 77/1200 [00:25<08:31,  2.20it/s, buffer=15400, ret=0.00, success=0.00]
Training episodes:   6%|▋         | 77/1200 [00:25<08:31,  2.20it/s, buffer=15600, ret=0.00, success=0.00]
Training episodes:   6%|▋         | 78/1200 [00:25<08:33,  2.19it/s, buffer=15600, ret=0.00, success=0.00]
Training episodes:   6%|▋         | 78/1200 [00:26<08:33,  2.19it/s, buffer=15800, ret=0.00, success=0.00]
Training episodes:   7%|▋         | 79/1200 [00:26<08:33,  2.18it/s, buffer=15800, ret=0.00, success=0.00]
Training episodes:   7%|▋         | 79/1200 [00:26<08:33,  2.18it/s, buffer=16000, ret=0.00, success=0.00]
Training episodes:   7%|▋         | 80/1200 [00:26<08:33,  2.18it/s, buffer=16000, ret=0.00, success=0.00]
Training episodes:   7%|▋         | 80/1200 [00:27<08:33,  2.18it/s, buffer=16200, ret=0.00, success=0.00]
Training episodes:   7%|▋         | 81/1200 [00:27<08:30,  2.19it/s, buffer=16200, ret=0.00, success=0.00]
Training episodes:   7%|▋         | 81/1200 [00:27<08:30,  2.19it/s, buffer=16400, ret=0.00, success=0.00]
Training episodes:   7%|▋         | 82/1200 [00:27<08:29,  2.20it/s, buffer=16400, ret=0.00, success=0.00]
Training episodes:   7%|▋         | 82/1200 [00:27<08:29,  2.20it/s, buffer=16600, ret=0.00, success=0.00]
Training episodes:   7%|▋         | 83/1200 [00:27<08:32,  2.18it/s, buffer=16600, ret=0.00, success=0.00]
Training episodes:   7%|▋         | 83/1200 [00:28<08:32,  2.18it/s, buffer=16800, ret=0.00, success=0.00]
Training episodes:   7%|▋         | 84/1200 [00:28<08:29,  2.19it/s, buffer=16800, ret=0.00, success=0.00]
Training episodes:   7%|▋         | 84/1200 [00:28<08:29,  2.19it/s, buffer=17000, ret=0.00, success=0.00]
Training episodes:   7%|▋         | 85/1200 [00:28<08:30,  2.18it/s, buffer=17000, ret=0.00, success=0.00]
Training episodes:   7%|▋         | 85/1200 [00:29<08:30,  2.18it/s, buffer=17200, ret=0.00, success=0.00]
Training episodes:   7%|▋         | 86/1200 [00:29<08:31,  2.18it/s, buffer=17200, ret=0.00, success=0.00]
Training episodes:   7%|▋         | 86/1200 [00:29<08:31,  2.18it/s, buffer=17400, ret=0.00, success=0.00]
Training episodes:   7%|▋         | 87/1200 [00:29<08:27,  2.19it/s, buffer=17400, ret=0.00, success=0.00]
Training episodes:   7%|▋         | 87/1200 [00:30<08:27,  2.19it/s, buffer=17600, ret=0.00, success=0.00]
Training episodes:   7%|▋         | 88/1200 [00:30<08:25,  2.20it/s, buffer=17600, ret=0.00, success=0.00]
Training episodes:   7%|▋         | 88/1200 [00:30<08:25,  2.20it/s, buffer=17800, ret=0.00, success=0.00]
Training episodes:   7%|▋         | 89/1200 [00:30<08:24,  2.20it/s, buffer=17800, ret=0.00, success=0.00]
Training episodes:   7%|▋         | 89/1200 [00:31<08:24,  2.20it/s, buffer=18000, ret=0.00, success=0.00]
Training episodes:   8%|▊         | 90/1200 [00:31<08:26,  2.19it/s, buffer=18000, ret=0.00, success=0.00]
Training episodes:   8%|▊         | 90/1200 [00:31<08:26,  2.19it/s, buffer=18200, ret=0.00, success=0.00]
Training episodes:   8%|▊         | 91/1200 [00:31<08:21,  2.21it/s, buffer=18200, ret=0.00, success=0.00]
Training episodes:   8%|▊         | 91/1200 [00:32<08:21,  2.21it/s, buffer=18400, ret=0.00, success=0.00]
Training episodes:   8%|▊         | 92/1200 [00:32<08:23,  2.20it/s, buffer=18400, ret=0.00, success=0.00]
Training episodes:   8%|▊         | 92/1200 [00:32<08:23,  2.20it/s, buffer=18600, ret=0.00, success=0.00]
Training episodes:   8%|▊         | 93/1200 [00:32<08:28,  2.18it/s, buffer=18600, ret=0.00, success=0.00]
Training episodes:   8%|▊         | 93/1200 [00:33<08:28,  2.18it/s, buffer=18800, ret=0.00, success=0.00]
Training episodes:   8%|▊         | 94/1200 [00:33<08:33,  2.16it/s, buffer=18800, ret=0.00, success=0.00]
Training episodes:   8%|▊         | 94/1200 [00:33<08:33,  2.16it/s, buffer=19000, ret=0.00, success=0.00]
Training episodes:   8%|▊         | 95/1200 [00:33<08:32,  2.16it/s, buffer=19000, ret=0.00, success=0.00]
Training episodes:   8%|▊         | 95/1200 [00:33<08:32,  2.16it/s, buffer=19200, ret=0.00, success=0.00]
Training episodes:   8%|▊         | 96/1200 [00:33<08:31,  2.16it/s, buffer=19200, ret=0.00, success=0.00]
Training episodes:   8%|▊         | 96/1200 [00:34<08:31,  2.16it/s, buffer=19400, ret=0.00, success=0.00]
Training episodes:   8%|▊         | 97/1200 [00:34<08:32,  2.15it/s, buffer=19400, ret=0.00, success=0.00]
Training episodes:   8%|▊         | 97/1200 [00:34<08:32,  2.15it/s, buffer=19600, ret=0.00, success=0.00]
Training episodes:   8%|▊         | 98/1200 [00:34<08:30,  2.16it/s, buffer=19600, ret=0.00, success=0.00]
Training episodes:   8%|▊         | 98/1200 [00:35<08:30,  2.16it/s, buffer=19800, ret=0.00, success=0.00]
Training episodes:   8%|▊         | 99/1200 [00:35<08:28,  2.16it/s, buffer=19800, ret=0.00, success=0.00]
Training episodes:   8%|▊         | 99/1200 [00:35<08:28,  2.16it/s, buffer=2e+4, ret=0.00, success=0.00] wandb: WARNING `fps` argument does not affect the frame rate of the video when providing a file path or raw bytes.

Training episodes:   8%|▊         | 100/1200 [00:36<11:25,  1.61it/s, buffer=2e+4, ret=0.00, success=0.00]
Training episodes:   8%|▊         | 100/1200 [00:36<11:25,  1.61it/s, buffer=20200, ret=0.00, success=0.00]
Training episodes:   8%|▊         | 101/1200 [00:36<10:26,  1.75it/s, buffer=20200, ret=0.00, success=0.00]
Training episodes:   8%|▊         | 101/1200 [00:37<10:26,  1.75it/s, buffer=20400, ret=0.00, success=0.00]
Training episodes:   8%|▊         | 102/1200 [00:37<09:44,  1.88it/s, buffer=20400, ret=0.00, success=0.00]
Training episodes:   8%|▊         | 102/1200 [00:37<09:44,  1.88it/s, buffer=20600, ret=0.00, success=0.00]
Training episodes:   9%|▊         | 103/1200 [00:37<09:20,  1.96it/s, buffer=20600, ret=0.00, success=0.00]
Training episodes:   9%|▊         | 103/1200 [00:38<09:20,  1.96it/s, buffer=20800, ret=0.00, success=0.00]
Training episodes:   9%|▊         | 104/1200 [00:38<09:03,  2.02it/s, buffer=20800, ret=0.00, success=0.00]
Training episodes:   9%|▊         | 104/1200 [00:38<09:03,  2.02it/s, buffer=21000, ret=0.00, success=0.00]
Training episodes:   9%|▉         | 105/1200 [00:38<08:50,  2.06it/s, buffer=21000, ret=0.00, success=0.00]
Training episodes:   9%|▉         | 105/1200 [00:39<08:50,  2.06it/s, buffer=21200, ret=0.00, success=0.00]
Training episodes:   9%|▉         | 106/1200 [00:39<08:45,  2.08it/s, buffer=21200, ret=0.00, success=0.00]
Training episodes:   9%|▉         | 106/1200 [00:39<08:45,  2.08it/s, buffer=21400, ret=0.00, success=0.00]
Training episodes:   9%|▉         | 107/1200 [00:39<08:34,  2.12it/s, buffer=21400, ret=0.00, success=0.00]
Training episodes:   9%|▉         | 107/1200 [00:39<08:34,  2.12it/s, buffer=21600, ret=0.00, success=0.00]
Training episodes:   9%|▉         | 108/1200 [00:39<08:26,  2.15it/s, buffer=21600, ret=0.00, success=0.00]
Training episodes:   9%|▉         | 108/1200 [00:40<08:26,  2.15it/s, buffer=21800, ret=0.00, success=0.00]
Training episodes:   9%|▉         | 109/1200 [00:40<08:19,  2.18it/s, buffer=21800, ret=0.00, success=0.00]
Training episodes:   9%|▉         | 109/1200 [00:40<08:19,  2.18it/s, buffer=22000, ret=0.00, success=0.00]
Training episodes:   9%|▉         | 110/1200 [00:40<08:09,  2.23it/s, buffer=22000, ret=0.00, success=0.00]
Training episodes:   9%|▉         | 110/1200 [00:41<08:09,  2.23it/s, buffer=22200, ret=0.00, success=0.00]
Training episodes:   9%|▉         | 111/1200 [00:41<08:13,  2.21it/s, buffer=22200, ret=0.00, success=0.00]
Training episodes:   9%|▉         | 111/1200 [00:41<08:13,  2.21it/s, buffer=22400, ret=0.00, success=0.00]
Training episodes:   9%|▉         | 112/1200 [00:41<08:10,  2.22it/s, buffer=22400, ret=0.00, success=0.00]
Training episodes:   9%|▉         | 112/1200 [00:42<08:10,  2.22it/s, buffer=22600, ret=0.00, success=0.00]
Training episodes:   9%|▉         | 113/1200 [00:42<08:06,  2.23it/s, buffer=22600, ret=0.00, success=0.00]
Training episodes:   9%|▉         | 113/1200 [00:42<08:06,  2.23it/s, buffer=22800, ret=0.00, success=0.00]
Training episodes:  10%|▉         | 114/1200 [00:42<08:05,  2.24it/s, buffer=22800, ret=0.00, success=0.00]
Training episodes:  10%|▉         | 114/1200 [00:43<08:05,  2.24it/s, buffer=23000, ret=0.00, success=0.00]
Training episodes:  10%|▉         | 115/1200 [00:43<08:07,  2.23it/s, buffer=23000, ret=0.00, success=0.00]
Training episodes:  10%|▉         | 115/1200 [00:43<08:07,  2.23it/s, buffer=23200, ret=0.00, success=0.00]
Training episodes:  10%|▉         | 116/1200 [00:43<08:08,  2.22it/s, buffer=23200, ret=0.00, success=0.00]
Training episodes:  10%|▉         | 116/1200 [00:44<08:08,  2.22it/s, buffer=23400, ret=0.00, success=0.00]
Training episodes:  10%|▉         | 117/1200 [00:44<08:12,  2.20it/s, buffer=23400, ret=0.00, success=0.00]
Training episodes:  10%|▉         | 117/1200 [00:44<08:12,  2.20it/s, buffer=23600, ret=0.00, success=0.00]
Training episodes:  10%|▉         | 118/1200 [00:44<08:07,  2.22it/s, buffer=23600, ret=0.00, success=0.00]
Training episodes:  10%|▉         | 118/1200 [00:44<08:07,  2.22it/s, buffer=23800, ret=0.00, success=0.00]
Training episodes:  10%|▉         | 119/1200 [00:44<08:04,  2.23it/s, buffer=23800, ret=0.00, success=0.00]
Training episodes:  10%|▉         | 119/1200 [00:45<08:04,  2.23it/s, buffer=24000, ret=0.00, success=0.00]
Training episodes:  10%|█         | 120/1200 [00:45<08:11,  2.20it/s, buffer=24000, ret=0.00, success=0.00]
Training episodes:  10%|█         | 120/1200 [00:45<08:11,  2.20it/s, buffer=24200, ret=0.00, success=0.00]
Training episodes:  10%|█         | 121/1200 [00:45<08:12,  2.19it/s, buffer=24200, ret=0.00, success=0.00]
Training episodes:  10%|█         | 121/1200 [00:46<08:12,  2.19it/s, buffer=24400, ret=0.00, success=0.00]
Training episodes:  10%|█         | 122/1200 [00:46<08:15,  2.17it/s, buffer=24400, ret=0.00, success=0.00]
Training episodes:  10%|█         | 122/1200 [00:46<08:15,  2.17it/s, buffer=24600, ret=0.00, success=0.00]
Training episodes:  10%|█         | 123/1200 [00:46<08:13,  2.18it/s, buffer=24600, ret=0.00, success=0.00]
Training episodes:  10%|█         | 123/1200 [00:47<08:13,  2.18it/s, buffer=24800, ret=0.00, success=0.00]
Training episodes:  10%|█         | 124/1200 [00:47<08:16,  2.17it/s, buffer=24800, ret=0.00, success=0.00]
Training episodes:  10%|█         | 124/1200 [00:47<08:16,  2.17it/s, buffer=25000, ret=0.00, success=0.00]
Training episodes:  10%|█         | 125/1200 [00:47<08:18,  2.16it/s, buffer=25000, ret=0.00, success=0.00]
Training episodes:  10%|█         | 125/1200 [00:48<08:18,  2.16it/s, buffer=25200, ret=0.00, success=0.00]
Training episodes:  10%|█         | 126/1200 [00:48<08:16,  2.16it/s, buffer=25200, ret=0.00, success=0.00]
Training episodes:  10%|█         | 126/1200 [00:48<08:16,  2.16it/s, buffer=25400, ret=0.00, success=0.00]
Training episodes:  11%|█         | 127/1200 [00:48<08:12,  2.18it/s, buffer=25400, ret=0.00, success=0.00]
Training episodes:  11%|█         | 127/1200 [00:49<08:12,  2.18it/s, buffer=25600, ret=0.00, success=0.00]
Training episodes:  11%|█         | 128/1200 [00:49<08:12,  2.17it/s, buffer=25600, ret=0.00, success=0.00]
Training episodes:  11%|█         | 128/1200 [00:49<08:12,  2.17it/s, buffer=25800, ret=0.00, success=0.00]
Training episodes:  11%|█         | 129/1200 [00:49<08:13,  2.17it/s, buffer=25800, ret=0.00, success=0.00]
Training episodes:  11%|█         | 129/1200 [00:49<08:13,  2.17it/s, buffer=26000, ret=0.00, success=0.00]
Training episodes:  11%|█         | 130/1200 [00:49<08:14,  2.16it/s, buffer=26000, ret=0.00, success=0.00]
Training episodes:  11%|█         | 130/1200 [00:50<08:14,  2.16it/s, buffer=26200, ret=0.00, success=0.00]
Training episodes:  11%|█         | 131/1200 [00:50<08:11,  2.17it/s, buffer=26200, ret=0.00, success=0.00]
Training episodes:  11%|█         | 131/1200 [00:50<08:11,  2.17it/s, buffer=26400, ret=0.00, success=0.00]
Training episodes:  11%|█         | 132/1200 [00:50<08:05,  2.20it/s, buffer=26400, ret=0.00, success=0.00]
Training episodes:  11%|█         | 132/1200 [00:51<08:05,  2.20it/s, buffer=26600, ret=0.00, success=0.00]
Training episodes:  11%|█         | 133/1200 [00:51<07:59,  2.22it/s, buffer=26600, ret=0.00, success=0.00]
Training episodes:  11%|█         | 133/1200 [00:51<07:59,  2.22it/s, buffer=26800, ret=0.00, success=0.00]
Training episodes:  11%|█         | 134/1200 [00:51<08:00,  2.22it/s, buffer=26800, ret=0.00, success=0.00]
Training episodes:  11%|█         | 134/1200 [00:52<08:00,  2.22it/s, buffer=27000, ret=0.00, success=0.00]
Training episodes:  11%|█▏        | 135/1200 [00:52<08:10,  2.17it/s, buffer=27000, ret=0.00, success=0.00]
Training episodes:  11%|█▏        | 135/1200 [00:52<08:10,  2.17it/s, buffer=27200, ret=0.00, success=0.00]
Training episodes:  11%|█▏        | 136/1200 [00:52<08:04,  2.19it/s, buffer=27200, ret=0.00, success=0.00]
Training episodes:  11%|█▏        | 136/1200 [00:53<08:04,  2.19it/s, buffer=27400, ret=0.00, success=0.00]
Training episodes:  11%|█▏        | 137/1200 [00:53<07:57,  2.23it/s, buffer=27400, ret=0.00, success=0.00]
Training episodes:  11%|█▏        | 137/1200 [00:53<07:57,  2.23it/s, buffer=27600, ret=0.00, success=0.00]
Training episodes:  12%|█▏        | 138/1200 [00:53<07:55,  2.23it/s, buffer=27600, ret=0.00, success=0.00]
Training episodes:  12%|█▏        | 138/1200 [00:54<07:55,  2.23it/s, buffer=27800, ret=0.00, success=0.00]
Training episodes:  12%|█▏        | 139/1200 [00:54<07:58,  2.22it/s, buffer=27800, ret=0.00, success=0.00]
Training episodes:  12%|█▏        | 139/1200 [00:54<07:58,  2.22it/s, buffer=28000, ret=0.00, success=0.00]
Training episodes:  12%|█▏        | 140/1200 [00:54<08:04,  2.19it/s, buffer=28000, ret=0.00, success=0.00]
Training episodes:  12%|█▏        | 140/1200 [00:54<08:04,  2.19it/s, buffer=28200, ret=0.00, success=0.00]
Training episodes:  12%|█▏        | 141/1200 [00:54<08:06,  2.18it/s, buffer=28200, ret=0.00, success=0.00]
Training episodes:  12%|█▏        | 141/1200 [00:55<08:06,  2.18it/s, buffer=28400, ret=0.00, success=0.00]
Training episodes:  12%|█▏        | 142/1200 [00:55<08:06,  2.17it/s, buffer=28400, ret=0.00, success=0.00]
Training episodes:  12%|█▏        | 142/1200 [00:55<08:06,  2.17it/s, buffer=28600, ret=0.00, success=0.00]
Training episodes:  12%|█▏        | 143/1200 [00:55<07:59,  2.21it/s, buffer=28600, ret=0.00, success=0.00]
Training episodes:  12%|█▏        | 143/1200 [00:56<07:59,  2.21it/s, buffer=28800, ret=0.00, success=0.00]
Training episodes:  12%|█▏        | 144/1200 [00:56<08:01,  2.19it/s, buffer=28800, ret=0.00, success=0.00]
Training episodes:  12%|█▏        | 144/1200 [00:56<08:01,  2.19it/s, buffer=29000, ret=0.00, success=0.00]
Training episodes:  12%|█▏        | 145/1200 [00:56<07:57,  2.21it/s, buffer=29000, ret=0.00, success=0.00]
Training episodes:  12%|█▏        | 145/1200 [00:57<07:57,  2.21it/s, buffer=29200, ret=0.00, success=0.00]
Training episodes:  12%|█▏        | 146/1200 [00:57<07:51,  2.23it/s, buffer=29200, ret=0.00, success=0.00]
Training episodes:  12%|█▏        | 146/1200 [00:57<07:51,  2.23it/s, buffer=29400, ret=0.00, success=0.00]
Training episodes:  12%|█▏        | 147/1200 [00:57<07:58,  2.20it/s, buffer=29400, ret=0.00, success=0.00]
Training episodes:  12%|█▏        | 147/1200 [00:58<07:58,  2.20it/s, buffer=29600, ret=0.00, success=0.00]
Training episodes:  12%|█▏        | 148/1200 [00:58<07:51,  2.23it/s, buffer=29600, ret=0.00, success=0.00]
Training episodes:  12%|█▏        | 148/1200 [00:58<07:51,  2.23it/s, buffer=29800, ret=0.00, success=0.00]
Training episodes:  12%|█▏        | 149/1200 [00:58<07:50,  2.23it/s, buffer=29800, ret=0.00, success=0.00]
Training episodes:  12%|█▏        | 149/1200 [00:59<07:50,  2.23it/s, buffer=3e+4, ret=0.00, success=0.00] wandb: WARNING `fps` argument does not affect the frame rate of the video when providing a file path or raw bytes.

Training episodes:  12%|█▎        | 150/1200 [00:59<10:36,  1.65it/s, buffer=3e+4, ret=0.00, success=0.00]
Training episodes:  12%|█▎        | 150/1200 [01:00<10:36,  1.65it/s, buffer=30200, ret=0.00, success=0.00]
Training episodes:  13%|█▎        | 151/1200 [01:00<09:55,  1.76it/s, buffer=30200, ret=0.00, success=0.00]
Training episodes:  13%|█▎        | 151/1200 [01:00<09:55,  1.76it/s, buffer=30400, ret=0.00, success=0.00]
Training episodes:  13%|█▎        | 152/1200 [01:00<09:15,  1.89it/s, buffer=30400, ret=0.00, success=0.00]
Training episodes:  13%|█▎        | 152/1200 [01:00<09:15,  1.89it/s, buffer=30600, ret=0.00, success=0.00]
Training episodes:  13%|█▎        | 153/1200 [01:00<08:51,  1.97it/s, buffer=30600, ret=0.00, success=0.00]
Training episodes:  13%|█▎        | 153/1200 [01:01<08:51,  1.97it/s, buffer=30800, ret=0.00, success=0.00]
Training episodes:  13%|█▎        | 154/1200 [01:01<08:34,  2.03it/s, buffer=30800, ret=0.00, success=0.00]
Training episodes:  13%|█▎        | 154/1200 [01:01<08:34,  2.03it/s, buffer=31000, ret=0.00, success=0.00]
Training episodes:  13%|█▎        | 155/1200 [01:01<08:21,  2.08it/s, buffer=31000, ret=0.00, success=0.00]
Training episodes:  13%|█▎        | 155/1200 [01:02<08:21,  2.08it/s, buffer=31200, ret=0.00, success=0.00]
Training episodes:  13%|█▎        | 156/1200 [01:02<08:10,  2.13it/s, buffer=31200, ret=0.00, success=0.00]
Training episodes:  13%|█▎        | 156/1200 [01:02<08:10,  2.13it/s, buffer=31400, ret=0.00, success=0.00]
Training episodes:  13%|█▎        | 157/1200 [01:02<08:05,  2.15it/s, buffer=31400, ret=0.00, success=0.00]
Training episodes:  13%|█▎        | 157/1200 [01:03<08:05,  2.15it/s, buffer=31600, ret=0.00, success=0.00]
Training episodes:  13%|█▎        | 158/1200 [01:03<07:58,  2.18it/s, buffer=31600, ret=0.00, success=0.00]
Training episodes:  13%|█▎        | 158/1200 [01:03<07:58,  2.18it/s, buffer=31800, ret=0.00, success=0.00]
Training episodes:  13%|█▎        | 159/1200 [01:03<08:00,  2.17it/s, buffer=31800, ret=0.00, success=0.00]
Training episodes:  13%|█▎        | 159/1200 [01:04<08:00,  2.17it/s, buffer=32000, ret=0.00, success=0.00]
Training episodes:  13%|█▎        | 160/1200 [01:04<08:04,  2.15it/s, buffer=32000, ret=0.00, success=0.00]
Training episodes:  13%|█▎        | 160/1200 [01:04<08:04,  2.15it/s, buffer=32200, ret=0.00, success=0.00]
Training episodes:  13%|█▎        | 161/1200 [01:04<08:00,  2.16it/s, buffer=32200, ret=0.00, success=0.00]
Training episodes:  13%|█▎        | 161/1200 [01:05<08:00,  2.16it/s, buffer=32400, ret=0.00, success=0.00]
Training episodes:  14%|█▎        | 162/1200 [01:05<07:57,  2.17it/s, buffer=32400, ret=0.00, success=0.00]
Training episodes:  14%|█▎        | 162/1200 [01:05<07:57,  2.17it/s, buffer=32600, ret=0.00, success=0.00]
Training episodes:  14%|█▎        | 163/1200 [01:05<07:52,  2.19it/s, buffer=32600, ret=0.00, success=0.00]
Training episodes:  14%|█▎        | 163/1200 [01:05<07:52,  2.19it/s, buffer=32800, ret=0.00, success=0.00]
Training episodes:  14%|█▎        | 164/1200 [01:05<07:56,  2.17it/s, buffer=32800, ret=0.00, success=0.00]
Training episodes:  14%|█▎        | 164/1200 [01:06<07:56,  2.17it/s, buffer=33000, ret=0.00, success=0.00]
Training episodes:  14%|█▍        | 165/1200 [01:06<07:57,  2.17it/s, buffer=33000, ret=0.00, success=0.00]
Training episodes:  14%|█▍        | 165/1200 [01:06<07:57,  2.17it/s, buffer=33200, ret=0.00, success=0.00]
Training episodes:  14%|█▍        | 166/1200 [01:06<08:00,  2.15it/s, buffer=33200, ret=0.00, success=0.00]
Training episodes:  14%|█▍        | 166/1200 [01:07<08:00,  2.15it/s, buffer=33400, ret=0.00, success=0.00]
Training episodes:  14%|█▍        | 167/1200 [01:07<07:55,  2.17it/s, buffer=33400, ret=0.00, success=0.00]
Training episodes:  14%|█▍        | 167/1200 [01:07<07:55,  2.17it/s, buffer=33600, ret=0.00, success=0.00]
Training episodes:  14%|█▍        | 168/1200 [01:07<07:55,  2.17it/s, buffer=33600, ret=0.00, success=0.00]
Training episodes:  14%|█▍        | 168/1200 [01:08<07:55,  2.17it/s, buffer=33800, ret=0.00, success=0.00]
Training episodes:  14%|█▍        | 169/1200 [01:08<07:55,  2.17it/s, buffer=33800, ret=0.00, success=0.00]
Training episodes:  14%|█▍        | 169/1200 [01:08<07:55,  2.17it/s, buffer=34000, ret=0.00, success=0.00]
Training episodes:  14%|█▍        | 170/1200 [01:08<07:55,  2.17it/s, buffer=34000, ret=0.00, success=0.00]
Training episodes:  14%|█▍        | 170/1200 [01:09<07:55,  2.17it/s, buffer=34200, ret=0.00, success=0.00]
Training episodes:  14%|█▍        | 171/1200 [01:09<07:50,  2.19it/s, buffer=34200, ret=0.00, success=0.00]
Training episodes:  14%|█▍        | 171/1200 [01:09<07:50,  2.19it/s, buffer=34400, ret=0.00, success=0.00]
Training episodes:  14%|█▍        | 172/1200 [01:09<07:51,  2.18it/s, buffer=34400, ret=0.00, success=0.00]
Training episodes:  14%|█▍        | 172/1200 [01:10<07:51,  2.18it/s, buffer=34600, ret=0.00, success=0.00]
Training episodes:  14%|█▍        | 173/1200 [01:10<07:55,  2.16it/s, buffer=34600, ret=0.00, success=0.00]
Training episodes:  14%|█▍        | 173/1200 [01:10<07:55,  2.16it/s, buffer=34800, ret=0.00, success=0.00]
Training episodes:  14%|█▍        | 174/1200 [01:10<07:53,  2.17it/s, buffer=34800, ret=0.00, success=0.00]
Training episodes:  14%|█▍        | 174/1200 [01:10<07:53,  2.17it/s, buffer=35000, ret=0.00, success=0.00]
Training episodes:  15%|█▍        | 175/1200 [01:10<07:50,  2.18it/s, buffer=35000, ret=0.00, success=0.00]
Training episodes:  15%|█▍        | 175/1200 [01:11<07:50,  2.18it/s, buffer=35200, ret=0.00, success=0.00]
Training episodes:  15%|█▍        | 176/1200 [01:11<07:48,  2.19it/s, buffer=35200, ret=0.00, success=0.00]
Training episodes:  15%|█▍        | 176/1200 [01:11<07:48,  2.19it/s, buffer=35400, ret=0.00, success=0.00]
Training episodes:  15%|█▍        | 177/1200 [01:11<07:43,  2.21it/s, buffer=35400, ret=0.00, success=0.00]
Training episodes:  15%|█▍        | 177/1200 [01:12<07:43,  2.21it/s, buffer=35600, ret=0.00, success=0.00]
Training episodes:  15%|█▍        | 178/1200 [01:12<07:41,  2.21it/s, buffer=35600, ret=0.00, success=0.00]
Training episodes:  15%|█▍        | 178/1200 [01:12<07:41,  2.21it/s, buffer=35800, ret=0.00, success=0.00]
Training episodes:  15%|█▍        | 179/1200 [01:12<07:44,  2.20it/s, buffer=35800, ret=0.00, success=0.00]
Training episodes:  15%|█▍        | 179/1200 [01:13<07:44,  2.20it/s, buffer=36000, ret=0.00, success=0.00]
Training episodes:  15%|█▌        | 180/1200 [01:13<07:40,  2.21it/s, buffer=36000, ret=0.00, success=0.00]
Training episodes:  15%|█▌        | 180/1200 [01:13<07:40,  2.21it/s, buffer=36200, ret=0.00, success=0.00]
Training episodes:  15%|█▌        | 181/1200 [01:13<07:37,  2.23it/s, buffer=36200, ret=0.00, success=0.00]
Training episodes:  15%|█▌        | 181/1200 [01:14<07:37,  2.23it/s, buffer=36400, ret=0.00, success=0.00]
Training episodes:  15%|█▌        | 182/1200 [01:14<07:34,  2.24it/s, buffer=36400, ret=0.00, success=0.00]
Training episodes:  15%|█▌        | 182/1200 [01:14<07:34,  2.24it/s, buffer=36600, ret=0.00, success=0.00]
Training episodes:  15%|█▌        | 183/1200 [01:14<07:33,  2.24it/s, buffer=36600, ret=0.00, success=0.00]
Training episodes:  15%|█▌        | 183/1200 [01:15<07:33,  2.24it/s, buffer=36800, ret=0.00, success=0.00]
Training episodes:  15%|█▌        | 184/1200 [01:15<07:31,  2.25it/s, buffer=36800, ret=0.00, success=0.00]
Training episodes:  15%|█▌        | 184/1200 [01:15<07:31,  2.25it/s, buffer=37000, ret=0.00, success=0.00]
Training episodes:  15%|█▌        | 185/1200 [01:15<07:31,  2.25it/s, buffer=37000, ret=0.00, success=0.00]
Training episodes:  15%|█▌        | 185/1200 [01:15<07:31,  2.25it/s, buffer=37200, ret=0.00, success=0.00]
Training episodes:  16%|█▌        | 186/1200 [01:15<07:31,  2.25it/s, buffer=37200, ret=0.00, success=0.00]
Training episodes:  16%|█▌        | 186/1200 [01:16<07:31,  2.25it/s, buffer=37400, ret=0.00, success=0.00]
Training episodes:  16%|█▌        | 187/1200 [01:16<07:30,  2.25it/s, buffer=37400, ret=0.00, success=0.00]
Training episodes:  16%|█▌        | 187/1200 [01:16<07:30,  2.25it/s, buffer=37600, ret=0.00, success=0.00]
Training episodes:  16%|█▌        | 188/1200 [01:16<07:26,  2.27it/s, buffer=37600, ret=0.00, success=0.00]
Training episodes:  16%|█▌        | 188/1200 [01:17<07:26,  2.27it/s, buffer=37800, ret=0.00, success=0.00]
Training episodes:  16%|█▌        | 189/1200 [01:17<07:28,  2.25it/s, buffer=37800, ret=0.00, success=0.00]
Training episodes:  16%|█▌        | 189/1200 [01:17<07:28,  2.25it/s, buffer=38000, ret=0.00, success=0.00]
Training episodes:  16%|█▌        | 190/1200 [01:17<07:28,  2.25it/s, buffer=38000, ret=0.00, success=0.00]
Training episodes:  16%|█▌        | 190/1200 [01:18<07:28,  2.25it/s, buffer=38200, ret=0.00, success=0.00]
Training episodes:  16%|█▌        | 191/1200 [01:18<07:28,  2.25it/s, buffer=38200, ret=0.00, success=0.00]
Training episodes:  16%|█▌        | 191/1200 [01:18<07:28,  2.25it/s, buffer=38400, ret=0.00, success=0.00]
Training episodes:  16%|█▌        | 192/1200 [01:18<07:27,  2.25it/s, buffer=38400, ret=0.00, success=0.00]
Training episodes:  16%|█▌        | 192/1200 [01:19<07:27,  2.25it/s, buffer=38600, ret=0.00, success=0.00]
Training episodes:  16%|█▌        | 193/1200 [01:19<07:30,  2.24it/s, buffer=38600, ret=0.00, success=0.00]
Training episodes:  16%|█▌        | 193/1200 [01:19<07:30,  2.24it/s, buffer=38800, ret=0.00, success=0.00]
Training episodes:  16%|█▌        | 194/1200 [01:19<07:30,  2.23it/s, buffer=38800, ret=0.00, success=0.00]
Training episodes:  16%|█▌        | 194/1200 [01:19<07:30,  2.23it/s, buffer=39000, ret=0.00, success=0.00]
Training episodes:  16%|█▋        | 195/1200 [01:19<07:28,  2.24it/s, buffer=39000, ret=0.00, success=0.00]
Training episodes:  16%|█▋        | 195/1200 [01:20<07:28,  2.24it/s, buffer=39200, ret=0.00, success=0.00]
Training episodes:  16%|█▋        | 196/1200 [01:20<07:29,  2.23it/s, buffer=39200, ret=0.00, success=0.00]
Training episodes:  16%|█▋        | 196/1200 [01:20<07:29,  2.23it/s, buffer=39400, ret=0.00, success=0.00]
Training episodes:  16%|█▋        | 197/1200 [01:20<07:34,  2.21it/s, buffer=39400, ret=0.00, success=0.00]
Training episodes:  16%|█▋        | 197/1200 [01:21<07:34,  2.21it/s, buffer=39600, ret=0.00, success=0.00]
Training episodes:  16%|█▋        | 198/1200 [01:21<07:36,  2.19it/s, buffer=39600, ret=0.00, success=0.00]
Training episodes:  16%|█▋        | 198/1200 [01:21<07:36,  2.19it/s, buffer=39800, ret=0.00, success=0.00]
Training episodes:  17%|█▋        | 199/1200 [01:21<07:36,  2.19it/s, buffer=39800, ret=0.00, success=0.00]
Training episodes:  17%|█▋        | 199/1200 [01:22<07:36,  2.19it/s, buffer=4e+4, ret=0.00, success=0.00] wandb: WARNING `fps` argument does not affect the frame rate of the video when providing a file path or raw bytes.

Training episodes:  17%|█▋        | 200/1200 [01:22<10:18,  1.62it/s, buffer=4e+4, ret=0.00, success=0.00]
Training episodes:  17%|█▋        | 200/1200 [01:23<10:18,  1.62it/s, buffer=40200, ret=0.00, success=0.00]
Training episodes:  17%|█▋        | 201/1200 [01:23<09:29,  1.75it/s, buffer=40200, ret=0.00, success=0.00]
Training episodes:  17%|█▋        | 201/1200 [01:23<09:29,  1.75it/s, buffer=40400, ret=0.00, success=0.00]
Training episodes:  17%|█▋        | 202/1200 [01:23<08:56,  1.86it/s, buffer=40400, ret=0.00, success=0.00]
Training episodes:  17%|█▋        | 202/1200 [01:24<08:56,  1.86it/s, buffer=40600, ret=0.00, success=0.00]
Training episodes:  17%|█▋        | 203/1200 [01:24<08:33,  1.94it/s, buffer=40600, ret=0.00, success=0.00]
Training episodes:  17%|█▋        | 203/1200 [01:24<08:33,  1.94it/s, buffer=40800, ret=0.00, success=0.00]
Training episodes:  17%|█▋        | 204/1200 [01:24<08:14,  2.02it/s, buffer=40800, ret=0.00, success=0.00]
Training episodes:  17%|█▋        | 204/1200 [01:25<08:14,  2.02it/s, buffer=41000, ret=0.00, success=0.00]
Training episodes:  17%|█▋        | 205/1200 [01:25<08:03,  2.06it/s, buffer=41000, ret=0.00, success=0.00]
Training episodes:  17%|█▋        | 205/1200 [01:25<08:03,  2.06it/s, buffer=41200, ret=0.00, success=0.00]
Training episodes:  17%|█▋        | 206/1200 [01:25<07:52,  2.10it/s, buffer=41200, ret=0.00, success=0.00]
Training episodes:  17%|█▋        | 206/1200 [01:25<07:52,  2.10it/s, buffer=41400, ret=0.00, success=0.00]
Training episodes:  17%|█▋        | 207/1200 [01:25<07:45,  2.13it/s, buffer=41400, ret=0.00, success=0.00]
Training episodes:  17%|█▋        | 207/1200 [01:26<07:45,  2.13it/s, buffer=41600, ret=0.00, success=0.00]
Training episodes:  17%|█▋        | 208/1200 [01:26<07:47,  2.12it/s, buffer=41600, ret=0.00, success=0.00]
Training episodes:  17%|█▋        | 208/1200 [01:26<07:47,  2.12it/s, buffer=41800, ret=0.00, success=0.00]
Training episodes:  17%|█▋        | 209/1200 [01:26<07:47,  2.12it/s, buffer=41800, ret=0.00, success=0.00]
Training episodes:  17%|█▋        | 209/1200 [01:27<07:47,  2.12it/s, buffer=42000, ret=0.00, success=0.00]
Training episodes:  18%|█▊        | 210/1200 [01:27<07:42,  2.14it/s, buffer=42000, ret=0.00, success=0.00]
Training episodes:  18%|█▊        | 210/1200 [01:27<07:42,  2.14it/s, buffer=42200, ret=0.00, success=0.00]
Training episodes:  18%|█▊        | 211/1200 [01:27<07:40,  2.15it/s, buffer=42200, ret=0.00, success=0.00]
Training episodes:  18%|█▊        | 211/1200 [01:28<07:40,  2.15it/s, buffer=42400, ret=0.00, success=0.00]
Training episodes:  18%|█▊        | 212/1200 [01:28<07:38,  2.16it/s, buffer=42400, ret=0.00, success=0.00]
Training episodes:  18%|█▊        | 212/1200 [01:28<07:38,  2.16it/s, buffer=42600, ret=0.00, success=0.00]
Training episodes:  18%|█▊        | 213/1200 [01:28<07:35,  2.16it/s, buffer=42600, ret=0.00, success=0.00]
Training episodes:  18%|█▊        | 213/1200 [01:29<07:35,  2.16it/s, buffer=42800, ret=0.00, success=0.00]
Training episodes:  18%|█▊        | 214/1200 [01:29<07:30,  2.19it/s, buffer=42800, ret=0.00, success=0.00]
Training episodes:  18%|█▊        | 214/1200 [01:29<07:30,  2.19it/s, buffer=43000, ret=0.00, success=0.00]
Training episodes:  18%|█▊        | 215/1200 [01:29<07:35,  2.16it/s, buffer=43000, ret=0.00, success=0.00]
Training episodes:  18%|█▊        | 215/1200 [01:30<07:35,  2.16it/s, buffer=43200, ret=0.00, success=0.00]
Training episodes:  18%|█▊        | 216/1200 [01:30<07:34,  2.16it/s, buffer=43200, ret=0.00, success=0.00]
Training episodes:  18%|█▊        | 216/1200 [01:30<07:34,  2.16it/s, buffer=43400, ret=0.00, success=0.00]
Training episodes:  18%|█▊        | 217/1200 [01:30<07:32,  2.17it/s, buffer=43400, ret=0.00, success=0.00]
Training episodes:  18%|█▊        | 217/1200 [01:31<07:32,  2.17it/s, buffer=43600, ret=0.00, success=0.00]
Training episodes:  18%|█▊        | 218/1200 [01:31<07:33,  2.17it/s, buffer=43600, ret=0.00, success=0.00]
Training episodes:  18%|█▊        | 218/1200 [01:31<07:33,  2.17it/s, buffer=43800, ret=0.00, success=0.00]
Training episodes:  18%|█▊        | 219/1200 [01:31<07:32,  2.17it/s, buffer=43800, ret=0.00, success=0.00]
Training episodes:  18%|█▊        | 219/1200 [01:31<07:32,  2.17it/s, buffer=44000, ret=0.00, success=0.00]
Training episodes:  18%|█▊        | 220/1200 [01:31<07:35,  2.15it/s, buffer=44000, ret=0.00, success=0.00]
Training episodes:  18%|█▊        | 220/1200 [01:32<07:35,  2.15it/s, buffer=44200, ret=0.00, success=0.00]
Training episodes:  18%|█▊        | 221/1200 [01:32<07:30,  2.17it/s, buffer=44200, ret=0.00, success=0.00]
Training episodes:  18%|█▊        | 221/1200 [01:32<07:30,  2.17it/s, buffer=44400, ret=0.00, success=0.00]
Training episodes:  18%|█▊        | 222/1200 [01:32<07:34,  2.15it/s, buffer=44400, ret=0.00, success=0.00]
Training episodes:  18%|█▊        | 222/1200 [01:33<07:34,  2.15it/s, buffer=44600, ret=0.00, success=0.00]
Training episodes:  19%|█▊        | 223/1200 [01:33<07:30,  2.17it/s, buffer=44600, ret=0.00, success=0.00]
Training episodes:  19%|█▊        | 223/1200 [01:33<07:30,  2.17it/s, buffer=44800, ret=0.00, success=0.00]
Training episodes:  19%|█▊        | 224/1200 [01:33<07:27,  2.18it/s, buffer=44800, ret=0.00, success=0.00]
Training episodes:  19%|█▊        | 224/1200 [01:34<07:27,  2.18it/s, buffer=45000, ret=0.00, success=0.00]
Training episodes:  19%|█▉        | 225/1200 [01:34<07:26,  2.19it/s, buffer=45000, ret=0.00, success=0.00]
Training episodes:  19%|█▉        | 225/1200 [01:34<07:26,  2.19it/s, buffer=45200, ret=0.00, success=0.00]
Training episodes:  19%|█▉        | 226/1200 [01:34<07:27,  2.18it/s, buffer=45200, ret=0.00, success=0.00]
Training episodes:  19%|█▉        | 226/1200 [01:35<07:27,  2.18it/s, buffer=45400, ret=0.00, success=0.00]
Training episodes:  19%|█▉        | 227/1200 [01:35<07:25,  2.18it/s, buffer=45400, ret=0.00, success=0.00]
Training episodes:  19%|█▉        | 227/1200 [01:35<07:25,  2.18it/s, buffer=45600, ret=0.00, success=0.00]
Training episodes:  19%|█▉        | 228/1200 [01:35<07:22,  2.20it/s, buffer=45600, ret=0.00, success=0.00]
Training episodes:  19%|█▉        | 228/1200 [01:36<07:22,  2.20it/s, buffer=45800, ret=0.00, success=0.00]
Training episodes:  19%|█▉        | 229/1200 [01:36<07:22,  2.20it/s, buffer=45800, ret=0.00, success=0.00]
Training episodes:  19%|█▉        | 229/1200 [01:36<07:22,  2.20it/s, buffer=46000, ret=0.00, success=0.00]
Training episodes:  19%|█▉        | 230/1200 [01:36<07:20,  2.20it/s, buffer=46000, ret=0.00, success=0.00]
Training episodes:  19%|█▉        | 230/1200 [01:36<07:20,  2.20it/s, buffer=46200, ret=0.00, success=0.00]
Training episodes:  19%|█▉        | 231/1200 [01:36<07:17,  2.22it/s, buffer=46200, ret=0.00, success=0.00]
Training episodes:  19%|█▉        | 231/1200 [01:37<07:17,  2.22it/s, buffer=46400, ret=0.00, success=0.00]
Training episodes:  19%|█▉        | 232/1200 [01:37<07:15,  2.22it/s, buffer=46400, ret=0.00, success=0.00]
Training episodes:  19%|█▉        | 232/1200 [01:37<07:15,  2.22it/s, buffer=46600, ret=0.00, success=0.00]
Training episodes:  19%|█▉        | 233/1200 [01:37<07:14,  2.22it/s, buffer=46600, ret=0.00, success=0.00]
Training episodes:  19%|█▉        | 233/1200 [01:38<07:14,  2.22it/s, buffer=46800, ret=0.00, success=0.00]
Training episodes:  20%|█▉        | 234/1200 [01:38<07:13,  2.23it/s, buffer=46800, ret=0.00, success=0.00]
Training episodes:  20%|█▉        | 234/1200 [01:38<07:13,  2.23it/s, buffer=47000, ret=0.00, success=0.00]
Training episodes:  20%|█▉        | 235/1200 [01:38<07:13,  2.23it/s, buffer=47000, ret=0.00, success=0.00]
Training episodes:  20%|█▉        | 235/1200 [01:39<07:13,  2.23it/s, buffer=47200, ret=0.00, success=0.00]
Training episodes:  20%|█▉        | 236/1200 [01:39<07:12,  2.23it/s, buffer=47200, ret=0.00, success=0.00]
Training episodes:  20%|█▉        | 236/1200 [01:39<07:12,  2.23it/s, buffer=47400, ret=0.00, success=0.00]
Training episodes:  20%|█▉        | 237/1200 [01:39<07:11,  2.23it/s, buffer=47400, ret=0.00, success=0.00]
Training episodes:  20%|█▉        | 237/1200 [01:40<07:11,  2.23it/s, buffer=47600, ret=0.00, success=0.00]
Training episodes:  20%|█▉        | 238/1200 [01:40<07:11,  2.23it/s, buffer=47600, ret=0.00, success=0.00]
Training episodes:  20%|█▉        | 238/1200 [01:40<07:11,  2.23it/s, buffer=47800, ret=0.00, success=0.00]
Training episodes:  20%|█▉        | 239/1200 [01:40<07:10,  2.23it/s, buffer=47800, ret=0.00, success=0.00]
Training episodes:  20%|█▉        | 239/1200 [01:41<07:10,  2.23it/s, buffer=48000, ret=0.00, success=0.00]
Training episodes:  20%|██        | 240/1200 [01:41<07:10,  2.23it/s, buffer=48000, ret=0.00, success=0.00]
Training episodes:  20%|██        | 240/1200 [01:41<07:10,  2.23it/s, buffer=48200, ret=0.00, success=0.00]
Training episodes:  20%|██        | 241/1200 [01:41<07:09,  2.23it/s, buffer=48200, ret=0.00, success=0.00]
Training episodes:  20%|██        | 241/1200 [01:41<07:09,  2.23it/s, buffer=48400, ret=0.00, success=0.00]
Training episodes:  20%|██        | 242/1200 [01:41<07:08,  2.23it/s, buffer=48400, ret=0.00, success=0.00]
Training episodes:  20%|██        | 242/1200 [01:42<07:08,  2.23it/s, buffer=48600, ret=0.00, success=0.00]
Training episodes:  20%|██        | 243/1200 [01:42<07:11,  2.22it/s, buffer=48600, ret=0.00, success=0.00]
Training episodes:  20%|██        | 243/1200 [01:42<07:11,  2.22it/s, buffer=48800, ret=0.00, success=0.00]
Training episodes:  20%|██        | 244/1200 [01:42<07:14,  2.20it/s, buffer=48800, ret=0.00, success=0.00]
Training episodes:  20%|██        | 244/1200 [01:43<07:14,  2.20it/s, buffer=49000, ret=0.00, success=0.00]
Training episodes:  20%|██        | 245/1200 [01:43<07:16,  2.19it/s, buffer=49000, ret=0.00, success=0.00]
Training episodes:  20%|██        | 245/1200 [01:43<07:16,  2.19it/s, buffer=49200, ret=0.00, success=0.00]
Training episodes:  20%|██        | 246/1200 [01:43<07:17,  2.18it/s, buffer=49200, ret=0.00, success=0.00]
Training episodes:  20%|██        | 246/1200 [01:44<07:17,  2.18it/s, buffer=49400, ret=0.00, success=0.00]
Training episodes:  21%|██        | 247/1200 [01:44<07:21,  2.16it/s, buffer=49400, ret=0.00, success=0.00]
Training episodes:  21%|██        | 247/1200 [01:44<07:21,  2.16it/s, buffer=49600, ret=0.00, success=0.00]
Training episodes:  21%|██        | 248/1200 [01:44<07:28,  2.12it/s, buffer=49600, ret=0.00, success=0.00]
Training episodes:  21%|██        | 248/1200 [01:45<07:28,  2.12it/s, buffer=49800, ret=0.00, success=0.00]
Training episodes:  21%|██        | 249/1200 [01:45<07:22,  2.15it/s, buffer=49800, ret=0.00, success=0.00]
Training episodes:  21%|██        | 249/1200 [01:45<07:22,  2.15it/s, buffer=5e+4, ret=0.00, success=0.00] wandb: WARNING `fps` argument does not affect the frame rate of the video when providing a file path or raw bytes.

Training episodes:  21%|██        | 250/1200 [01:46<09:54,  1.60it/s, buffer=5e+4, ret=0.00, success=0.00]
Training episodes:  21%|██        | 250/1200 [01:46<09:54,  1.60it/s, buffer=50200, ret=0.00, success=0.00]
Training episodes:  21%|██        | 251/1200 [01:46<09:10,  1.72it/s, buffer=50200, ret=0.00, success=0.00]
Training episodes:  21%|██        | 251/1200 [01:47<09:10,  1.72it/s, buffer=50400, ret=0.00, success=0.00]
Training episodes:  21%|██        | 252/1200 [01:47<08:38,  1.83it/s, buffer=50400, ret=0.00, success=0.00]
Training episodes:  21%|██        | 252/1200 [01:47<08:38,  1.83it/s, buffer=50600, ret=0.00, success=0.00]
Training episodes:  21%|██        | 253/1200 [01:47<08:15,  1.91it/s, buffer=50600, ret=0.00, success=0.00]
Training episodes:  21%|██        | 253/1200 [01:48<08:15,  1.91it/s, buffer=50800, ret=0.00, success=0.00]
Training episodes:  21%|██        | 254/1200 [01:48<07:59,  1.97it/s, buffer=50800, ret=0.00, success=0.00]
Training episodes:  21%|██        | 254/1200 [01:48<07:59,  1.97it/s, buffer=51000, ret=0.00, success=0.00]
Training episodes:  21%|██▏       | 255/1200 [01:48<07:45,  2.03it/s, buffer=51000, ret=0.00, success=0.00]
Training episodes:  21%|██▏       | 255/1200 [01:48<07:45,  2.03it/s, buffer=51200, ret=0.00, success=0.00]
Training episodes:  21%|██▏       | 256/1200 [01:48<07:36,  2.07it/s, buffer=51200, ret=0.00, success=0.00]
Training episodes:  21%|██▏       | 256/1200 [01:49<07:36,  2.07it/s, buffer=51400, ret=0.00, success=0.00]
Training episodes:  21%|██▏       | 257/1200 [01:49<07:27,  2.11it/s, buffer=51400, ret=0.00, success=0.00]
Training episodes:  21%|██▏       | 257/1200 [01:49<07:27,  2.11it/s, buffer=51600, ret=0.00, success=0.00]
Training episodes:  22%|██▏       | 258/1200 [01:49<07:24,  2.12it/s, buffer=51600, ret=0.00, success=0.00]
Training episodes:  22%|██▏       | 258/1200 [01:50<07:24,  2.12it/s, buffer=51800, ret=0.00, success=0.00]
Training episodes:  22%|██▏       | 259/1200 [01:50<07:26,  2.11it/s, buffer=51800, ret=0.00, success=0.00]
Training episodes:  22%|██▏       | 259/1200 [01:50<07:26,  2.11it/s, buffer=52000, ret=0.00, success=0.00]
Training episodes:  22%|██▏       | 260/1200 [01:50<07:23,  2.12it/s, buffer=52000, ret=0.00, success=0.00]
Training episodes:  22%|██▏       | 260/1200 [01:51<07:23,  2.12it/s, buffer=52200, ret=0.00, success=0.00]
Training episodes:  22%|██▏       | 261/1200 [01:51<07:18,  2.14it/s, buffer=52200, ret=0.00, success=0.00]
Training episodes:  22%|██▏       | 261/1200 [01:51<07:18,  2.14it/s, buffer=52400, ret=0.00, success=0.00]
Training episodes:  22%|██▏       | 262/1200 [01:51<07:12,  2.17it/s, buffer=52400, ret=0.00, success=0.00]
Training episodes:  22%|██▏       | 262/1200 [01:52<07:12,  2.17it/s, buffer=52600, ret=0.00, success=0.00]
Training episodes:  22%|██▏       | 263/1200 [01:52<07:08,  2.18it/s, buffer=52600, ret=0.00, success=0.00]
Training episodes:  22%|██▏       | 263/1200 [01:52<07:08,  2.18it/s, buffer=52800, ret=0.00, success=0.00]
Training episodes:  22%|██▏       | 264/1200 [01:52<07:08,  2.18it/s, buffer=52800, ret=0.00, success=0.00]
Training episodes:  22%|██▏       | 264/1200 [01:53<07:08,  2.18it/s, buffer=53000, ret=0.00, success=0.00]
Training episodes:  22%|██▏       | 265/1200 [01:53<07:09,  2.18it/s, buffer=53000, ret=0.00, success=0.00]
Training episodes:  22%|██▏       | 265/1200 [01:53<07:09,  2.18it/s, buffer=53200, ret=0.00, success=0.00]
Training episodes:  22%|██▏       | 266/1200 [01:53<07:06,  2.19it/s, buffer=53200, ret=0.00, success=0.00]
Training episodes:  22%|██▏       | 266/1200 [01:54<07:06,  2.19it/s, buffer=53400, ret=0.00, success=0.00]
Training episodes:  22%|██▏       | 267/1200 [01:54<07:03,  2.21it/s, buffer=53400, ret=0.00, success=0.00]
Training episodes:  22%|██▏       | 267/1200 [01:54<07:03,  2.21it/s, buffer=53600, ret=0.00, success=0.00]
Training episodes:  22%|██▏       | 268/1200 [01:54<07:03,  2.20it/s, buffer=53600, ret=0.00, success=0.00]
Training episodes:  22%|██▏       | 268/1200 [01:54<07:03,  2.20it/s, buffer=53800, ret=0.00, success=0.00]
Training episodes:  22%|██▏       | 269/1200 [01:54<07:02,  2.20it/s, buffer=53800, ret=0.00, success=0.00]
Training episodes:  22%|██▏       | 269/1200 [01:55<07:02,  2.20it/s, buffer=54000, ret=0.00, success=0.00]
Training episodes:  22%|██▎       | 270/1200 [01:55<07:02,  2.20it/s, buffer=54000, ret=0.00, success=0.00]
Training episodes:  22%|██▎       | 270/1200 [01:55<07:02,  2.20it/s, buffer=54200, ret=0.00, success=0.00]
Training episodes:  23%|██▎       | 271/1200 [01:55<07:00,  2.21it/s, buffer=54200, ret=0.00, success=0.00]
Training episodes:  23%|██▎       | 271/1200 [01:56<07:00,  2.21it/s, buffer=54400, ret=0.00, success=0.00]
Training episodes:  23%|██▎       | 272/1200 [01:56<06:59,  2.21it/s, buffer=54400, ret=0.00, success=0.00]
Training episodes:  23%|██▎       | 272/1200 [01:56<06:59,  2.21it/s, buffer=54600, ret=0.00, success=0.00]
Training episodes:  23%|██▎       | 273/1200 [01:56<07:00,  2.20it/s, buffer=54600, ret=0.00, success=0.00]
Training episodes:  23%|██▎       | 273/1200 [01:57<07:00,  2.20it/s, buffer=54800, ret=0.00, success=0.00]
Training episodes:  23%|██▎       | 274/1200 [01:57<07:02,  2.19it/s, buffer=54800, ret=0.00, success=0.00]
Training episodes:  23%|██▎       | 274/1200 [01:57<07:02,  2.19it/s, buffer=55000, ret=0.00, success=0.00]
Training episodes:  23%|██▎       | 275/1200 [01:57<07:07,  2.16it/s, buffer=55000, ret=0.00, success=0.00]
Training episodes:  23%|██▎       | 275/1200 [01:58<07:07,  2.16it/s, buffer=55200, ret=0.00, success=0.00]
Training episodes:  23%|██▎       | 276/1200 [01:58<07:13,  2.13it/s, buffer=55200, ret=0.00, success=0.00]
Training episodes:  23%|██▎       | 276/1200 [01:58<07:13,  2.13it/s, buffer=55400, ret=0.00, success=0.00]
Training episodes:  23%|██▎       | 277/1200 [01:58<07:16,  2.11it/s, buffer=55400, ret=0.00, success=0.00]
Training episodes:  23%|██▎       | 277/1200 [01:59<07:16,  2.11it/s, buffer=55600, ret=0.00, success=0.00]
Training episodes:  23%|██▎       | 278/1200 [01:59<07:10,  2.14it/s, buffer=55600, ret=0.00, success=0.00]
Training episodes:  23%|██▎       | 278/1200 [01:59<07:10,  2.14it/s, buffer=55800, ret=0.00, success=0.00]
Training episodes:  23%|██▎       | 279/1200 [01:59<07:07,  2.16it/s, buffer=55800, ret=0.00, success=0.00]
Training episodes:  23%|██▎       | 279/1200 [02:00<07:07,  2.16it/s, buffer=56000, ret=0.00, success=0.00]
Training episodes:  23%|██▎       | 280/1200 [02:00<07:12,  2.13it/s, buffer=56000, ret=0.00, success=0.00]
Training episodes:  23%|██▎       | 280/1200 [02:00<07:12,  2.13it/s, buffer=56200, ret=0.00, success=0.00]
Training episodes:  23%|██▎       | 281/1200 [02:00<07:13,  2.12it/s, buffer=56200, ret=0.00, success=0.00]
Training episodes:  23%|██▎       | 281/1200 [02:00<07:13,  2.12it/s, buffer=56400, ret=0.00, success=0.00]
Training episodes:  24%|██▎       | 282/1200 [02:00<07:06,  2.15it/s, buffer=56400, ret=0.00, success=0.00]
Training episodes:  24%|██▎       | 282/1200 [02:01<07:06,  2.15it/s, buffer=56600, ret=0.00, success=0.00]
Training episodes:  24%|██▎       | 283/1200 [02:01<07:03,  2.16it/s, buffer=56600, ret=0.00, success=0.00]
Training episodes:  24%|██▎       | 283/1200 [02:01<07:03,  2.16it/s, buffer=56800, ret=0.00, success=0.00]
Training episodes:  24%|██▎       | 284/1200 [02:01<06:59,  2.18it/s, buffer=56800, ret=0.00, success=0.00]
Training episodes:  24%|██▎       | 284/1200 [02:02<06:59,  2.18it/s, buffer=57000, ret=0.00, success=0.00]
Training episodes:  24%|██▍       | 285/1200 [02:02<07:00,  2.18it/s, buffer=57000, ret=0.00, success=0.00]
Training episodes:  24%|██▍       | 285/1200 [02:02<07:00,  2.18it/s, buffer=57200, ret=0.00, success=0.00]
Training episodes:  24%|██▍       | 286/1200 [02:02<06:57,  2.19it/s, buffer=57200, ret=0.00, success=0.00]
Training episodes:  24%|██▍       | 286/1200 [02:03<06:57,  2.19it/s, buffer=57400, ret=0.00, success=0.00]
Training episodes:  24%|██▍       | 287/1200 [02:03<06:56,  2.19it/s, buffer=57400, ret=0.00, success=0.00]
Training episodes:  24%|██▍       | 287/1200 [02:03<06:56,  2.19it/s, buffer=57600, ret=0.00, success=0.00]
Training episodes:  24%|██▍       | 288/1200 [02:03<06:54,  2.20it/s, buffer=57600, ret=0.00, success=0.00]
Training episodes:  24%|██▍       | 288/1200 [02:04<06:54,  2.20it/s, buffer=57800, ret=0.00, success=0.00]
Training episodes:  24%|██▍       | 289/1200 [02:04<06:51,  2.21it/s, buffer=57800, ret=0.00, success=0.00]
Training episodes:  24%|██▍       | 289/1200 [02:04<06:51,  2.21it/s, buffer=58000, ret=0.00, success=0.00]
Training episodes:  24%|██▍       | 290/1200 [02:04<06:50,  2.22it/s, buffer=58000, ret=0.00, success=0.00]
Training episodes:  24%|██▍       | 290/1200 [02:05<06:50,  2.22it/s, buffer=58200, ret=0.00, success=0.00]
Training episodes:  24%|██▍       | 291/1200 [02:05<06:50,  2.21it/s, buffer=58200, ret=0.00, success=0.00]
Training episodes:  24%|██▍       | 291/1200 [02:05<06:50,  2.21it/s, buffer=58400, ret=0.00, success=0.00]
Training episodes:  24%|██▍       | 292/1200 [02:05<06:50,  2.21it/s, buffer=58400, ret=0.00, success=0.00]
Training episodes:  24%|██▍       | 292/1200 [02:05<06:50,  2.21it/s, buffer=58600, ret=0.00, success=0.00]
Training episodes:  24%|██▍       | 293/1200 [02:05<06:49,  2.22it/s, buffer=58600, ret=0.00, success=0.00]
Training episodes:  24%|██▍       | 293/1200 [02:06<06:49,  2.22it/s, buffer=58800, ret=0.00, success=0.00]
Training episodes:  24%|██▍       | 294/1200 [02:06<06:48,  2.22it/s, buffer=58800, ret=0.00, success=0.00]
Training episodes:  24%|██▍       | 294/1200 [02:06<06:48,  2.22it/s, buffer=59000, ret=0.00, success=0.00]
Training episodes:  25%|██▍       | 295/1200 [02:06<06:49,  2.21it/s, buffer=59000, ret=0.00, success=0.00]
Training episodes:  25%|██▍       | 295/1200 [02:07<06:49,  2.21it/s, buffer=59200, ret=0.00, success=0.00]
Training episodes:  25%|██▍       | 296/1200 [02:07<06:52,  2.19it/s, buffer=59200, ret=0.00, success=0.00]
Training episodes:  25%|██▍       | 296/1200 [02:07<06:52,  2.19it/s, buffer=59400, ret=0.00, success=0.00]
Training episodes:  25%|██▍       | 297/1200 [02:07<06:49,  2.21it/s, buffer=59400, ret=0.00, success=0.00]
Training episodes:  25%|██▍       | 297/1200 [02:08<06:49,  2.21it/s, buffer=59600, ret=0.00, success=0.00]
Training episodes:  25%|██▍       | 298/1200 [02:08<06:48,  2.21it/s, buffer=59600, ret=0.00, success=0.00]
Training episodes:  25%|██▍       | 298/1200 [02:08<06:48,  2.21it/s, buffer=59800, ret=0.00, success=0.00]
Training episodes:  25%|██▍       | 299/1200 [02:08<06:45,  2.22it/s, buffer=59800, ret=0.00, success=0.00]
Training episodes:  25%|██▍       | 299/1200 [02:09<06:45,  2.22it/s, buffer=6e+4, ret=0.00, success=0.00] wandb: WARNING `fps` argument does not affect the frame rate of the video when providing a file path or raw bytes.

Training episodes:  25%|██▌       | 300/1200 [02:09<09:13,  1.62it/s, buffer=6e+4, ret=0.00, success=0.00]
Training episodes:  25%|██▌       | 300/1200 [02:10<09:13,  1.62it/s, buffer=60200, ret=0.00, success=0.00]
Training episodes:  25%|██▌       | 301/1200 [02:10<08:30,  1.76it/s, buffer=60200, ret=0.00, success=0.00]
Training episodes:  25%|██▌       | 301/1200 [02:10<08:30,  1.76it/s, buffer=60400, ret=0.00, success=0.00]
Training episodes:  25%|██▌       | 302/1200 [02:10<07:57,  1.88it/s, buffer=60400, ret=0.00, success=0.00]
Training episodes:  25%|██▌       | 302/1200 [02:10<07:57,  1.88it/s, buffer=60600, ret=0.00, success=0.00]
Training episodes:  25%|██▌       | 303/1200 [02:10<07:34,  1.97it/s, buffer=60600, ret=0.00, success=0.00]
Training episodes:  25%|██▌       | 303/1200 [02:11<07:34,  1.97it/s, buffer=60800, ret=0.00, success=0.00]
Training episodes:  25%|██▌       | 304/1200 [02:11<07:19,  2.04it/s, buffer=60800, ret=0.00, success=0.00]
Training episodes:  25%|██▌       | 304/1200 [02:11<07:19,  2.04it/s, buffer=61000, ret=0.00, success=0.00]
Training episodes:  25%|██▌       | 305/1200 [02:11<07:08,  2.09it/s, buffer=61000, ret=0.00, success=0.00]
Training episodes:  25%|██▌       | 305/1200 [02:12<07:08,  2.09it/s, buffer=61200, ret=0.00, success=0.00]
Training episodes:  26%|██▌       | 306/1200 [02:12<07:01,  2.12it/s, buffer=61200, ret=0.00, success=0.00]
Training episodes:  26%|██▌       | 306/1200 [02:12<07:01,  2.12it/s, buffer=61400, ret=0.00, success=0.00]
Training episodes:  26%|██▌       | 307/1200 [02:12<06:56,  2.15it/s, buffer=61400, ret=0.00, success=0.00]
Training episodes:  26%|██▌       | 307/1200 [02:13<06:56,  2.15it/s, buffer=61600, ret=0.00, success=0.00]
Training episodes:  26%|██▌       | 308/1200 [02:13<06:50,  2.17it/s, buffer=61600, ret=0.00, success=0.00]
Training episodes:  26%|██▌       | 308/1200 [02:13<06:50,  2.17it/s, buffer=61800, ret=0.00, success=0.00]
Training episodes:  26%|██▌       | 309/1200 [02:13<06:49,  2.18it/s, buffer=61800, ret=0.00, success=0.00]
Training episodes:  26%|██▌       | 309/1200 [02:14<06:49,  2.18it/s, buffer=62000, ret=0.00, success=0.00]
Training episodes:  26%|██▌       | 310/1200 [02:14<06:46,  2.19it/s, buffer=62000, ret=0.00, success=0.00]
Training episodes:  26%|██▌       | 310/1200 [02:14<06:46,  2.19it/s, buffer=62200, ret=0.00, success=0.00]
Training episodes:  26%|██▌       | 311/1200 [02:14<06:45,  2.19it/s, buffer=62200, ret=0.00, success=0.00]
Training episodes:  26%|██▌       | 311/1200 [02:15<06:45,  2.19it/s, buffer=62400, ret=0.00, success=0.00]
Training episodes:  26%|██▌       | 312/1200 [02:15<06:46,  2.19it/s, buffer=62400, ret=0.00, success=0.00]
Training episodes:  26%|██▌       | 312/1200 [02:15<06:46,  2.19it/s, buffer=62600, ret=0.00, success=0.00]
Training episodes:  26%|██▌       | 313/1200 [02:15<06:45,  2.19it/s, buffer=62600, ret=0.00, success=0.00]
Training episodes:  26%|██▌       | 313/1200 [02:15<06:45,  2.19it/s, buffer=62800, ret=0.00, success=0.00]
Training episodes:  26%|██▌       | 314/1200 [02:15<06:44,  2.19it/s, buffer=62800, ret=0.00, success=0.00]
Training episodes:  26%|██▌       | 314/1200 [02:16<06:44,  2.19it/s, buffer=63000, ret=0.00, success=0.00]
Training episodes:  26%|██▋       | 315/1200 [02:16<06:43,  2.19it/s, buffer=63000, ret=0.00, success=0.00]
Training episodes:  26%|██▋       | 315/1200 [02:16<06:43,  2.19it/s, buffer=63200, ret=0.00, success=0.00]
Training episodes:  26%|██▋       | 316/1200 [02:16<06:43,  2.19it/s, buffer=63200, ret=0.00, success=0.00]
Training episodes:  26%|██▋       | 316/1200 [02:17<06:43,  2.19it/s, buffer=63400, ret=0.00, success=0.00]
Training episodes:  26%|██▋       | 317/1200 [02:17<06:44,  2.18it/s, buffer=63400, ret=0.00, success=0.00]
Training episodes:  26%|██▋       | 317/1200 [02:17<06:44,  2.18it/s, buffer=63600, ret=0.00, success=0.00]
Training episodes:  26%|██▋       | 318/1200 [02:17<06:47,  2.17it/s, buffer=63600, ret=0.00, success=0.00]
Training episodes:  26%|██▋       | 318/1200 [02:18<06:47,  2.17it/s, buffer=63800, ret=0.00, success=0.00]
Training episodes:  27%|██▋       | 319/1200 [02:18<06:44,  2.18it/s, buffer=63800, ret=0.00, success=0.00]
Training episodes:  27%|██▋       | 319/1200 [02:18<06:44,  2.18it/s, buffer=64000, ret=0.00, success=0.00]
Training episodes:  27%|██▋       | 320/1200 [02:18<06:42,  2.19it/s, buffer=64000, ret=0.00, success=0.00]
Training episodes:  27%|██▋       | 320/1200 [02:19<06:42,  2.19it/s, buffer=64200, ret=0.00, success=0.00]
Training episodes:  27%|██▋       | 321/1200 [02:19<06:40,  2.20it/s, buffer=64200, ret=0.00, success=0.00]
Training episodes:  27%|██▋       | 321/1200 [02:19<06:40,  2.20it/s, buffer=64400, ret=0.00, success=0.00]
Training episodes:  27%|██▋       | 322/1200 [02:19<06:38,  2.21it/s, buffer=64400, ret=0.00, success=0.00]
Training episodes:  27%|██▋       | 322/1200 [02:20<06:38,  2.21it/s, buffer=64600, ret=0.00, success=0.00]
Training episodes:  27%|██▋       | 323/1200 [02:20<06:38,  2.20it/s, buffer=64600, ret=0.00, success=0.00]
Training episodes:  27%|██▋       | 323/1200 [02:20<06:38,  2.20it/s, buffer=64800, ret=0.00, success=0.00]
Training episodes:  27%|██▋       | 324/1200 [02:20<06:37,  2.20it/s, buffer=64800, ret=0.00, success=0.00]
Training episodes:  27%|██▋       | 324/1200 [02:21<06:37,  2.20it/s, buffer=65000, ret=0.00, success=0.00]
Training episodes:  27%|██▋       | 325/1200 [02:21<06:41,  2.18it/s, buffer=65000, ret=0.00, success=0.00]
Training episodes:  27%|██▋       | 325/1200 [02:21<06:41,  2.18it/s, buffer=65200, ret=0.00, success=0.00]
Training episodes:  27%|██▋       | 326/1200 [02:21<06:40,  2.18it/s, buffer=65200, ret=0.00, success=0.00]
Training episodes:  27%|██▋       | 326/1200 [02:21<06:40,  2.18it/s, buffer=65400, ret=0.00, success=0.00]
Training episodes:  27%|██▋       | 327/1200 [02:21<06:42,  2.17it/s, buffer=65400, ret=0.00, success=0.00]
Training episodes:  27%|██▋       | 327/1200 [02:22<06:42,  2.17it/s, buffer=65600, ret=0.00, success=0.00]
Training episodes:  27%|██▋       | 328/1200 [02:22<06:46,  2.15it/s, buffer=65600, ret=0.00, success=0.00]
Training episodes:  27%|██▋       | 328/1200 [02:22<06:46,  2.15it/s, buffer=65800, ret=0.00, success=0.00]
Training episodes:  27%|██▋       | 329/1200 [02:22<06:43,  2.16it/s, buffer=65800, ret=0.00, success=0.00]
Training episodes:  27%|██▋       | 329/1200 [02:23<06:43,  2.16it/s, buffer=66000, ret=0.00, success=0.00]
Training episodes:  28%|██▊       | 330/1200 [02:23<06:44,  2.15it/s, buffer=66000, ret=0.00, success=0.00]
Training episodes:  28%|██▊       | 330/1200 [02:23<06:44,  2.15it/s, buffer=66200, ret=0.00, success=0.00]
Training episodes:  28%|██▊       | 331/1200 [02:23<06:44,  2.15it/s, buffer=66200, ret=0.00, success=0.00]
Training episodes:  28%|██▊       | 331/1200 [02:24<06:44,  2.15it/s, buffer=66400, ret=0.00, success=0.00]
Training episodes:  28%|██▊       | 332/1200 [02:24<06:43,  2.15it/s, buffer=66400, ret=0.00, success=0.00]
Training episodes:  28%|██▊       | 332/1200 [02:24<06:43,  2.15it/s, buffer=66600, ret=0.00, success=0.00]
Training episodes:  28%|██▊       | 333/1200 [02:24<06:43,  2.15it/s, buffer=66600, ret=0.00, success=0.00]
Training episodes:  28%|██▊       | 333/1200 [02:25<06:43,  2.15it/s, buffer=66800, ret=0.00, success=0.00]
Training episodes:  28%|██▊       | 334/1200 [02:25<06:45,  2.14it/s, buffer=66800, ret=0.00, success=0.00]
Training episodes:  28%|██▊       | 334/1200 [02:25<06:45,  2.14it/s, buffer=67000, ret=0.00, success=0.00]
Training episodes:  28%|██▊       | 335/1200 [02:25<06:42,  2.15it/s, buffer=67000, ret=0.00, success=0.00]
Training episodes:  28%|██▊       | 335/1200 [02:26<06:42,  2.15it/s, buffer=67200, ret=0.00, success=0.00]
Training episodes:  28%|██▊       | 336/1200 [02:26<06:41,  2.15it/s, buffer=67200, ret=0.00, success=0.00]
Training episodes:  28%|██▊       | 336/1200 [02:26<06:41,  2.15it/s, buffer=67400, ret=0.00, success=0.00]
Training episodes:  28%|██▊       | 337/1200 [02:26<06:40,  2.16it/s, buffer=67400, ret=0.00, success=0.00]
Training episodes:  28%|██▊       | 337/1200 [02:27<06:40,  2.16it/s, buffer=67600, ret=0.00, success=0.00]
Training episodes:  28%|██▊       | 338/1200 [02:27<06:37,  2.17it/s, buffer=67600, ret=0.00, success=0.00]
Training episodes:  28%|██▊       | 338/1200 [02:27<06:37,  2.17it/s, buffer=67800, ret=0.00, success=0.00]
Training episodes:  28%|██▊       | 339/1200 [02:27<06:37,  2.16it/s, buffer=67800, ret=0.00, success=0.00]
Training episodes:  28%|██▊       | 339/1200 [02:27<06:37,  2.16it/s, buffer=68000, ret=0.00, success=0.00]
Training episodes:  28%|██▊       | 340/1200 [02:27<06:37,  2.16it/s, buffer=68000, ret=0.00, success=0.00]
Training episodes:  28%|██▊       | 340/1200 [02:28<06:37,  2.16it/s, buffer=68200, ret=0.00, success=0.00]
Training episodes:  28%|██▊       | 341/1200 [02:28<06:37,  2.16it/s, buffer=68200, ret=0.00, success=0.00]
Training episodes:  28%|██▊       | 341/1200 [02:28<06:37,  2.16it/s, buffer=68400, ret=0.00, success=0.00]
Training episodes:  28%|██▊       | 342/1200 [02:28<06:37,  2.16it/s, buffer=68400, ret=0.00, success=0.00]
Training episodes:  28%|██▊       | 342/1200 [02:29<06:37,  2.16it/s, buffer=68600, ret=0.00, success=0.00]
Training episodes:  29%|██▊       | 343/1200 [02:29<06:38,  2.15it/s, buffer=68600, ret=0.00, success=0.00]
Training episodes:  29%|██▊       | 343/1200 [02:29<06:38,  2.15it/s, buffer=68800, ret=0.00, success=0.00]
Training episodes:  29%|██▊       | 344/1200 [02:29<06:36,  2.16it/s, buffer=68800, ret=0.00, success=0.00]
Training episodes:  29%|██▊       | 344/1200 [02:30<06:36,  2.16it/s, buffer=69000, ret=0.00, success=0.00]
Training episodes:  29%|██▉       | 345/1200 [02:30<06:35,  2.16it/s, buffer=69000, ret=0.00, success=0.00]
Training episodes:  29%|██▉       | 345/1200 [02:30<06:35,  2.16it/s, buffer=69200, ret=0.00, success=0.00]
Training episodes:  29%|██▉       | 346/1200 [02:30<06:36,  2.15it/s, buffer=69200, ret=0.00, success=0.00]
Training episodes:  29%|██▉       | 346/1200 [02:31<06:36,  2.15it/s, buffer=69400, ret=0.00, success=0.00]
Training episodes:  29%|██▉       | 347/1200 [02:31<06:35,  2.15it/s, buffer=69400, ret=0.00, success=0.00]
Training episodes:  29%|██▉       | 347/1200 [02:31<06:35,  2.15it/s, buffer=69600, ret=0.00, success=0.00]
Training episodes:  29%|██▉       | 348/1200 [02:31<06:35,  2.16it/s, buffer=69600, ret=0.00, success=0.00]
Training episodes:  29%|██▉       | 348/1200 [02:32<06:35,  2.16it/s, buffer=69800, ret=0.00, success=0.00]
Training episodes:  29%|██▉       | 349/1200 [02:32<06:36,  2.14it/s, buffer=69800, ret=0.00, success=0.00]
Training episodes:  29%|██▉       | 349/1200 [02:32<06:36,  2.14it/s, buffer=7e+4, ret=0.00, success=0.00] wandb: WARNING `fps` argument does not affect the frame rate of the video when providing a file path or raw bytes.

Training episodes:  29%|██▉       | 350/1200 [02:33<08:57,  1.58it/s, buffer=7e+4, ret=0.00, success=0.00]
Training episodes:  29%|██▉       | 350/1200 [02:33<08:57,  1.58it/s, buffer=70200, ret=0.00, success=0.00]
Training episodes:  29%|██▉       | 351/1200 [02:33<08:11,  1.73it/s, buffer=70200, ret=0.00, success=0.00]
Training episodes:  29%|██▉       | 351/1200 [02:34<08:11,  1.73it/s, buffer=70400, ret=0.00, success=0.00]
Training episodes:  29%|██▉       | 352/1200 [02:34<07:39,  1.85it/s, buffer=70400, ret=0.00, success=0.00]
Training episodes:  29%|██▉       | 352/1200 [02:34<07:39,  1.85it/s, buffer=70600, ret=0.00, success=0.00]
Training episodes:  29%|██▉       | 353/1200 [02:34<07:17,  1.94it/s, buffer=70600, ret=0.00, success=0.00]
Training episodes:  29%|██▉       | 353/1200 [02:35<07:17,  1.94it/s, buffer=70800, ret=0.00, success=0.00]
Training episodes:  30%|██▉       | 354/1200 [02:35<07:03,  2.00it/s, buffer=70800, ret=0.00, success=0.00]
Training episodes:  30%|██▉       | 354/1200 [02:35<07:03,  2.00it/s, buffer=71000, ret=0.00, success=0.00]
Training episodes:  30%|██▉       | 355/1200 [02:35<06:51,  2.05it/s, buffer=71000, ret=0.00, success=0.00]
Training episodes:  30%|██▉       | 355/1200 [02:35<06:51,  2.05it/s, buffer=71200, ret=0.00, success=0.00]
Training episodes:  30%|██▉       | 356/1200 [02:35<06:45,  2.08it/s, buffer=71200, ret=0.00, success=0.00]
Training episodes:  30%|██▉       | 356/1200 [02:36<06:45,  2.08it/s, buffer=71400, ret=0.00, success=0.00]
Training episodes:  30%|██▉       | 357/1200 [02:36<06:42,  2.10it/s, buffer=71400, ret=0.00, success=0.00]
Training episodes:  30%|██▉       | 357/1200 [02:36<06:42,  2.10it/s, buffer=71600, ret=0.00, success=0.00]
Training episodes:  30%|██▉       | 358/1200 [02:36<06:34,  2.13it/s, buffer=71600, ret=0.00, success=0.00]
Training episodes:  30%|██▉       | 358/1200 [02:37<06:34,  2.13it/s, buffer=71800, ret=0.00, success=0.00]
Training episodes:  30%|██▉       | 359/1200 [02:37<06:34,  2.13it/s, buffer=71800, ret=0.00, success=0.00]
Training episodes:  30%|██▉       | 359/1200 [02:37<06:34,  2.13it/s, buffer=72000, ret=0.00, success=0.00]
Training episodes:  30%|███       | 360/1200 [02:37<06:37,  2.11it/s, buffer=72000, ret=0.00, success=0.00]
Training episodes:  30%|███       | 360/1200 [02:38<06:37,  2.11it/s, buffer=72200, ret=0.00, success=0.00]
Training episodes:  30%|███       | 361/1200 [02:38<06:32,  2.14it/s, buffer=72200, ret=0.00, success=0.00]
Training episodes:  30%|███       | 361/1200 [02:38<06:32,  2.14it/s, buffer=72400, ret=0.00, success=0.00]
Training episodes:  30%|███       | 362/1200 [02:38<06:28,  2.15it/s, buffer=72400, ret=0.00, success=0.00]
Training episodes:  30%|███       | 362/1200 [02:39<06:28,  2.15it/s, buffer=72600, ret=0.00, success=0.00]
Training episodes:  30%|███       | 363/1200 [02:39<06:26,  2.16it/s, buffer=72600, ret=0.00, success=0.00]
Training episodes:  30%|███       | 363/1200 [02:39<06:26,  2.16it/s, buffer=72800, ret=0.00, success=0.00]
Training episodes:  30%|███       | 364/1200 [02:39<06:24,  2.17it/s, buffer=72800, ret=0.00, success=0.00]
Training episodes:  30%|███       | 364/1200 [02:40<06:24,  2.17it/s, buffer=73000, ret=0.00, success=0.00]
Training episodes:  30%|███       | 365/1200 [02:40<06:21,  2.19it/s, buffer=73000, ret=0.00, success=0.00]
Training episodes:  30%|███       | 365/1200 [02:40<06:21,  2.19it/s, buffer=73200, ret=0.00, success=0.00]
Training episodes:  30%|███       | 366/1200 [02:40<06:22,  2.18it/s, buffer=73200, ret=0.00, success=0.00]
Training episodes:  30%|███       | 366/1200 [02:40<06:22,  2.18it/s, buffer=73400, ret=0.00, success=0.00]
Training episodes:  31%|███       | 367/1200 [02:40<06:20,  2.19it/s, buffer=73400, ret=0.00, success=0.00]
Training episodes:  31%|███       | 367/1200 [02:41<06:20,  2.19it/s, buffer=73600, ret=0.00, success=0.00]
Training episodes:  31%|███       | 368/1200 [02:41<06:20,  2.19it/s, buffer=73600, ret=0.00, success=0.00]
Training episodes:  31%|███       | 368/1200 [02:41<06:20,  2.19it/s, buffer=73800, ret=0.00, success=0.00]
Training episodes:  31%|███       | 369/1200 [02:41<06:22,  2.17it/s, buffer=73800, ret=0.00, success=0.00]
Training episodes:  31%|███       | 369/1200 [02:42<06:22,  2.17it/s, buffer=74000, ret=0.00, success=0.00]
Training episodes:  31%|███       | 370/1200 [02:42<06:22,  2.17it/s, buffer=74000, ret=0.00, success=0.00]
Training episodes:  31%|███       | 370/1200 [02:42<06:22,  2.17it/s, buffer=74200, ret=0.00, success=0.00]
Training episodes:  31%|███       | 371/1200 [02:42<06:22,  2.17it/s, buffer=74200, ret=0.00, success=0.00]
Training episodes:  31%|███       | 371/1200 [02:43<06:22,  2.17it/s, buffer=74400, ret=0.00, success=0.00]
Training episodes:  31%|███       | 372/1200 [02:43<06:20,  2.17it/s, buffer=74400, ret=0.00, success=0.00]
Training episodes:  31%|███       | 372/1200 [02:43<06:20,  2.17it/s, buffer=74600, ret=0.00, success=0.00]
Training episodes:  31%|███       | 373/1200 [02:43<06:18,  2.19it/s, buffer=74600, ret=0.00, success=0.00]
Training episodes:  31%|███       | 373/1200 [02:44<06:18,  2.19it/s, buffer=74800, ret=0.00, success=0.00]
Training episodes:  31%|███       | 374/1200 [02:44<06:17,  2.19it/s, buffer=74800, ret=0.00, success=0.00]
Training episodes:  31%|███       | 374/1200 [02:44<06:17,  2.19it/s, buffer=75000, ret=0.00, success=0.00]
Training episodes:  31%|███▏      | 375/1200 [02:44<06:20,  2.17it/s, buffer=75000, ret=0.00, success=0.00]
Training episodes:  31%|███▏      | 375/1200 [02:45<06:20,  2.17it/s, buffer=75200, ret=0.00, success=0.00]
Training episodes:  31%|███▏      | 376/1200 [02:45<06:24,  2.14it/s, buffer=75200, ret=0.00, success=0.00]
Training episodes:  31%|███▏      | 376/1200 [02:45<06:24,  2.14it/s, buffer=75400, ret=0.00, success=0.00]
Training episodes:  31%|███▏      | 377/1200 [02:45<06:20,  2.16it/s, buffer=75400, ret=0.00, success=0.00]
Training episodes:  31%|███▏      | 377/1200 [02:46<06:20,  2.16it/s, buffer=75600, ret=0.00, success=0.00]
Training episodes:  32%|███▏      | 378/1200 [02:46<06:18,  2.17it/s, buffer=75600, ret=0.00, success=0.00]
Training episodes:  32%|███▏      | 378/1200 [02:46<06:18,  2.17it/s, buffer=75800, ret=0.00, success=0.00]
Training episodes:  32%|███▏      | 379/1200 [02:46<06:14,  2.19it/s, buffer=75800, ret=0.00, success=0.00]
Training episodes:  32%|███▏      | 379/1200 [02:46<06:14,  2.19it/s, buffer=76000, ret=0.00, success=0.00]
Training episodes:  32%|███▏      | 380/1200 [02:46<06:13,  2.19it/s, buffer=76000, ret=0.00, success=0.00]
Training episodes:  32%|███▏      | 380/1200 [02:47<06:13,  2.19it/s, buffer=76200, ret=0.00, success=0.00]
Training episodes:  32%|███▏      | 381/1200 [02:47<06:12,  2.20it/s, buffer=76200, ret=0.00, success=0.00]
Training episodes:  32%|███▏      | 381/1200 [02:47<06:12,  2.20it/s, buffer=76400, ret=0.00, success=0.00]
Training episodes:  32%|███▏      | 382/1200 [02:47<06:11,  2.20it/s, buffer=76400, ret=0.00, success=0.00]
Training episodes:  32%|███▏      | 382/1200 [02:48<06:11,  2.20it/s, buffer=76600, ret=0.00, success=0.00]
Training episodes:  32%|███▏      | 383/1200 [02:48<06:12,  2.19it/s, buffer=76600, ret=0.00, success=0.00]
Training episodes:  32%|███▏      | 383/1200 [02:48<06:12,  2.19it/s, buffer=76800, ret=0.00, success=0.00]
Training episodes:  32%|███▏      | 384/1200 [02:48<06:11,  2.20it/s, buffer=76800, ret=0.00, success=0.00]
Training episodes:  32%|███▏      | 384/1200 [02:49<06:11,  2.20it/s, buffer=77000, ret=0.00, success=0.00]
Training episodes:  32%|███▏      | 385/1200 [02:49<06:13,  2.18it/s, buffer=77000, ret=0.00, success=0.00]
Training episodes:  32%|███▏      | 385/1200 [02:49<06:13,  2.18it/s, buffer=77200, ret=0.00, success=0.00]
Training episodes:  32%|███▏      | 386/1200 [02:49<06:13,  2.18it/s, buffer=77200, ret=0.00, success=0.00]
Training episodes:  32%|███▏      | 386/1200 [02:50<06:13,  2.18it/s, buffer=77400, ret=0.00, success=0.00]
Training episodes:  32%|███▏      | 387/1200 [02:50<06:11,  2.19it/s, buffer=77400, ret=0.00, success=0.00]
Training episodes:  32%|███▏      | 387/1200 [02:50<06:11,  2.19it/s, buffer=77600, ret=0.00, success=0.00]
Training episodes:  32%|███▏      | 388/1200 [02:50<06:14,  2.17it/s, buffer=77600, ret=0.00, success=0.00]
Training episodes:  32%|███▏      | 388/1200 [02:51<06:14,  2.17it/s, buffer=77800, ret=0.00, success=0.00]
Training episodes:  32%|███▏      | 389/1200 [02:51<06:15,  2.16it/s, buffer=77800, ret=0.00, success=0.00]
Training episodes:  32%|███▏      | 389/1200 [02:51<06:15,  2.16it/s, buffer=78000, ret=0.00, success=0.00]
Training episodes:  32%|███▎      | 390/1200 [02:51<06:13,  2.17it/s, buffer=78000, ret=0.00, success=0.00]
Training episodes:  32%|███▎      | 390/1200 [02:52<06:13,  2.17it/s, buffer=78200, ret=0.00, success=0.00]
Training episodes:  33%|███▎      | 391/1200 [02:52<06:15,  2.15it/s, buffer=78200, ret=0.00, success=0.00]
Training episodes:  33%|███▎      | 391/1200 [02:52<06:15,  2.15it/s, buffer=78400, ret=0.00, success=0.00]
Training episodes:  33%|███▎      | 392/1200 [02:52<06:15,  2.15it/s, buffer=78400, ret=0.00, success=0.00]
Training episodes:  33%|███▎      | 392/1200 [02:52<06:15,  2.15it/s, buffer=78600, ret=0.00, success=0.00]
Training episodes:  33%|███▎      | 393/1200 [02:52<06:14,  2.15it/s, buffer=78600, ret=0.00, success=0.00]
Training episodes:  33%|███▎      | 393/1200 [02:53<06:14,  2.15it/s, buffer=78800, ret=0.00, success=0.00]
Training episodes:  33%|███▎      | 394/1200 [02:53<06:13,  2.16it/s, buffer=78800, ret=0.00, success=0.00]
Training episodes:  33%|███▎      | 394/1200 [02:53<06:13,  2.16it/s, buffer=79000, ret=0.00, success=0.00]
Training episodes:  33%|███▎      | 395/1200 [02:53<06:14,  2.15it/s, buffer=79000, ret=0.00, success=0.00]
Training episodes:  33%|███▎      | 395/1200 [02:54<06:14,  2.15it/s, buffer=79200, ret=0.00, success=0.00]
Training episodes:  33%|███▎      | 396/1200 [02:54<06:14,  2.15it/s, buffer=79200, ret=0.00, success=0.00]
Training episodes:  33%|███▎      | 396/1200 [02:54<06:14,  2.15it/s, buffer=79400, ret=0.00, success=0.00]
Training episodes:  33%|███▎      | 397/1200 [02:54<06:11,  2.16it/s, buffer=79400, ret=0.00, success=0.00]
Training episodes:  33%|███▎      | 397/1200 [02:55<06:11,  2.16it/s, buffer=79600, ret=0.00, success=0.00]
Training episodes:  33%|███▎      | 398/1200 [02:55<06:09,  2.17it/s, buffer=79600, ret=0.00, success=0.00]
Training episodes:  33%|███▎      | 398/1200 [02:55<06:09,  2.17it/s, buffer=79800, ret=0.00, success=0.00]
Training episodes:  33%|███▎      | 399/1200 [02:55<06:06,  2.18it/s, buffer=79800, ret=0.00, success=0.00]
Training episodes:  33%|███▎      | 399/1200 [02:56<06:06,  2.18it/s, buffer=8e+4, ret=0.00, success=0.00] wandb: WARNING `fps` argument does not affect the frame rate of the video when providing a file path or raw bytes.

Training episodes:  33%|███▎      | 400/1200 [02:56<08:12,  1.62it/s, buffer=8e+4, ret=0.00, success=0.00]
Training episodes:  33%|███▎      | 400/1200 [02:57<08:12,  1.62it/s, buffer=80200, ret=0.00, success=0.00]
Training episodes:  33%|███▎      | 401/1200 [02:57<07:34,  1.76it/s, buffer=80200, ret=0.00, success=0.00]
Training episodes:  33%|███▎      | 401/1200 [02:57<07:34,  1.76it/s, buffer=80400, ret=0.00, success=0.00]
Training episodes:  34%|███▎      | 402/1200 [02:57<07:06,  1.87it/s, buffer=80400, ret=0.00, success=0.00]
Training episodes:  34%|███▎      | 402/1200 [02:58<07:06,  1.87it/s, buffer=80600, ret=0.00, success=0.00]
Training episodes:  34%|███▎      | 403/1200 [02:58<06:44,  1.97it/s, buffer=80600, ret=0.00, success=0.00]
Training episodes:  34%|███▎      | 403/1200 [02:58<06:44,  1.97it/s, buffer=80800, ret=0.00, success=0.00]
Training episodes:  34%|███▎      | 404/1200 [02:58<06:30,  2.04it/s, buffer=80800, ret=0.00, success=0.00]
Training episodes:  34%|███▎      | 404/1200 [02:58<06:30,  2.04it/s, buffer=81000, ret=0.00, success=0.00]
Training episodes:  34%|███▍      | 405/1200 [02:58<06:22,  2.08it/s, buffer=81000, ret=0.00, success=0.00]
Training episodes:  34%|███▍      | 405/1200 [02:59<06:22,  2.08it/s, buffer=81200, ret=0.00, success=0.00]
Training episodes:  34%|███▍      | 406/1200 [02:59<06:17,  2.10it/s, buffer=81200, ret=0.00, success=0.00]
Training episodes:  34%|███▍      | 406/1200 [02:59<06:17,  2.10it/s, buffer=81400, ret=0.00, success=0.00]
Training episodes:  34%|███▍      | 407/1200 [02:59<06:18,  2.10it/s, buffer=81400, ret=0.00, success=0.00]
Training episodes:  34%|███▍      | 407/1200 [03:00<06:18,  2.10it/s, buffer=81600, ret=0.00, success=0.00]
Training episodes:  34%|███▍      | 408/1200 [03:00<06:17,  2.10it/s, buffer=81600, ret=0.00, success=0.00]
Training episodes:  34%|███▍      | 408/1200 [03:00<06:17,  2.10it/s, buffer=81800, ret=0.00, success=0.00]
Training episodes:  34%|███▍      | 409/1200 [03:00<06:14,  2.11it/s, buffer=81800, ret=0.00, success=0.00]
Training episodes:  34%|███▍      | 409/1200 [03:01<06:14,  2.11it/s, buffer=82000, ret=0.00, success=0.00]
Training episodes:  34%|███▍      | 410/1200 [03:01<06:12,  2.12it/s, buffer=82000, ret=0.00, success=0.00]
Training episodes:  34%|███▍      | 410/1200 [03:01<06:12,  2.12it/s, buffer=82200, ret=0.00, success=0.00]
Training episodes:  34%|███▍      | 411/1200 [03:01<06:11,  2.12it/s, buffer=82200, ret=0.00, success=0.00]
Training episodes:  34%|███▍      | 411/1200 [03:02<06:11,  2.12it/s, buffer=82400, ret=0.00, success=0.00]
Training episodes:  34%|███▍      | 412/1200 [03:02<06:06,  2.15it/s, buffer=82400, ret=0.00, success=0.00]
Training episodes:  34%|███▍      | 412/1200 [03:02<06:06,  2.15it/s, buffer=82600, ret=0.00, success=0.00]
Training episodes:  34%|███▍      | 413/1200 [03:02<06:05,  2.15it/s, buffer=82600, ret=0.00, success=0.00]
Training episodes:  34%|███▍      | 413/1200 [03:03<06:05,  2.15it/s, buffer=82800, ret=0.00, success=0.00]
Training episodes:  34%|███▍      | 414/1200 [03:03<06:04,  2.16it/s, buffer=82800, ret=0.00, success=0.00]
Training episodes:  34%|███▍      | 414/1200 [03:03<06:04,  2.16it/s, buffer=83000, ret=0.00, success=0.00]
Training episodes:  35%|███▍      | 415/1200 [03:03<06:02,  2.17it/s, buffer=83000, ret=0.00, success=0.00]
Training episodes:  35%|███▍      | 415/1200 [03:04<06:02,  2.17it/s, buffer=83200, ret=0.00, success=0.00]
Training episodes:  35%|███▍      | 416/1200 [03:04<06:05,  2.15it/s, buffer=83200, ret=0.00, success=0.00]
Training episodes:  35%|███▍      | 416/1200 [03:04<06:05,  2.15it/s, buffer=83400, ret=0.00, success=0.00]
Training episodes:  35%|███▍      | 417/1200 [03:04<06:04,  2.15it/s, buffer=83400, ret=0.00, success=0.00]
Training episodes:  35%|███▍      | 417/1200 [03:05<06:04,  2.15it/s, buffer=83600, ret=0.00, success=0.00]
Training episodes:  35%|███▍      | 418/1200 [03:05<06:05,  2.14it/s, buffer=83600, ret=0.00, success=0.00]
Training episodes:  35%|███▍      | 418/1200 [03:05<06:05,  2.14it/s, buffer=83800, ret=0.00, success=0.00]
Training episodes:  35%|███▍      | 419/1200 [03:05<06:06,  2.13it/s, buffer=83800, ret=0.00, success=0.00]
Training episodes:  35%|███▍      | 419/1200 [03:05<06:06,  2.13it/s, buffer=84000, ret=0.00, success=0.00]
Training episodes:  35%|███▌      | 420/1200 [03:05<06:05,  2.13it/s, buffer=84000, ret=0.00, success=0.00]
Training episodes:  35%|███▌      | 420/1200 [03:06<06:05,  2.13it/s, buffer=84200, ret=0.00, success=0.00]
Training episodes:  35%|███▌      | 421/1200 [03:06<06:02,  2.15it/s, buffer=84200, ret=0.00, success=0.00]
Training episodes:  35%|███▌      | 421/1200 [03:06<06:02,  2.15it/s, buffer=84400, ret=0.00, success=0.00]
Training episodes:  35%|███▌      | 422/1200 [03:06<06:02,  2.15it/s, buffer=84400, ret=0.00, success=0.00]
Training episodes:  35%|███▌      | 422/1200 [03:07<06:02,  2.15it/s, buffer=84600, ret=0.00, success=0.00]
Training episodes:  35%|███▌      | 423/1200 [03:07<06:02,  2.15it/s, buffer=84600, ret=0.00, success=0.00]
Training episodes:  35%|███▌      | 423/1200 [03:07<06:02,  2.15it/s, buffer=84800, ret=0.00, success=0.00]
Training episodes:  35%|███▌      | 424/1200 [03:07<06:02,  2.14it/s, buffer=84800, ret=0.00, success=0.00]
Training episodes:  35%|███▌      | 424/1200 [03:08<06:02,  2.14it/s, buffer=85000, ret=0.00, success=0.00]
Training episodes:  35%|███▌      | 425/1200 [03:08<06:03,  2.13it/s, buffer=85000, ret=0.00, success=0.00]
Training episodes:  35%|███▌      | 425/1200 [03:08<06:03,  2.13it/s, buffer=85200, ret=0.00, success=0.00]
Training episodes:  36%|███▌      | 426/1200 [03:08<06:03,  2.13it/s, buffer=85200, ret=0.00, success=0.00]
Training episodes:  36%|███▌      | 426/1200 [03:09<06:03,  2.13it/s, buffer=85400, ret=0.00, success=0.00]
Training episodes:  36%|███▌      | 427/1200 [03:09<06:01,  2.14it/s, buffer=85400, ret=0.00, success=0.00]
Training episodes:  36%|███▌      | 427/1200 [03:09<06:01,  2.14it/s, buffer=85600, ret=0.00, success=0.00]
Training episodes:  36%|███▌      | 428/1200 [03:09<06:01,  2.14it/s, buffer=85600, ret=0.00, success=0.00]
Training episodes:  36%|███▌      | 428/1200 [03:10<06:01,  2.14it/s, buffer=85800, ret=0.00, success=0.00]
Training episodes:  36%|███▌      | 429/1200 [03:10<05:57,  2.16it/s, buffer=85800, ret=0.00, success=0.00]
Training episodes:  36%|███▌      | 429/1200 [03:10<05:57,  2.16it/s, buffer=86000, ret=0.00, success=0.00]
Training episodes:  36%|███▌      | 430/1200 [03:10<05:56,  2.16it/s, buffer=86000, ret=0.00, success=0.00]
Training episodes:  36%|███▌      | 430/1200 [03:11<05:56,  2.16it/s, buffer=86200, ret=0.00, success=0.00]
Training episodes:  36%|███▌      | 431/1200 [03:11<05:57,  2.15it/s, buffer=86200, ret=0.00, success=0.00]
Training episodes:  36%|███▌      | 431/1200 [03:11<05:57,  2.15it/s, buffer=86400, ret=0.00, success=0.00]
Training episodes:  36%|███▌      | 432/1200 [03:11<05:55,  2.16it/s, buffer=86400, ret=0.00, success=0.00]
Training episodes:  36%|███▌      | 432/1200 [03:12<05:55,  2.16it/s, buffer=86600, ret=0.00, success=0.00]
Training episodes:  36%|███▌      | 433/1200 [03:12<05:53,  2.17it/s, buffer=86600, ret=0.00, success=0.00]
Training episodes:  36%|███▌      | 433/1200 [03:12<05:53,  2.17it/s, buffer=86800, ret=0.00, success=0.00]
Training episodes:  36%|███▌      | 434/1200 [03:12<05:52,  2.17it/s, buffer=86800, ret=0.00, success=0.00]
Training episodes:  36%|███▌      | 434/1200 [03:12<05:52,  2.17it/s, buffer=87000, ret=0.00, success=0.00]
Training episodes:  36%|███▋      | 435/1200 [03:12<05:51,  2.18it/s, buffer=87000, ret=0.00, success=0.00]
Training episodes:  36%|███▋      | 435/1200 [03:13<05:51,  2.18it/s, buffer=87200, ret=0.00, success=0.00]
Training episodes:  36%|███▋      | 436/1200 [03:13<05:49,  2.19it/s, buffer=87200, ret=0.00, success=0.00]
Training episodes:  36%|███▋      | 436/1200 [03:13<05:49,  2.19it/s, buffer=87400, ret=0.00, success=0.00]
Training episodes:  36%|███▋      | 437/1200 [03:13<05:52,  2.17it/s, buffer=87400, ret=0.00, success=0.00]
Training episodes:  36%|███▋      | 437/1200 [03:14<05:52,  2.17it/s, buffer=87600, ret=0.00, success=0.00]
Training episodes:  36%|███▋      | 438/1200 [03:14<05:53,  2.15it/s, buffer=87600, ret=0.00, success=0.00]
Training episodes:  36%|███▋      | 438/1200 [03:14<05:53,  2.15it/s, buffer=87800, ret=0.00, success=0.00]
Training episodes:  37%|███▋      | 439/1200 [03:14<05:53,  2.15it/s, buffer=87800, ret=0.00, success=0.00]
Training episodes:  37%|███▋      | 439/1200 [03:15<05:53,  2.15it/s, buffer=88000, ret=0.00, success=0.00]
Training episodes:  37%|███▋      | 440/1200 [03:15<05:56,  2.13it/s, buffer=88000, ret=0.00, success=0.00]
Training episodes:  37%|███▋      | 440/1200 [03:15<05:56,  2.13it/s, buffer=88200, ret=0.00, success=0.00]
Training episodes:  37%|███▋      | 441/1200 [03:15<05:55,  2.13it/s, buffer=88200, ret=0.00, success=0.00]
Training episodes:  37%|███▋      | 441/1200 [03:16<05:55,  2.13it/s, buffer=88400, ret=0.00, success=0.00]
Training episodes:  37%|███▋      | 442/1200 [03:16<05:54,  2.14it/s, buffer=88400, ret=0.00, success=0.00]
Training episodes:  37%|███▋      | 442/1200 [03:16<05:54,  2.14it/s, buffer=88600, ret=0.00, success=0.00]
Training episodes:  37%|███▋      | 443/1200 [03:16<05:56,  2.13it/s, buffer=88600, ret=0.00, success=0.00]
Training episodes:  37%|███▋      | 443/1200 [03:17<05:56,  2.13it/s, buffer=88800, ret=0.00, success=0.00]
Training episodes:  37%|███▋      | 444/1200 [03:17<05:55,  2.13it/s, buffer=88800, ret=0.00, success=0.00]
Training episodes:  37%|███▋      | 444/1200 [03:17<05:55,  2.13it/s, buffer=89000, ret=0.00, success=0.00]
Training episodes:  37%|███▋      | 445/1200 [03:17<05:52,  2.14it/s, buffer=89000, ret=0.00, success=0.00]
Training episodes:  37%|███▋      | 445/1200 [03:18<05:52,  2.14it/s, buffer=89200, ret=0.00, success=0.00]
Training episodes:  37%|███▋      | 446/1200 [03:18<05:50,  2.15it/s, buffer=89200, ret=0.00, success=0.00]
Training episodes:  37%|███▋      | 446/1200 [03:18<05:50,  2.15it/s, buffer=89400, ret=0.00, success=0.00]
Training episodes:  37%|███▋      | 447/1200 [03:18<05:51,  2.14it/s, buffer=89400, ret=0.00, success=0.00]
Training episodes:  37%|███▋      | 447/1200 [03:19<05:51,  2.14it/s, buffer=89600, ret=0.00, success=0.00]
Training episodes:  37%|███▋      | 448/1200 [03:19<05:51,  2.14it/s, buffer=89600, ret=0.00, success=0.00]
Training episodes:  37%|███▋      | 448/1200 [03:19<05:51,  2.14it/s, buffer=89800, ret=0.00, success=0.00]
Training episodes:  37%|███▋      | 449/1200 [03:19<05:51,  2.14it/s, buffer=89800, ret=0.00, success=0.00]
Training episodes:  37%|███▋      | 449/1200 [03:19<05:51,  2.14it/s, buffer=9e+4, ret=0.00, success=0.00] wandb: WARNING `fps` argument does not affect the frame rate of the video when providing a file path or raw bytes.

Training episodes:  38%|███▊      | 450/1200 [03:20<07:48,  1.60it/s, buffer=9e+4, ret=0.00, success=0.00]
Training episodes:  38%|███▊      | 450/1200 [03:20<07:48,  1.60it/s, buffer=90200, ret=0.00, success=0.00]
Training episodes:  38%|███▊      | 451/1200 [03:20<07:10,  1.74it/s, buffer=90200, ret=0.00, success=0.00]
Training episodes:  38%|███▊      | 451/1200 [03:21<07:10,  1.74it/s, buffer=90400, ret=0.00, success=0.00]
Training episodes:  38%|███▊      | 452/1200 [03:21<06:44,  1.85it/s, buffer=90400, ret=0.00, success=0.00]
Training episodes:  38%|███▊      | 452/1200 [03:21<06:44,  1.85it/s, buffer=90600, ret=0.00, success=0.00]
Training episodes:  38%|███▊      | 453/1200 [03:21<06:26,  1.93it/s, buffer=90600, ret=0.00, success=0.00]
Training episodes:  38%|███▊      | 453/1200 [03:22<06:26,  1.93it/s, buffer=90800, ret=0.00, success=0.00]
Training episodes:  38%|███▊      | 454/1200 [03:22<06:18,  1.97it/s, buffer=90800, ret=0.00, success=0.00]
Training episodes:  38%|███▊      | 454/1200 [03:22<06:18,  1.97it/s, buffer=91000, ret=0.00, success=0.00]
Training episodes:  38%|███▊      | 455/1200 [03:22<06:08,  2.02it/s, buffer=91000, ret=0.00, success=0.00]
Training episodes:  38%|███▊      | 455/1200 [03:23<06:08,  2.02it/s, buffer=91200, ret=0.00, success=0.00]
Training episodes:  38%|███▊      | 456/1200 [03:23<06:02,  2.05it/s, buffer=91200, ret=0.00, success=0.00]
Training episodes:  38%|███▊      | 456/1200 [03:23<06:02,  2.05it/s, buffer=91400, ret=0.00, success=0.00]
Training episodes:  38%|███▊      | 457/1200 [03:23<05:57,  2.08it/s, buffer=91400, ret=0.00, success=0.00]
Training episodes:  38%|███▊      | 457/1200 [03:24<05:57,  2.08it/s, buffer=91600, ret=0.00, success=0.00]
Training episodes:  38%|███▊      | 458/1200 [03:24<05:56,  2.08it/s, buffer=91600, ret=0.00, success=0.00]
Training episodes:  38%|███▊      | 458/1200 [03:24<05:56,  2.08it/s, buffer=91800, ret=0.00, success=0.00]
Training episodes:  38%|███▊      | 459/1200 [03:24<05:56,  2.08it/s, buffer=91800, ret=0.00, success=0.00]
Training episodes:  38%|███▊      | 459/1200 [03:25<05:56,  2.08it/s, buffer=92000, ret=0.00, success=0.00]
Training episodes:  38%|███▊      | 460/1200 [03:25<05:53,  2.10it/s, buffer=92000, ret=0.00, success=0.00]
Training episodes:  38%|███▊      | 460/1200 [03:25<05:53,  2.10it/s, buffer=92200, ret=0.00, success=0.00]
Training episodes:  38%|███▊      | 461/1200 [03:25<05:50,  2.11it/s, buffer=92200, ret=0.00, success=0.00]
Training episodes:  38%|███▊      | 461/1200 [03:26<05:50,  2.11it/s, buffer=92400, ret=0.00, success=0.00]
Training episodes:  38%|███▊      | 462/1200 [03:26<05:48,  2.12it/s, buffer=92400, ret=0.00, success=0.00]
Training episodes:  38%|███▊      | 462/1200 [03:26<05:48,  2.12it/s, buffer=92600, ret=0.00, success=0.00]
Training episodes:  39%|███▊      | 463/1200 [03:26<05:44,  2.14it/s, buffer=92600, ret=0.00, success=0.00]
Training episodes:  39%|███▊      | 463/1200 [03:27<05:44,  2.14it/s, buffer=92800, ret=0.00, success=0.00]
Training episodes:  39%|███▊      | 464/1200 [03:27<05:43,  2.14it/s, buffer=92800, ret=0.00, success=0.00]
Training episodes:  39%|███▊      | 464/1200 [03:27<05:43,  2.14it/s, buffer=93000, ret=0.00, success=0.00]
Training episodes:  39%|███▉      | 465/1200 [03:27<05:46,  2.12it/s, buffer=93000, ret=0.00, success=0.00]
Training episodes:  39%|███▉      | 465/1200 [03:27<05:46,  2.12it/s, buffer=93200, ret=0.00, success=0.00]
Training episodes:  39%|███▉      | 466/1200 [03:27<05:42,  2.14it/s, buffer=93200, ret=0.00, success=0.00]
Training episodes:  39%|███▉      | 466/1200 [03:28<05:42,  2.14it/s, buffer=93400, ret=0.00, success=0.00]
Training episodes:  39%|███▉      | 467/1200 [03:28<05:40,  2.15it/s, buffer=93400, ret=0.00, success=0.00]
Training episodes:  39%|███▉      | 467/1200 [03:28<05:40,  2.15it/s, buffer=93600, ret=0.00, success=0.00]
Training episodes:  39%|███▉      | 468/1200 [03:28<05:38,  2.16it/s, buffer=93600, ret=0.00, success=0.00]
Training episodes:  39%|███▉      | 468/1200 [03:29<05:38,  2.16it/s, buffer=93800, ret=0.00, success=0.00]
Training episodes:  39%|███▉      | 469/1200 [03:29<05:36,  2.17it/s, buffer=93800, ret=0.00, success=0.00]
Training episodes:  39%|███▉      | 469/1200 [03:29<05:36,  2.17it/s, buffer=94000, ret=0.00, success=0.00]
Training episodes:  39%|███▉      | 470/1200 [03:29<05:35,  2.17it/s, buffer=94000, ret=0.00, success=0.00]
Training episodes:  39%|███▉      | 470/1200 [03:30<05:35,  2.17it/s, buffer=94200, ret=0.00, success=0.00]
Training episodes:  39%|███▉      | 471/1200 [03:30<05:34,  2.18it/s, buffer=94200, ret=0.00, success=0.00]
Training episodes:  39%|███▉      | 471/1200 [03:30<05:34,  2.18it/s, buffer=94400, ret=0.00, success=0.00]
Training episodes:  39%|███▉      | 472/1200 [03:30<05:35,  2.17it/s, buffer=94400, ret=0.00, success=0.00]
Training episodes:  39%|███▉      | 472/1200 [03:31<05:35,  2.17it/s, buffer=94600, ret=0.00, success=0.00]
Training episodes:  39%|███▉      | 473/1200 [03:31<05:40,  2.14it/s, buffer=94600, ret=0.00, success=0.00]
Training episodes:  39%|███▉      | 473/1200 [03:31<05:40,  2.14it/s, buffer=94800, ret=0.00, success=0.00]
Training episodes:  40%|███▉      | 474/1200 [03:31<05:41,  2.13it/s, buffer=94800, ret=0.00, success=0.00]
Training episodes:  40%|███▉      | 474/1200 [03:32<05:41,  2.13it/s, buffer=95000, ret=0.00, success=0.00]
Training episodes:  40%|███▉      | 475/1200 [03:32<05:42,  2.12it/s, buffer=95000, ret=0.00, success=0.00]
Training episodes:  40%|███▉      | 475/1200 [03:32<05:42,  2.12it/s, buffer=95200, ret=0.00, success=0.00]
Training episodes:  40%|███▉      | 476/1200 [03:32<05:43,  2.11it/s, buffer=95200, ret=0.00, success=0.00]
Training episodes:  40%|███▉      | 476/1200 [03:33<05:43,  2.11it/s, buffer=95400, ret=0.00, success=0.00]
Training episodes:  40%|███▉      | 477/1200 [03:33<05:39,  2.13it/s, buffer=95400, ret=0.00, success=0.00]
Training episodes:  40%|███▉      | 477/1200 [03:33<05:39,  2.13it/s, buffer=95600, ret=0.00, success=0.00]
Training episodes:  40%|███▉      | 478/1200 [03:33<05:36,  2.15it/s, buffer=95600, ret=0.00, success=0.00]
Training episodes:  40%|███▉      | 478/1200 [03:34<05:36,  2.15it/s, buffer=95800, ret=0.00, success=0.00]
Training episodes:  40%|███▉      | 479/1200 [03:34<05:32,  2.17it/s, buffer=95800, ret=0.00, success=0.00]
Training episodes:  40%|███▉      | 479/1200 [03:34<05:32,  2.17it/s, buffer=96000, ret=0.00, success=0.00]
Training episodes:  40%|████      | 480/1200 [03:34<05:33,  2.16it/s, buffer=96000, ret=0.00, success=0.00]
Training episodes:  40%|████      | 480/1200 [03:34<05:33,  2.16it/s, buffer=96200, ret=0.00, success=0.00]
Training episodes:  40%|████      | 481/1200 [03:34<05:35,  2.14it/s, buffer=96200, ret=0.00, success=0.00]
Training episodes:  40%|████      | 481/1200 [03:35<05:35,  2.14it/s, buffer=96400, ret=0.00, success=0.00]
Training episodes:  40%|████      | 482/1200 [03:35<05:36,  2.14it/s, buffer=96400, ret=0.00, success=0.00]
Training episodes:  40%|████      | 482/1200 [03:35<05:36,  2.14it/s, buffer=96600, ret=0.00, success=0.00]
Training episodes:  40%|████      | 483/1200 [03:35<05:35,  2.14it/s, buffer=96600, ret=0.00, success=0.00]
Training episodes:  40%|████      | 483/1200 [03:36<05:35,  2.14it/s, buffer=96800, ret=0.00, success=0.00]
Training episodes:  40%|████      | 484/1200 [03:36<05:34,  2.14it/s, buffer=96800, ret=0.00, success=0.00]
Training episodes:  40%|████      | 484/1200 [03:36<05:34,  2.14it/s, buffer=97000, ret=0.00, success=0.00]
Training episodes:  40%|████      | 485/1200 [03:36<05:35,  2.13it/s, buffer=97000, ret=0.00, success=0.00]
Training episodes:  40%|████      | 485/1200 [03:37<05:35,  2.13it/s, buffer=97200, ret=0.00, success=0.00]
Training episodes:  40%|████      | 486/1200 [03:37<05:34,  2.14it/s, buffer=97200, ret=0.00, success=0.00]
Training episodes:  40%|████      | 486/1200 [03:37<05:34,  2.14it/s, buffer=97400, ret=0.00, success=0.00]
Training episodes:  41%|████      | 487/1200 [03:37<05:33,  2.14it/s, buffer=97400, ret=0.00, success=0.00]
Training episodes:  41%|████      | 487/1200 [03:38<05:33,  2.14it/s, buffer=97600, ret=0.00, success=0.00]
Training episodes:  41%|████      | 488/1200 [03:38<05:33,  2.14it/s, buffer=97600, ret=0.00, success=0.00]
Training episodes:  41%|████      | 488/1200 [03:38<05:33,  2.14it/s, buffer=97800, ret=0.00, success=0.00]
Training episodes:  41%|████      | 489/1200 [03:38<05:33,  2.13it/s, buffer=97800, ret=0.00, success=0.00]
Training episodes:  41%|████      | 489/1200 [03:39<05:33,  2.13it/s, buffer=98000, ret=0.00, success=0.00]
Training episodes:  41%|████      | 490/1200 [03:39<05:32,  2.13it/s, buffer=98000, ret=0.00, success=0.00]
Training episodes:  41%|████      | 490/1200 [03:39<05:32,  2.13it/s, buffer=98200, ret=0.00, success=0.00]
Training episodes:  41%|████      | 491/1200 [03:39<05:30,  2.14it/s, buffer=98200, ret=0.00, success=0.00]
Training episodes:  41%|████      | 491/1200 [03:40<05:30,  2.14it/s, buffer=98400, ret=0.00, success=0.00]
Training episodes:  41%|████      | 492/1200 [03:40<05:30,  2.14it/s, buffer=98400, ret=0.00, success=0.00]
Training episodes:  41%|████      | 492/1200 [03:40<05:30,  2.14it/s, buffer=98600, ret=0.00, success=0.00]
Training episodes:  41%|████      | 493/1200 [03:40<05:30,  2.14it/s, buffer=98600, ret=0.00, success=0.00]
Training episodes:  41%|████      | 493/1200 [03:41<05:30,  2.14it/s, buffer=98800, ret=0.00, success=0.00]
Training episodes:  41%|████      | 494/1200 [03:41<05:30,  2.14it/s, buffer=98800, ret=0.00, success=0.00]
Training episodes:  41%|████      | 494/1200 [03:41<05:30,  2.14it/s, buffer=99000, ret=0.00, success=0.00]
Training episodes:  41%|████▏     | 495/1200 [03:41<05:28,  2.15it/s, buffer=99000, ret=0.00, success=0.00]
Training episodes:  41%|████▏     | 495/1200 [03:41<05:28,  2.15it/s, buffer=99200, ret=0.00, success=0.00]
Training episodes:  41%|████▏     | 496/1200 [03:41<05:28,  2.14it/s, buffer=99200, ret=0.00, success=0.00]
Training episodes:  41%|████▏     | 496/1200 [03:42<05:28,  2.14it/s, buffer=99400, ret=0.00, success=0.00]
Training episodes:  41%|████▏     | 497/1200 [03:42<05:29,  2.14it/s, buffer=99400, ret=0.00, success=0.00]
Training episodes:  41%|████▏     | 497/1200 [03:42<05:29,  2.14it/s, buffer=99600, ret=0.00, success=0.00]
Training episodes:  42%|████▏     | 498/1200 [03:42<05:27,  2.15it/s, buffer=99600, ret=0.00, success=0.00]
Training episodes:  42%|████▏     | 498/1200 [03:43<05:27,  2.15it/s, buffer=99800, ret=0.00, success=0.00]
Training episodes:  42%|████▏     | 499/1200 [03:43<05:26,  2.15it/s, buffer=99800, ret=0.00, success=0.00]
Training episodes:  42%|████▏     | 499/1200 [03:43<05:26,  2.15it/s, buffer=1e+5, ret=0.00, success=0.00] wandb: WARNING `fps` argument does not affect the frame rate of the video when providing a file path or raw bytes.

Training episodes:  42%|████▏     | 500/1200 [03:44<07:19,  1.59it/s, buffer=1e+5, ret=0.00, success=0.00]
Training episodes:  42%|████▏     | 500/1200 [03:44<07:19,  1.59it/s, buffer=1e+5, ret=0.00, success=0.00]
Training episodes:  42%|████▏     | 501/1200 [03:44<06:47,  1.72it/s, buffer=1e+5, ret=0.00, success=0.00]
Training episodes:  42%|████▏     | 501/1200 [03:45<06:47,  1.72it/s, buffer=1e+5, ret=0.00, success=0.00]
Training episodes:  42%|████▏     | 502/1200 [03:45<06:22,  1.82it/s, buffer=1e+5, ret=0.00, success=0.00]
Training episodes:  42%|████▏     | 502/1200 [03:45<06:22,  1.82it/s, buffer=100600, ret=0.00, success=0.00]
Training episodes:  42%|████▏     | 503/1200 [03:45<06:08,  1.89it/s, buffer=100600, ret=0.00, success=0.00]
Training episodes:  42%|████▏     | 503/1200 [03:46<06:08,  1.89it/s, buffer=100800, ret=0.00, success=0.00]
Training episodes:  42%|████▏     | 504/1200 [03:46<05:53,  1.97it/s, buffer=100800, ret=0.00, success=0.00]
Training episodes:  42%|████▏     | 504/1200 [03:46<05:53,  1.97it/s, buffer=101000, ret=0.00, success=0.00]
Training episodes:  42%|████▏     | 505/1200 [03:46<05:40,  2.04it/s, buffer=101000, ret=0.00, success=0.00]
Training episodes:  42%|████▏     | 505/1200 [03:47<05:40,  2.04it/s, buffer=101200, ret=0.00, success=0.00]
Training episodes:  42%|████▏     | 506/1200 [03:47<05:34,  2.07it/s, buffer=101200, ret=0.00, success=0.00]
Training episodes:  42%|████▏     | 506/1200 [03:47<05:34,  2.07it/s, buffer=101400, ret=0.00, success=0.00]
Training episodes:  42%|████▏     | 507/1200 [03:47<05:30,  2.10it/s, buffer=101400, ret=0.00, success=0.00]
Training episodes:  42%|████▏     | 507/1200 [03:48<05:30,  2.10it/s, buffer=101600, ret=0.00, success=0.00]
Training episodes:  42%|████▏     | 508/1200 [03:48<05:28,  2.11it/s, buffer=101600, ret=0.00, success=0.00]
Training episodes:  42%|████▏     | 508/1200 [03:48<05:28,  2.11it/s, buffer=101800, ret=0.00, success=0.00]
Training episodes:  42%|████▏     | 509/1200 [03:48<05:27,  2.11it/s, buffer=101800, ret=0.00, success=0.00]
Training episodes:  42%|████▏     | 509/1200 [03:49<05:27,  2.11it/s, buffer=102000, ret=0.00, success=0.00]
Training episodes:  42%|████▎     | 510/1200 [03:49<05:23,  2.13it/s, buffer=102000, ret=0.00, success=0.00]
Training episodes:  42%|████▎     | 510/1200 [03:49<05:23,  2.13it/s, buffer=102200, ret=0.00, success=0.00]
Training episodes:  43%|████▎     | 511/1200 [03:49<05:20,  2.15it/s, buffer=102200, ret=0.00, success=0.00]
Training episodes:  43%|████▎     | 511/1200 [03:49<05:20,  2.15it/s, buffer=102400, ret=0.00, success=0.00]
Training episodes:  43%|████▎     | 512/1200 [03:49<05:21,  2.14it/s, buffer=102400, ret=0.00, success=0.00]
Training episodes:  43%|████▎     | 512/1200 [03:50<05:21,  2.14it/s, buffer=102600, ret=0.00, success=0.00]
Training episodes:  43%|████▎     | 513/1200 [03:50<05:18,  2.16it/s, buffer=102600, ret=0.00, success=0.00]
Training episodes:  43%|████▎     | 513/1200 [03:50<05:18,  2.16it/s, buffer=102800, ret=0.00, success=0.00]
Training episodes:  43%|████▎     | 514/1200 [03:50<05:18,  2.15it/s, buffer=102800, ret=0.00, success=0.00]
Training episodes:  43%|████▎     | 514/1200 [03:51<05:18,  2.15it/s, buffer=103000, ret=0.00, success=0.00]
Training episodes:  43%|████▎     | 515/1200 [03:51<05:17,  2.16it/s, buffer=103000, ret=0.00, success=0.00]
Training episodes:  43%|████▎     | 515/1200 [03:51<05:17,  2.16it/s, buffer=103200, ret=0.00, success=0.00]
Training episodes:  43%|████▎     | 516/1200 [03:51<05:14,  2.18it/s, buffer=103200, ret=0.00, success=0.00]
Training episodes:  43%|████▎     | 516/1200 [03:52<05:14,  2.18it/s, buffer=103400, ret=0.00, success=0.00]
Training episodes:  43%|████▎     | 517/1200 [03:52<05:14,  2.17it/s, buffer=103400, ret=0.00, success=0.00]
Training episodes:  43%|████▎     | 517/1200 [03:52<05:14,  2.17it/s, buffer=103600, ret=0.00, success=0.00]
Training episodes:  43%|████▎     | 518/1200 [03:52<05:12,  2.18it/s, buffer=103600, ret=0.00, success=0.00]
Training episodes:  43%|████▎     | 518/1200 [03:53<05:12,  2.18it/s, buffer=103800, ret=0.00, success=0.00]
Training episodes:  43%|████▎     | 519/1200 [03:53<05:14,  2.17it/s, buffer=103800, ret=0.00, success=0.00]
Training episodes:  43%|████▎     | 519/1200 [03:53<05:14,  2.17it/s, buffer=104000, ret=0.00, success=0.00]
Training episodes:  43%|████▎     | 520/1200 [03:53<05:11,  2.18it/s, buffer=104000, ret=0.00, success=0.00]
Training episodes:  43%|████▎     | 520/1200 [03:54<05:11,  2.18it/s, buffer=104200, ret=0.00, success=0.00]
Training episodes:  43%|████▎     | 521/1200 [03:54<05:09,  2.19it/s, buffer=104200, ret=0.00, success=0.00]
Training episodes:  43%|████▎     | 521/1200 [03:54<05:09,  2.19it/s, buffer=104400, ret=0.00, success=0.00]
Training episodes:  44%|████▎     | 522/1200 [03:54<05:10,  2.19it/s, buffer=104400, ret=0.00, success=0.00]
Training episodes:  44%|████▎     | 522/1200 [03:54<05:10,  2.19it/s, buffer=104600, ret=0.00, success=0.00]
Training episodes:  44%|████▎     | 523/1200 [03:54<05:10,  2.18it/s, buffer=104600, ret=0.00, success=0.00]
Training episodes:  44%|████▎     | 523/1200 [03:55<05:10,  2.18it/s, buffer=104800, ret=0.00, success=0.00]
Training episodes:  44%|████▎     | 524/1200 [03:55<05:11,  2.17it/s, buffer=104800, ret=0.00, success=0.00]
Training episodes:  44%|████▎     | 524/1200 [03:55<05:11,  2.17it/s, buffer=105000, ret=0.00, success=0.00]
Training episodes:  44%|████▍     | 525/1200 [03:55<05:10,  2.18it/s, buffer=105000, ret=0.00, success=0.00]
Training episodes:  44%|████▍     | 525/1200 [03:56<05:10,  2.18it/s, buffer=105200, ret=0.00, success=0.00]
Training episodes:  44%|████▍     | 526/1200 [03:56<05:10,  2.17it/s, buffer=105200, ret=0.00, success=0.00]
Training episodes:  44%|████▍     | 526/1200 [03:56<05:10,  2.17it/s, buffer=105400, ret=0.00, success=0.00]
Training episodes:  44%|████▍     | 527/1200 [03:56<05:09,  2.18it/s, buffer=105400, ret=0.00, success=0.00]
Training episodes:  44%|████▍     | 527/1200 [03:57<05:09,  2.18it/s, buffer=105600, ret=0.00, success=0.00]
Training episodes:  44%|████▍     | 528/1200 [03:57<05:11,  2.16it/s, buffer=105600, ret=0.00, success=0.00]
Training episodes:  44%|████▍     | 528/1200 [03:57<05:11,  2.16it/s, buffer=105800, ret=0.00, success=0.00]
Training episodes:  44%|████▍     | 529/1200 [03:57<05:09,  2.17it/s, buffer=105800, ret=0.00, success=0.00]
Training episodes:  44%|████▍     | 529/1200 [03:58<05:09,  2.17it/s, buffer=106000, ret=0.00, success=0.00]
Training episodes:  44%|████▍     | 530/1200 [03:58<05:11,  2.15it/s, buffer=106000, ret=0.00, success=0.00]
Training episodes:  44%|████▍     | 530/1200 [03:58<05:11,  2.15it/s, buffer=106200, ret=0.00, success=0.00]
Training episodes:  44%|████▍     | 531/1200 [03:58<05:11,  2.15it/s, buffer=106200, ret=0.00, success=0.00]
Training episodes:  44%|████▍     | 531/1200 [03:59<05:11,  2.15it/s, buffer=106400, ret=0.00, success=0.00]
Training episodes:  44%|████▍     | 532/1200 [03:59<05:13,  2.13it/s, buffer=106400, ret=0.00, success=0.00]
Training episodes:  44%|████▍     | 532/1200 [03:59<05:13,  2.13it/s, buffer=106600, ret=0.00, success=0.00]
Training episodes:  44%|████▍     | 533/1200 [03:59<05:13,  2.13it/s, buffer=106600, ret=0.00, success=0.00]
Training episodes:  44%|████▍     | 533/1200 [04:00<05:13,  2.13it/s, buffer=106800, ret=0.00, success=0.00]
Training episodes:  44%|████▍     | 534/1200 [04:00<05:11,  2.14it/s, buffer=106800, ret=0.00, success=0.00]
Training episodes:  44%|████▍     | 534/1200 [04:00<05:11,  2.14it/s, buffer=107000, ret=0.00, success=0.00]
Training episodes:  45%|████▍     | 535/1200 [04:00<05:10,  2.14it/s, buffer=107000, ret=0.00, success=0.00]
Training episodes:  45%|████▍     | 535/1200 [04:01<05:10,  2.14it/s, buffer=107200, ret=0.00, success=0.00]
Training episodes:  45%|████▍     | 536/1200 [04:01<05:10,  2.14it/s, buffer=107200, ret=0.00, success=0.00]
Training episodes:  45%|████▍     | 536/1200 [04:01<05:10,  2.14it/s, buffer=107400, ret=0.00, success=0.00]
Training episodes:  45%|████▍     | 537/1200 [04:01<05:08,  2.15it/s, buffer=107400, ret=0.00, success=0.00]
Training episodes:  45%|████▍     | 537/1200 [04:01<05:08,  2.15it/s, buffer=107600, ret=0.00, success=0.00]
Training episodes:  45%|████▍     | 538/1200 [04:01<05:09,  2.14it/s, buffer=107600, ret=0.00, success=0.00]
Training episodes:  45%|████▍     | 538/1200 [04:02<05:09,  2.14it/s, buffer=107800, ret=0.00, success=0.00]
Training episodes:  45%|████▍     | 539/1200 [04:02<05:10,  2.13it/s, buffer=107800, ret=0.00, success=0.00]
Training episodes:  45%|████▍     | 539/1200 [04:02<05:10,  2.13it/s, buffer=108000, ret=0.00, success=0.00]
Training episodes:  45%|████▌     | 540/1200 [04:02<05:07,  2.14it/s, buffer=108000, ret=0.00, success=0.00]
Training episodes:  45%|████▌     | 540/1200 [04:03<05:07,  2.14it/s, buffer=108200, ret=0.00, success=0.00]
Training episodes:  45%|████▌     | 541/1200 [04:03<05:09,  2.13it/s, buffer=108200, ret=0.00, success=0.00]
Training episodes:  45%|████▌     | 541/1200 [04:03<05:09,  2.13it/s, buffer=108400, ret=0.00, success=0.00]
Training episodes:  45%|████▌     | 542/1200 [04:03<05:09,  2.13it/s, buffer=108400, ret=0.00, success=0.00]
Training episodes:  45%|████▌     | 542/1200 [04:04<05:09,  2.13it/s, buffer=108600, ret=0.00, success=0.00]
Training episodes:  45%|████▌     | 543/1200 [04:04<05:10,  2.12it/s, buffer=108600, ret=0.00, success=0.00]
Training episodes:  45%|████▌     | 543/1200 [04:04<05:10,  2.12it/s, buffer=108800, ret=0.00, success=0.00]
Training episodes:  45%|████▌     | 544/1200 [04:04<05:08,  2.13it/s, buffer=108800, ret=0.00, success=0.00]
Training episodes:  45%|████▌     | 544/1200 [04:05<05:08,  2.13it/s, buffer=109000, ret=0.00, success=0.00]
Training episodes:  45%|████▌     | 545/1200 [04:05<05:11,  2.10it/s, buffer=109000, ret=0.00, success=0.00]
Training episodes:  45%|████▌     | 545/1200 [04:05<05:11,  2.10it/s, buffer=109200, ret=0.00, success=0.00]
Training episodes:  46%|████▌     | 546/1200 [04:05<05:09,  2.11it/s, buffer=109200, ret=0.00, success=0.00]
Training episodes:  46%|████▌     | 546/1200 [04:06<05:09,  2.11it/s, buffer=109400, ret=0.00, success=0.00]
Training episodes:  46%|████▌     | 547/1200 [04:06<05:07,  2.13it/s, buffer=109400, ret=0.00, success=0.00]
Training episodes:  46%|████▌     | 547/1200 [04:06<05:07,  2.13it/s, buffer=109600, ret=0.00, success=0.00]
Training episodes:  46%|████▌     | 548/1200 [04:06<05:07,  2.12it/s, buffer=109600, ret=0.00, success=0.00]
Training episodes:  46%|████▌     | 548/1200 [04:07<05:07,  2.12it/s, buffer=109800, ret=0.00, success=0.00]
Training episodes:  46%|████▌     | 549/1200 [04:07<05:04,  2.13it/s, buffer=109800, ret=0.00, success=0.00]
Training episodes:  46%|████▌     | 549/1200 [04:07<05:04,  2.13it/s, buffer=110000, ret=0.00, success=0.00]wandb: WARNING `fps` argument does not affect the frame rate of the video when providing a file path or raw bytes.

Training episodes:  46%|████▌     | 550/1200 [04:08<06:48,  1.59it/s, buffer=110000, ret=0.00, success=0.00]
Training episodes:  46%|████▌     | 550/1200 [04:08<06:48,  1.59it/s, buffer=110200, ret=0.00, success=0.00]
Training episodes:  46%|████▌     | 551/1200 [04:08<06:15,  1.73it/s, buffer=110200, ret=0.00, success=0.00]
Training episodes:  46%|████▌     | 551/1200 [04:09<06:15,  1.73it/s, buffer=110400, ret=0.00, success=0.00]
Training episodes:  46%|████▌     | 552/1200 [04:09<05:53,  1.83it/s, buffer=110400, ret=0.00, success=0.00]
Training episodes:  46%|████▌     | 552/1200 [04:09<05:53,  1.83it/s, buffer=110600, ret=0.00, success=0.00]
Training episodes:  46%|████▌     | 553/1200 [04:09<05:36,  1.92it/s, buffer=110600, ret=0.00, success=0.00]
Training episodes:  46%|████▌     | 553/1200 [04:10<05:36,  1.92it/s, buffer=110800, ret=0.00, success=0.00]
Training episodes:  46%|████▌     | 554/1200 [04:10<05:25,  1.99it/s, buffer=110800, ret=0.00, success=0.00]
Training episodes:  46%|████▌     | 554/1200 [04:10<05:25,  1.99it/s, buffer=111000, ret=0.00, success=0.00]
Training episodes:  46%|████▋     | 555/1200 [04:10<05:18,  2.02it/s, buffer=111000, ret=0.00, success=0.00]
Training episodes:  46%|████▋     | 555/1200 [04:10<05:18,  2.02it/s, buffer=111200, ret=0.00, success=0.00]
Training episodes:  46%|████▋     | 556/1200 [04:10<05:10,  2.07it/s, buffer=111200, ret=0.00, success=0.00]
Training episodes:  46%|████▋     | 556/1200 [04:11<05:10,  2.07it/s, buffer=111400, ret=0.00, success=0.00]
Training episodes:  46%|████▋     | 557/1200 [04:11<05:06,  2.10it/s, buffer=111400, ret=0.00, success=0.00]
Training episodes:  46%|████▋     | 557/1200 [04:11<05:06,  2.10it/s, buffer=111600, ret=0.00, success=0.00]
Training episodes:  46%|████▋     | 558/1200 [04:11<05:04,  2.11it/s, buffer=111600, ret=0.00, success=0.00]
Training episodes:  46%|████▋     | 558/1200 [04:12<05:04,  2.11it/s, buffer=111800, ret=0.00, success=0.00]
Training episodes:  47%|████▋     | 559/1200 [04:12<05:02,  2.12it/s, buffer=111800, ret=0.00, success=0.00]
Training episodes:  47%|████▋     | 559/1200 [04:12<05:02,  2.12it/s, buffer=112000, ret=0.00, success=0.00]
Training episodes:  47%|████▋     | 560/1200 [04:12<05:02,  2.12it/s, buffer=112000, ret=0.00, success=0.00]
Training episodes:  47%|████▋     | 560/1200 [04:13<05:02,  2.12it/s, buffer=112200, ret=0.00, success=0.00]
Training episodes:  47%|████▋     | 561/1200 [04:13<05:00,  2.13it/s, buffer=112200, ret=0.00, success=0.00]
Training episodes:  47%|████▋     | 561/1200 [04:13<05:00,  2.13it/s, buffer=112400, ret=0.00, success=0.00]
Training episodes:  47%|████▋     | 562/1200 [04:13<04:59,  2.13it/s, buffer=112400, ret=0.00, success=0.00]
Training episodes:  47%|████▋     | 562/1200 [04:14<04:59,  2.13it/s, buffer=112600, ret=0.00, success=0.00]
Training episodes:  47%|████▋     | 563/1200 [04:14<05:00,  2.12it/s, buffer=112600, ret=0.00, success=0.00]
Training episodes:  47%|████▋     | 563/1200 [04:14<05:00,  2.12it/s, buffer=112800, ret=0.00, success=0.00]
Training episodes:  47%|████▋     | 564/1200 [04:14<04:59,  2.12it/s, buffer=112800, ret=0.00, success=0.00]
Training episodes:  47%|████▋     | 564/1200 [04:15<04:59,  2.12it/s, buffer=113000, ret=0.00, success=0.00]
Training episodes:  47%|████▋     | 565/1200 [04:15<04:55,  2.15it/s, buffer=113000, ret=0.00, success=0.00]
Training episodes:  47%|████▋     | 565/1200 [04:15<04:55,  2.15it/s, buffer=113200, ret=0.00, success=0.00]
Training episodes:  47%|████▋     | 566/1200 [04:15<04:58,  2.13it/s, buffer=113200, ret=0.00, success=0.00]
Training episodes:  47%|████▋     | 566/1200 [04:16<04:58,  2.13it/s, buffer=113400, ret=0.00, success=0.00]
Training episodes:  47%|████▋     | 567/1200 [04:16<04:55,  2.14it/s, buffer=113400, ret=0.00, success=0.00]
Training episodes:  47%|████▋     | 567/1200 [04:16<04:55,  2.14it/s, buffer=113600, ret=0.00, success=0.00]
Training episodes:  47%|████▋     | 568/1200 [04:16<04:53,  2.15it/s, buffer=113600, ret=0.00, success=0.00]
Training episodes:  47%|████▋     | 568/1200 [04:17<04:53,  2.15it/s, buffer=113800, ret=0.00, success=0.00]
Training episodes:  47%|████▋     | 569/1200 [04:17<04:51,  2.16it/s, buffer=113800, ret=0.00, success=0.00]
Training episodes:  47%|████▋     | 569/1200 [04:17<04:51,  2.16it/s, buffer=114000, ret=0.00, success=0.00]
Training episodes:  48%|████▊     | 570/1200 [04:17<04:50,  2.17it/s, buffer=114000, ret=0.00, success=0.00]
Training episodes:  48%|████▊     | 570/1200 [04:17<04:50,  2.17it/s, buffer=114200, ret=0.00, success=0.00]
Training episodes:  48%|████▊     | 571/1200 [04:17<04:48,  2.18it/s, buffer=114200, ret=0.00, success=0.00]
Training episodes:  48%|████▊     | 571/1200 [04:18<04:48,  2.18it/s, buffer=114400, ret=0.00, success=0.00]
Training episodes:  48%|████▊     | 572/1200 [04:18<04:50,  2.16it/s, buffer=114400, ret=0.00, success=0.00]
Training episodes:  48%|████▊     | 572/1200 [04:18<04:50,  2.16it/s, buffer=114600, ret=0.00, success=0.00]
Training episodes:  48%|████▊     | 573/1200 [04:18<04:52,  2.15it/s, buffer=114600, ret=0.00, success=0.00]
Training episodes:  48%|████▊     | 573/1200 [04:19<04:52,  2.15it/s, buffer=114800, ret=0.00, success=0.00]
Training episodes:  48%|████▊     | 574/1200 [04:19<04:50,  2.16it/s, buffer=114800, ret=0.00, success=0.00]
Training episodes:  48%|████▊     | 574/1200 [04:19<04:50,  2.16it/s, buffer=115000, ret=0.00, success=0.00]
Training episodes:  48%|████▊     | 575/1200 [04:19<04:52,  2.14it/s, buffer=115000, ret=0.00, success=0.00]
Training episodes:  48%|████▊     | 575/1200 [04:20<04:52,  2.14it/s, buffer=115200, ret=0.00, success=0.00]
Training episodes:  48%|████▊     | 576/1200 [04:20<04:52,  2.13it/s, buffer=115200, ret=0.00, success=0.00]
Training episodes:  48%|████▊     | 576/1200 [04:20<04:52,  2.13it/s, buffer=115400, ret=0.00, success=0.00]
Training episodes:  48%|████▊     | 577/1200 [04:20<04:54,  2.12it/s, buffer=115400, ret=0.00, success=0.00]
Training episodes:  48%|████▊     | 577/1200 [04:21<04:54,  2.12it/s, buffer=115600, ret=0.00, success=0.00]
Training episodes:  48%|████▊     | 578/1200 [04:21<04:54,  2.11it/s, buffer=115600, ret=0.00, success=0.00]
Training episodes:  48%|████▊     | 578/1200 [04:21<04:54,  2.11it/s, buffer=115800, ret=0.00, success=0.00]
Training episodes:  48%|████▊     | 579/1200 [04:21<04:53,  2.12it/s, buffer=115800, ret=0.00, success=0.00]
Training episodes:  48%|████▊     | 579/1200 [04:22<04:53,  2.12it/s, buffer=116000, ret=0.00, success=0.00]
Training episodes:  48%|████▊     | 580/1200 [04:22<04:51,  2.13it/s, buffer=116000, ret=0.00, success=0.00]
Training episodes:  48%|████▊     | 580/1200 [04:22<04:51,  2.13it/s, buffer=116200, ret=0.00, success=0.00]
Training episodes:  48%|████▊     | 581/1200 [04:22<04:49,  2.14it/s, buffer=116200, ret=0.00, success=0.00]
Training episodes:  48%|████▊     | 581/1200 [04:23<04:49,  2.14it/s, buffer=116400, ret=0.00, success=0.00]
Training episodes:  48%|████▊     | 582/1200 [04:23<04:49,  2.13it/s, buffer=116400, ret=0.00, success=0.00]
Training episodes:  48%|████▊     | 582/1200 [04:23<04:49,  2.13it/s, buffer=116600, ret=0.00, success=0.00]
Training episodes:  49%|████▊     | 583/1200 [04:23<04:49,  2.13it/s, buffer=116600, ret=0.00, success=0.00]
Training episodes:  49%|████▊     | 583/1200 [04:24<04:49,  2.13it/s, buffer=116800, ret=0.00, success=0.00]
Training episodes:  49%|████▊     | 584/1200 [04:24<04:49,  2.13it/s, buffer=116800, ret=0.00, success=0.00]
Training episodes:  49%|████▊     | 584/1200 [04:24<04:49,  2.13it/s, buffer=117000, ret=0.00, success=0.00]
Training episodes:  49%|████▉     | 585/1200 [04:24<04:48,  2.13it/s, buffer=117000, ret=0.00, success=0.00]
Training episodes:  49%|████▉     | 585/1200 [04:24<04:48,  2.13it/s, buffer=117200, ret=0.00, success=0.00]
Training episodes:  49%|████▉     | 586/1200 [04:24<04:47,  2.14it/s, buffer=117200, ret=0.00, success=0.00]
Training episodes:  49%|████▉     | 586/1200 [04:25<04:47,  2.14it/s, buffer=117400, ret=0.00, success=0.00]
Training episodes:  49%|████▉     | 587/1200 [04:25<04:46,  2.14it/s, buffer=117400, ret=0.00, success=0.00]
Training episodes:  49%|████▉     | 587/1200 [04:25<04:46,  2.14it/s, buffer=117600, ret=0.00, success=0.00]
Training episodes:  49%|████▉     | 588/1200 [04:25<04:48,  2.12it/s, buffer=117600, ret=0.00, success=0.00]
Training episodes:  49%|████▉     | 588/1200 [04:26<04:48,  2.12it/s, buffer=117800, ret=0.00, success=0.00]
Training episodes:  49%|████▉     | 589/1200 [04:26<04:47,  2.13it/s, buffer=117800, ret=0.00, success=0.00]
Training episodes:  49%|████▉     | 589/1200 [04:26<04:47,  2.13it/s, buffer=118000, ret=0.00, success=0.00]
Training episodes:  49%|████▉     | 590/1200 [04:26<04:44,  2.15it/s, buffer=118000, ret=0.00, success=0.00]
Training episodes:  49%|████▉     | 590/1200 [04:27<04:44,  2.15it/s, buffer=118200, ret=0.00, success=0.00]
Training episodes:  49%|████▉     | 591/1200 [04:27<04:45,  2.13it/s, buffer=118200, ret=0.00, success=0.00]
Training episodes:  49%|████▉     | 591/1200 [04:27<04:45,  2.13it/s, buffer=118400, ret=0.00, success=0.00]
Training episodes:  49%|████▉     | 592/1200 [04:27<04:44,  2.14it/s, buffer=118400, ret=0.00, success=0.00]
Training episodes:  49%|████▉     | 592/1200 [04:28<04:44,  2.14it/s, buffer=118600, ret=0.00, success=0.00]
Training episodes:  49%|████▉     | 593/1200 [04:28<04:44,  2.14it/s, buffer=118600, ret=0.00, success=0.00]
Training episodes:  49%|████▉     | 593/1200 [04:28<04:44,  2.14it/s, buffer=118800, ret=0.00, success=0.00]
Training episodes:  50%|████▉     | 594/1200 [04:28<04:45,  2.13it/s, buffer=118800, ret=0.00, success=0.00]
Training episodes:  50%|████▉     | 594/1200 [04:29<04:45,  2.13it/s, buffer=119000, ret=0.00, success=0.00]
Training episodes:  50%|████▉     | 595/1200 [04:29<04:43,  2.13it/s, buffer=119000, ret=0.00, success=0.00]
Training episodes:  50%|████▉     | 595/1200 [04:29<04:43,  2.13it/s, buffer=119200, ret=0.00, success=0.00]
Training episodes:  50%|████▉     | 596/1200 [04:29<04:41,  2.14it/s, buffer=119200, ret=0.00, success=0.00]
Training episodes:  50%|████▉     | 596/1200 [04:30<04:41,  2.14it/s, buffer=119400, ret=0.00, success=0.00]
Training episodes:  50%|████▉     | 597/1200 [04:30<04:40,  2.15it/s, buffer=119400, ret=0.00, success=0.00]
Training episodes:  50%|████▉     | 597/1200 [04:30<04:40,  2.15it/s, buffer=119600, ret=0.00, success=0.00]
Training episodes:  50%|████▉     | 598/1200 [04:30<04:40,  2.14it/s, buffer=119600, ret=0.00, success=0.00]
Training episodes:  50%|████▉     | 598/1200 [04:31<04:40,  2.14it/s, buffer=119800, ret=0.00, success=0.00]
Training episodes:  50%|████▉     | 599/1200 [04:31<04:39,  2.15it/s, buffer=119800, ret=0.00, success=0.00]
Training episodes:  50%|████▉     | 599/1200 [04:31<04:39,  2.15it/s, buffer=120000, ret=0.00, success=0.00]wandb: WARNING `fps` argument does not affect the frame rate of the video when providing a file path or raw bytes.

Training episodes:  50%|█████     | 600/1200 [04:32<06:17,  1.59it/s, buffer=120000, ret=0.00, success=0.00]
Training episodes:  50%|█████     | 600/1200 [04:32<06:17,  1.59it/s, buffer=120200, ret=0.00, success=0.00]
Training episodes:  50%|█████     | 601/1200 [04:32<05:48,  1.72it/s, buffer=120200, ret=0.00, success=0.00]
Training episodes:  50%|█████     | 601/1200 [04:33<05:48,  1.72it/s, buffer=120400, ret=0.00, success=0.00]
Training episodes:  50%|█████     | 602/1200 [04:33<05:28,  1.82it/s, buffer=120400, ret=0.00, success=0.00]
Training episodes:  50%|█████     | 602/1200 [04:33<05:28,  1.82it/s, buffer=120600, ret=0.00, success=0.00]
Training episodes:  50%|█████     | 603/1200 [04:33<05:13,  1.91it/s, buffer=120600, ret=0.00, success=0.00]
Training episodes:  50%|█████     | 603/1200 [04:33<05:13,  1.91it/s, buffer=120800, ret=0.00, success=0.00]
Training episodes:  50%|█████     | 604/1200 [04:33<05:02,  1.97it/s, buffer=120800, ret=0.00, success=0.00]
Training episodes:  50%|█████     | 604/1200 [04:34<05:02,  1.97it/s, buffer=121000, ret=0.00, success=0.00]
Training episodes:  50%|█████     | 605/1200 [04:34<04:55,  2.01it/s, buffer=121000, ret=0.00, success=0.00]
Training episodes:  50%|█████     | 605/1200 [04:34<04:55,  2.01it/s, buffer=121200, ret=0.00, success=0.00]
Training episodes:  50%|█████     | 606/1200 [04:34<04:50,  2.04it/s, buffer=121200, ret=0.00, success=0.00]
Training episodes:  50%|█████     | 606/1200 [04:35<04:50,  2.04it/s, buffer=121400, ret=0.00, success=0.00]
Training episodes:  51%|█████     | 607/1200 [04:35<04:46,  2.07it/s, buffer=121400, ret=0.00, success=0.00]
Training episodes:  51%|█████     | 607/1200 [04:35<04:46,  2.07it/s, buffer=121600, ret=0.00, success=0.00]
Training episodes:  51%|█████     | 608/1200 [04:35<04:45,  2.08it/s, buffer=121600, ret=0.00, success=0.00]
Training episodes:  51%|█████     | 608/1200 [04:36<04:45,  2.08it/s, buffer=121800, ret=0.00, success=0.00]
Training episodes:  51%|█████     | 609/1200 [04:36<04:42,  2.09it/s, buffer=121800, ret=0.00, success=0.00]
Training episodes:  51%|█████     | 609/1200 [04:36<04:42,  2.09it/s, buffer=122000, ret=0.00, success=0.00]
Training episodes:  51%|█████     | 610/1200 [04:36<04:40,  2.10it/s, buffer=122000, ret=0.00, success=0.00]
Training episodes:  51%|█████     | 610/1200 [04:37<04:40,  2.10it/s, buffer=122200, ret=0.00, success=0.00]
Training episodes:  51%|█████     | 611/1200 [04:37<04:38,  2.12it/s, buffer=122200, ret=0.00, success=0.00]
Training episodes:  51%|█████     | 611/1200 [04:37<04:38,  2.12it/s, buffer=122400, ret=0.00, success=0.00]
Training episodes:  51%|█████     | 612/1200 [04:37<04:37,  2.12it/s, buffer=122400, ret=0.00, success=0.00]
Training episodes:  51%|█████     | 612/1200 [04:38<04:37,  2.12it/s, buffer=122600, ret=0.00, success=0.00]
Training episodes:  51%|█████     | 613/1200 [04:38<04:34,  2.14it/s, buffer=122600, ret=0.00, success=0.00]
Training episodes:  51%|█████     | 613/1200 [04:38<04:34,  2.14it/s, buffer=122800, ret=0.00, success=0.00]
Training episodes:  51%|█████     | 614/1200 [04:38<04:34,  2.14it/s, buffer=122800, ret=0.00, success=0.00]
Training episodes:  51%|█████     | 614/1200 [04:39<04:34,  2.14it/s, buffer=123000, ret=0.00, success=0.00]
Training episodes:  51%|█████▏    | 615/1200 [04:39<04:34,  2.13it/s, buffer=123000, ret=0.00, success=0.00]
Training episodes:  51%|█████▏    | 615/1200 [04:39<04:34,  2.13it/s, buffer=123200, ret=0.00, success=0.00]
Training episodes:  51%|█████▏    | 616/1200 [04:39<04:33,  2.13it/s, buffer=123200, ret=0.00, success=0.00]
Training episodes:  51%|█████▏    | 616/1200 [04:40<04:33,  2.13it/s, buffer=123400, ret=0.00, success=0.00]
Training episodes:  51%|█████▏    | 617/1200 [04:40<04:32,  2.14it/s, buffer=123400, ret=0.00, success=0.00]
Training episodes:  51%|█████▏    | 617/1200 [04:40<04:32,  2.14it/s, buffer=123600, ret=0.00, success=0.00]
Training episodes:  52%|█████▏    | 618/1200 [04:40<04:32,  2.14it/s, buffer=123600, ret=0.00, success=0.00]
Training episodes:  52%|█████▏    | 618/1200 [04:40<04:32,  2.14it/s, buffer=123800, ret=0.00, success=0.00]
Training episodes:  52%|█████▏    | 619/1200 [04:40<04:31,  2.14it/s, buffer=123800, ret=0.00, success=0.00]
Training episodes:  52%|█████▏    | 619/1200 [04:41<04:31,  2.14it/s, buffer=124000, ret=0.00, success=0.00]
Training episodes:  52%|█████▏    | 620/1200 [04:41<04:31,  2.13it/s, buffer=124000, ret=0.00, success=0.00]
Training episodes:  52%|█████▏    | 620/1200 [04:41<04:31,  2.13it/s, buffer=124200, ret=0.00, success=0.00]
Training episodes:  52%|█████▏    | 621/1200 [04:41<04:31,  2.14it/s, buffer=124200, ret=0.00, success=0.00]
Training episodes:  52%|█████▏    | 621/1200 [04:42<04:31,  2.14it/s, buffer=124400, ret=0.00, success=0.00]
Training episodes:  52%|█████▏    | 622/1200 [04:42<04:30,  2.13it/s, buffer=124400, ret=0.00, success=0.00]
Training episodes:  52%|█████▏    | 622/1200 [04:42<04:30,  2.13it/s, buffer=124600, ret=0.00, success=0.00]
Training episodes:  52%|█████▏    | 623/1200 [04:42<04:30,  2.14it/s, buffer=124600, ret=0.00, success=0.00]
Training episodes:  52%|█████▏    | 623/1200 [04:43<04:30,  2.14it/s, buffer=124800, ret=0.00, success=0.00]
Training episodes:  52%|█████▏    | 624/1200 [04:43<04:30,  2.13it/s, buffer=124800, ret=0.00, success=0.00]
Training episodes:  52%|█████▏    | 624/1200 [04:43<04:30,  2.13it/s, buffer=125000, ret=0.00, success=0.00]
Training episodes:  52%|█████▏    | 625/1200 [04:43<04:28,  2.14it/s, buffer=125000, ret=0.00, success=0.00]
Training episodes:  52%|█████▏    | 625/1200 [04:44<04:28,  2.14it/s, buffer=125200, ret=0.00, success=0.00]
Training episodes:  52%|█████▏    | 626/1200 [04:44<04:30,  2.12it/s, buffer=125200, ret=0.00, success=0.00]
Training episodes:  52%|█████▏    | 626/1200 [04:44<04:30,  2.12it/s, buffer=125400, ret=0.00, success=0.00]
Training episodes:  52%|█████▏    | 627/1200 [04:44<04:26,  2.15it/s, buffer=125400, ret=0.00, success=0.00]
Training episodes:  52%|█████▏    | 627/1200 [04:45<04:26,  2.15it/s, buffer=125600, ret=0.00, success=0.00]
Training episodes:  52%|█████▏    | 628/1200 [04:45<04:29,  2.12it/s, buffer=125600, ret=0.00, success=0.00]
Training episodes:  52%|█████▏    | 628/1200 [04:45<04:29,  2.12it/s, buffer=125800, ret=0.00, success=0.00]
Training episodes:  52%|█████▏    | 629/1200 [04:45<04:28,  2.13it/s, buffer=125800, ret=0.00, success=0.00]
Training episodes:  52%|█████▏    | 629/1200 [04:46<04:28,  2.13it/s, buffer=126000, ret=0.00, success=0.00]
Training episodes:  52%|█████▎    | 630/1200 [04:46<04:25,  2.14it/s, buffer=126000, ret=0.00, success=0.00]
Training episodes:  52%|█████▎    | 630/1200 [04:46<04:25,  2.14it/s, buffer=126200, ret=0.00, success=0.00]
Training episodes:  53%|█████▎    | 631/1200 [04:46<04:26,  2.13it/s, buffer=126200, ret=0.00, success=0.00]
Training episodes:  53%|█████▎    | 631/1200 [04:47<04:26,  2.13it/s, buffer=126400, ret=0.00, success=0.00]
Training episodes:  53%|█████▎    | 632/1200 [04:47<04:26,  2.13it/s, buffer=126400, ret=0.00, success=0.00]
Training episodes:  53%|█████▎    | 632/1200 [04:47<04:26,  2.13it/s, buffer=126600, ret=0.00, success=0.00]
Training episodes:  53%|█████▎    | 633/1200 [04:47<04:25,  2.13it/s, buffer=126600, ret=0.00, success=0.00]
Training episodes:  53%|█████▎    | 633/1200 [04:48<04:25,  2.13it/s, buffer=126800, ret=0.00, success=0.00]
Training episodes:  53%|█████▎    | 634/1200 [04:48<04:25,  2.13it/s, buffer=126800, ret=0.00, success=0.00]
Training episodes:  53%|█████▎    | 634/1200 [04:48<04:25,  2.13it/s, buffer=127000, ret=0.00, success=0.00]
Training episodes:  53%|█████▎    | 635/1200 [04:48<04:24,  2.14it/s, buffer=127000, ret=0.00, success=0.00]
Training episodes:  53%|█████▎    | 635/1200 [04:48<04:24,  2.14it/s, buffer=127200, ret=0.00, success=0.00]
Training episodes:  53%|█████▎    | 636/1200 [04:48<04:24,  2.13it/s, buffer=127200, ret=0.00, success=0.00]
Training episodes:  53%|█████▎    | 636/1200 [04:49<04:24,  2.13it/s, buffer=127400, ret=0.00, success=0.00]
Training episodes:  53%|█████▎    | 637/1200 [04:49<04:23,  2.13it/s, buffer=127400, ret=0.00, success=0.00]
Training episodes:  53%|█████▎    | 637/1200 [04:49<04:23,  2.13it/s, buffer=127600, ret=0.00, success=0.00]
Training episodes:  53%|█████▎    | 638/1200 [04:49<04:24,  2.12it/s, buffer=127600, ret=0.00, success=0.00]
Training episodes:  53%|█████▎    | 638/1200 [04:50<04:24,  2.12it/s, buffer=127800, ret=0.00, success=0.00]
Training episodes:  53%|█████▎    | 639/1200 [04:50<04:23,  2.13it/s, buffer=127800, ret=0.00, success=0.00]
Training episodes:  53%|█████▎    | 639/1200 [04:50<04:23,  2.13it/s, buffer=128000, ret=0.00, success=0.00]
Training episodes:  53%|█████▎    | 640/1200 [04:50<04:25,  2.11it/s, buffer=128000, ret=0.00, success=0.00]
Training episodes:  53%|█████▎    | 640/1200 [04:51<04:25,  2.11it/s, buffer=128200, ret=0.00, success=0.00]
Training episodes:  53%|█████▎    | 641/1200 [04:51<04:22,  2.13it/s, buffer=128200, ret=0.00, success=0.00]
Training episodes:  53%|█████▎    | 641/1200 [04:51<04:22,  2.13it/s, buffer=128400, ret=0.00, success=0.00]
Training episodes:  54%|█████▎    | 642/1200 [04:51<04:22,  2.13it/s, buffer=128400, ret=0.00, success=0.00]
Training episodes:  54%|█████▎    | 642/1200 [04:52<04:22,  2.13it/s, buffer=128600, ret=0.00, success=0.00]
Training episodes:  54%|█████▎    | 643/1200 [04:52<04:21,  2.13it/s, buffer=128600, ret=0.00, success=0.00]
Training episodes:  54%|█████▎    | 643/1200 [04:52<04:21,  2.13it/s, buffer=128800, ret=0.00, success=0.00]
Training episodes:  54%|█████▎    | 644/1200 [04:52<04:22,  2.12it/s, buffer=128800, ret=0.00, success=0.00]
Training episodes:  54%|█████▎    | 644/1200 [04:53<04:22,  2.12it/s, buffer=129000, ret=0.00, success=0.00]
Training episodes:  54%|█████▍    | 645/1200 [04:53<04:21,  2.12it/s, buffer=129000, ret=0.00, success=0.00]
Training episodes:  54%|█████▍    | 645/1200 [04:53<04:21,  2.12it/s, buffer=129200, ret=0.00, success=0.00]
Training episodes:  54%|█████▍    | 646/1200 [04:53<04:20,  2.13it/s, buffer=129200, ret=0.00, success=0.00]
Training episodes:  54%|█████▍    | 646/1200 [04:54<04:20,  2.13it/s, buffer=129400, ret=0.00, success=0.00]
Training episodes:  54%|█████▍    | 647/1200 [04:54<04:20,  2.12it/s, buffer=129400, ret=0.00, success=0.00]
Training episodes:  54%|█████▍    | 647/1200 [04:54<04:20,  2.12it/s, buffer=129600, ret=0.00, success=0.00]
Training episodes:  54%|█████▍    | 648/1200 [04:54<04:20,  2.12it/s, buffer=129600, ret=0.00, success=0.00]
Training episodes:  54%|█████▍    | 648/1200 [04:55<04:20,  2.12it/s, buffer=129800, ret=0.00, success=0.00]
Training episodes:  54%|█████▍    | 649/1200 [04:55<04:17,  2.14it/s, buffer=129800, ret=0.00, success=0.00]
Training episodes:  54%|█████▍    | 649/1200 [04:55<04:17,  2.14it/s, buffer=130000, ret=0.00, success=0.00]wandb: WARNING `fps` argument does not affect the frame rate of the video when providing a file path or raw bytes.

Training episodes:  54%|█████▍    | 650/1200 [04:56<05:42,  1.60it/s, buffer=130000, ret=0.00, success=0.00]
Training episodes:  54%|█████▍    | 650/1200 [04:56<05:42,  1.60it/s, buffer=130200, ret=0.00, success=0.00]
Training episodes:  54%|█████▍    | 651/1200 [04:56<05:15,  1.74it/s, buffer=130200, ret=0.00, success=0.00]
Training episodes:  54%|█████▍    | 651/1200 [04:56<05:15,  1.74it/s, buffer=130400, ret=0.00, success=0.00]
Training episodes:  54%|█████▍    | 652/1200 [04:56<04:55,  1.85it/s, buffer=130400, ret=0.00, success=0.00]
Training episodes:  54%|█████▍    | 652/1200 [04:57<04:55,  1.85it/s, buffer=130600, ret=0.00, success=0.00]
Training episodes:  54%|█████▍    | 653/1200 [04:57<04:43,  1.93it/s, buffer=130600, ret=0.00, success=0.00]
Training episodes:  54%|█████▍    | 653/1200 [04:57<04:43,  1.93it/s, buffer=130800, ret=0.00, success=0.00]
Training episodes:  55%|█████▍    | 654/1200 [04:57<04:36,  1.98it/s, buffer=130800, ret=0.00, success=0.00]
Training episodes:  55%|█████▍    | 654/1200 [04:58<04:36,  1.98it/s, buffer=131000, ret=0.00, success=0.00]
Training episodes:  55%|█████▍    | 655/1200 [04:58<04:28,  2.03it/s, buffer=131000, ret=0.00, success=0.00]
Training episodes:  55%|█████▍    | 655/1200 [04:58<04:28,  2.03it/s, buffer=131200, ret=0.00, success=0.00]
Training episodes:  55%|█████▍    | 656/1200 [04:58<04:24,  2.05it/s, buffer=131200, ret=0.00, success=0.00]
Training episodes:  55%|█████▍    | 656/1200 [04:59<04:24,  2.05it/s, buffer=131400, ret=0.00, success=0.00]
Training episodes:  55%|█████▍    | 657/1200 [04:59<04:19,  2.09it/s, buffer=131400, ret=0.00, success=0.00]
Training episodes:  55%|█████▍    | 657/1200 [04:59<04:19,  2.09it/s, buffer=131600, ret=0.00, success=0.00]
Training episodes:  55%|█████▍    | 658/1200 [04:59<04:14,  2.13it/s, buffer=131600, ret=0.00, success=0.00]
Training episodes:  55%|█████▍    | 658/1200 [05:00<04:14,  2.13it/s, buffer=131800, ret=0.00, success=0.00]
Training episodes:  55%|█████▍    | 659/1200 [05:00<04:12,  2.14it/s, buffer=131800, ret=0.00, success=0.00]
Training episodes:  55%|█████▍    | 659/1200 [05:00<04:12,  2.14it/s, buffer=132000, ret=0.00, success=0.00]
Training episodes:  55%|█████▌    | 660/1200 [05:00<04:12,  2.14it/s, buffer=132000, ret=0.00, success=0.00]
Training episodes:  55%|█████▌    | 660/1200 [05:01<04:12,  2.14it/s, buffer=132200, ret=0.00, success=0.00]
Training episodes:  55%|█████▌    | 661/1200 [05:01<04:12,  2.13it/s, buffer=132200, ret=0.00, success=0.00]
Training episodes:  55%|█████▌    | 661/1200 [05:01<04:12,  2.13it/s, buffer=132400, ret=0.00, success=0.00]
Training episodes:  55%|█████▌    | 662/1200 [05:01<04:10,  2.15it/s, buffer=132400, ret=0.00, success=0.00]
Training episodes:  55%|█████▌    | 662/1200 [05:02<04:10,  2.15it/s, buffer=132600, ret=0.00, success=0.00]
Training episodes:  55%|█████▌    | 663/1200 [05:02<04:09,  2.15it/s, buffer=132600, ret=0.00, success=0.00]
Training episodes:  55%|█████▌    | 663/1200 [05:02<04:09,  2.15it/s, buffer=132800, ret=0.00, success=0.00]
Training episodes:  55%|█████▌    | 664/1200 [05:02<04:09,  2.15it/s, buffer=132800, ret=0.00, success=0.00]
Training episodes:  55%|█████▌    | 664/1200 [05:03<04:09,  2.15it/s, buffer=133000, ret=0.00, success=0.00]
Training episodes:  55%|█████▌    | 665/1200 [05:03<04:10,  2.14it/s, buffer=133000, ret=0.00, success=0.00]
Training episodes:  55%|█████▌    | 665/1200 [05:03<04:10,  2.14it/s, buffer=133200, ret=0.00, success=0.00]
Training episodes:  56%|█████▌    | 666/1200 [05:03<04:09,  2.14it/s, buffer=133200, ret=0.00, success=0.00]
Training episodes:  56%|█████▌    | 666/1200 [05:03<04:09,  2.14it/s, buffer=133400, ret=0.00, success=0.00]
Training episodes:  56%|█████▌    | 667/1200 [05:03<04:08,  2.14it/s, buffer=133400, ret=0.00, success=0.00]
Training episodes:  56%|█████▌    | 667/1200 [05:04<04:08,  2.14it/s, buffer=133600, ret=0.00, success=0.00]
Training episodes:  56%|█████▌    | 668/1200 [05:04<04:07,  2.15it/s, buffer=133600, ret=0.00, success=0.00]
Training episodes:  56%|█████▌    | 668/1200 [05:04<04:07,  2.15it/s, buffer=133800, ret=0.00, success=0.00]
Training episodes:  56%|█████▌    | 669/1200 [05:04<04:06,  2.15it/s, buffer=133800, ret=0.00, success=0.00]
Training episodes:  56%|█████▌    | 669/1200 [05:05<04:06,  2.15it/s, buffer=134000, ret=0.00, success=0.00]
Training episodes:  56%|█████▌    | 670/1200 [05:05<04:04,  2.16it/s, buffer=134000, ret=0.00, success=0.00]
Training episodes:  56%|█████▌    | 670/1200 [05:05<04:04,  2.16it/s, buffer=134200, ret=0.00, success=0.00]
Training episodes:  56%|█████▌    | 671/1200 [05:05<04:03,  2.17it/s, buffer=134200, ret=0.00, success=0.00]
Training episodes:  56%|█████▌    | 671/1200 [05:06<04:03,  2.17it/s, buffer=134400, ret=0.00, success=0.00]
Training episodes:  56%|█████▌    | 672/1200 [05:06<04:03,  2.17it/s, buffer=134400, ret=0.00, success=0.00]
Training episodes:  56%|█████▌    | 672/1200 [05:06<04:03,  2.17it/s, buffer=134600, ret=0.00, success=0.00]
Training episodes:  56%|█████▌    | 673/1200 [05:06<04:02,  2.17it/s, buffer=134600, ret=0.00, success=0.00]
Training episodes:  56%|█████▌    | 673/1200 [05:07<04:02,  2.17it/s, buffer=134800, ret=0.00, success=0.00]
Training episodes:  56%|█████▌    | 674/1200 [05:07<04:03,  2.16it/s, buffer=134800, ret=0.00, success=0.00]
Training episodes:  56%|█████▌    | 674/1200 [05:07<04:03,  2.16it/s, buffer=135000, ret=0.00, success=0.00]
Training episodes:  56%|█████▋    | 675/1200 [05:07<04:01,  2.17it/s, buffer=135000, ret=0.00, success=0.00]
Training episodes:  56%|█████▋    | 675/1200 [05:08<04:01,  2.17it/s, buffer=135200, ret=0.00, success=0.00]
Training episodes:  56%|█████▋    | 676/1200 [05:08<04:01,  2.17it/s, buffer=135200, ret=0.00, success=0.00]
Training episodes:  56%|█████▋    | 676/1200 [05:08<04:01,  2.17it/s, buffer=135400, ret=0.00, success=0.00]
Training episodes:  56%|█████▋    | 677/1200 [05:08<04:03,  2.15it/s, buffer=135400, ret=0.00, success=0.00]
Training episodes:  56%|█████▋    | 677/1200 [05:09<04:03,  2.15it/s, buffer=135600, ret=0.00, success=0.00]
Training episodes:  56%|█████▋    | 678/1200 [05:09<04:03,  2.14it/s, buffer=135600, ret=0.00, success=0.00]
Training episodes:  56%|█████▋    | 678/1200 [05:09<04:03,  2.14it/s, buffer=135800, ret=0.00, success=0.00]
Training episodes:  57%|█████▋    | 679/1200 [05:09<04:03,  2.14it/s, buffer=135800, ret=0.00, success=0.00]
Training episodes:  57%|█████▋    | 679/1200 [05:09<04:03,  2.14it/s, buffer=136000, ret=0.00, success=0.00]
Training episodes:  57%|█████▋    | 680/1200 [05:09<04:02,  2.14it/s, buffer=136000, ret=0.00, success=0.00]
Training episodes:  57%|█████▋    | 680/1200 [05:10<04:02,  2.14it/s, buffer=136200, ret=0.00, success=0.00]
Training episodes:  57%|█████▋    | 681/1200 [05:10<04:01,  2.15it/s, buffer=136200, ret=0.00, success=0.00]
Training episodes:  57%|█████▋    | 681/1200 [05:10<04:01,  2.15it/s, buffer=136400, ret=0.00, success=0.00]
Training episodes:  57%|█████▋    | 682/1200 [05:10<04:01,  2.14it/s, buffer=136400, ret=0.00, success=0.00]
Training episodes:  57%|█████▋    | 682/1200 [05:11<04:01,  2.14it/s, buffer=136600, ret=0.00, success=0.00]
Training episodes:  57%|█████▋    | 683/1200 [05:11<04:03,  2.12it/s, buffer=136600, ret=0.00, success=0.00]
Training episodes:  57%|█████▋    | 683/1200 [05:11<04:03,  2.12it/s, buffer=136800, ret=0.00, success=0.00]
Training episodes:  57%|█████▋    | 684/1200 [05:11<04:04,  2.11it/s, buffer=136800, ret=0.00, success=0.00]
Training episodes:  57%|█████▋    | 684/1200 [05:12<04:04,  2.11it/s, buffer=137000, ret=0.00, success=0.00]
Training episodes:  57%|█████▋    | 685/1200 [05:12<04:03,  2.12it/s, buffer=137000, ret=0.00, success=0.00]
Training episodes:  57%|█████▋    | 685/1200 [05:12<04:03,  2.12it/s, buffer=137200, ret=0.00, success=0.00]
Training episodes:  57%|█████▋    | 686/1200 [05:12<04:02,  2.12it/s, buffer=137200, ret=0.00, success=0.00]
Training episodes:  57%|█████▋    | 686/1200 [05:13<04:02,  2.12it/s, buffer=137400, ret=0.00, success=0.00]
Training episodes:  57%|█████▋    | 687/1200 [05:13<04:02,  2.12it/s, buffer=137400, ret=0.00, success=0.00]
Training episodes:  57%|█████▋    | 687/1200 [05:13<04:02,  2.12it/s, buffer=137600, ret=0.00, success=0.00]
Training episodes:  57%|█████▋    | 688/1200 [05:13<04:03,  2.10it/s, buffer=137600, ret=0.00, success=0.00]
Training episodes:  57%|█████▋    | 688/1200 [05:14<04:03,  2.10it/s, buffer=137800, ret=0.00, success=0.00]
Training episodes:  57%|█████▋    | 689/1200 [05:14<04:02,  2.11it/s, buffer=137800, ret=0.00, success=0.00]
Training episodes:  57%|█████▋    | 689/1200 [05:14<04:02,  2.11it/s, buffer=138000, ret=0.00, success=0.00]
Training episodes:  57%|█████▊    | 690/1200 [05:14<04:01,  2.11it/s, buffer=138000, ret=0.00, success=0.00]
Training episodes:  57%|█████▊    | 690/1200 [05:15<04:01,  2.11it/s, buffer=138200, ret=0.00, success=0.00]
Training episodes:  58%|█████▊    | 691/1200 [05:15<03:59,  2.13it/s, buffer=138200, ret=0.00, success=0.00]
Training episodes:  58%|█████▊    | 691/1200 [05:15<03:59,  2.13it/s, buffer=138400, ret=0.00, success=0.00]
Training episodes:  58%|█████▊    | 692/1200 [05:15<03:57,  2.13it/s, buffer=138400, ret=0.00, success=0.00]
Training episodes:  58%|█████▊    | 692/1200 [05:16<03:57,  2.13it/s, buffer=138600, ret=0.00, success=0.00]
Training episodes:  58%|█████▊    | 693/1200 [05:16<03:56,  2.15it/s, buffer=138600, ret=0.00, success=0.00]
Training episodes:  58%|█████▊    | 693/1200 [05:16<03:56,  2.15it/s, buffer=138800, ret=0.00, success=0.00]
Training episodes:  58%|█████▊    | 694/1200 [05:16<03:56,  2.14it/s, buffer=138800, ret=0.00, success=0.00]
Training episodes:  58%|█████▊    | 694/1200 [05:17<03:56,  2.14it/s, buffer=139000, ret=0.00, success=0.00]
Training episodes:  58%|█████▊    | 695/1200 [05:17<03:56,  2.13it/s, buffer=139000, ret=0.00, success=0.00]
Training episodes:  58%|█████▊    | 695/1200 [05:17<03:56,  2.13it/s, buffer=139200, ret=0.00, success=0.00]
Training episodes:  58%|█████▊    | 696/1200 [05:17<03:54,  2.15it/s, buffer=139200, ret=0.00, success=0.00]
Training episodes:  58%|█████▊    | 696/1200 [05:17<03:54,  2.15it/s, buffer=139400, ret=0.00, success=0.00]
Training episodes:  58%|█████▊    | 697/1200 [05:17<03:54,  2.14it/s, buffer=139400, ret=0.00, success=0.00]
Training episodes:  58%|█████▊    | 697/1200 [05:18<03:54,  2.14it/s, buffer=139600, ret=0.00, success=0.00]
Training episodes:  58%|█████▊    | 698/1200 [05:18<03:55,  2.13it/s, buffer=139600, ret=0.00, success=0.00]
Training episodes:  58%|█████▊    | 698/1200 [05:18<03:55,  2.13it/s, buffer=139800, ret=0.00, success=0.00]
Training episodes:  58%|█████▊    | 699/1200 [05:18<03:55,  2.13it/s, buffer=139800, ret=0.00, success=0.00]
Training episodes:  58%|█████▊    | 699/1200 [05:19<03:55,  2.13it/s, buffer=140000, ret=0.00, success=0.00]wandb: WARNING `fps` argument does not affect the frame rate of the video when providing a file path or raw bytes.

Training episodes:  58%|█████▊    | 700/1200 [05:19<05:14,  1.59it/s, buffer=140000, ret=0.00, success=0.00]
Training episodes:  58%|█████▊    | 700/1200 [05:20<05:14,  1.59it/s, buffer=140200, ret=0.00, success=0.00]
Training episodes:  58%|█████▊    | 701/1200 [05:20<04:48,  1.73it/s, buffer=140200, ret=0.00, success=0.00]
Training episodes:  58%|█████▊    | 701/1200 [05:20<04:48,  1.73it/s, buffer=140400, ret=0.00, success=0.00]
Training episodes:  58%|█████▊    | 702/1200 [05:20<04:30,  1.84it/s, buffer=140400, ret=0.00, success=0.00]
Training episodes:  58%|█████▊    | 702/1200 [05:21<04:30,  1.84it/s, buffer=140600, ret=0.00, success=0.00]
Training episodes:  59%|█████▊    | 703/1200 [05:21<04:16,  1.94it/s, buffer=140600, ret=0.00, success=0.00]
Training episodes:  59%|█████▊    | 703/1200 [05:21<04:16,  1.94it/s, buffer=140800, ret=0.00, success=0.00]
Training episodes:  59%|█████▊    | 704/1200 [05:21<04:10,  1.98it/s, buffer=140800, ret=0.00, success=0.00]
Training episodes:  59%|█████▊    | 704/1200 [05:22<04:10,  1.98it/s, buffer=141000, ret=0.00, success=0.00]
Training episodes:  59%|█████▉    | 705/1200 [05:22<04:04,  2.02it/s, buffer=141000, ret=0.00, success=0.00]
Training episodes:  59%|█████▉    | 705/1200 [05:22<04:04,  2.02it/s, buffer=141200, ret=0.00, success=0.00]
Training episodes:  59%|█████▉    | 706/1200 [05:22<04:01,  2.04it/s, buffer=141200, ret=0.00, success=0.00]
Training episodes:  59%|█████▉    | 706/1200 [05:23<04:01,  2.04it/s, buffer=141400, ret=0.00, success=0.00]
Training episodes:  59%|█████▉    | 707/1200 [05:23<03:59,  2.06it/s, buffer=141400, ret=0.00, success=0.00]
Training episodes:  59%|█████▉    | 707/1200 [05:23<03:59,  2.06it/s, buffer=141600, ret=0.00, success=0.00]
Training episodes:  59%|█████▉    | 708/1200 [05:23<03:56,  2.08it/s, buffer=141600, ret=0.00, success=0.00]
Training episodes:  59%|█████▉    | 708/1200 [05:24<03:56,  2.08it/s, buffer=141800, ret=0.00, success=0.00]
Training episodes:  59%|█████▉    | 709/1200 [05:24<03:56,  2.07it/s, buffer=141800, ret=0.00, success=0.00]
Training episodes:  59%|█████▉    | 709/1200 [05:24<03:56,  2.07it/s, buffer=142000, ret=0.00, success=0.00]
Training episodes:  59%|█████▉    | 710/1200 [05:24<03:53,  2.10it/s, buffer=142000, ret=0.00, success=0.00]
Training episodes:  59%|█████▉    | 710/1200 [05:25<03:53,  2.10it/s, buffer=142200, ret=0.00, success=0.00]
Training episodes:  59%|█████▉    | 711/1200 [05:25<03:50,  2.12it/s, buffer=142200, ret=0.00, success=0.00]
Training episodes:  59%|█████▉    | 711/1200 [05:25<03:50,  2.12it/s, buffer=142400, ret=0.00, success=0.00]
Training episodes:  59%|█████▉    | 712/1200 [05:25<03:50,  2.12it/s, buffer=142400, ret=0.00, success=0.00]
Training episodes:  59%|█████▉    | 712/1200 [05:25<03:50,  2.12it/s, buffer=142600, ret=0.00, success=0.00]
Training episodes:  59%|█████▉    | 713/1200 [05:25<03:47,  2.14it/s, buffer=142600, ret=0.00, success=0.00]
Training episodes:  59%|█████▉    | 713/1200 [05:26<03:47,  2.14it/s, buffer=142800, ret=0.00, success=0.00]
Training episodes:  60%|█████▉    | 714/1200 [05:26<03:46,  2.14it/s, buffer=142800, ret=0.00, success=0.00]
Training episodes:  60%|█████▉    | 714/1200 [05:26<03:46,  2.14it/s, buffer=143000, ret=0.00, success=0.00]
Training episodes:  60%|█████▉    | 715/1200 [05:26<03:47,  2.13it/s, buffer=143000, ret=0.00, success=0.00]
Training episodes:  60%|█████▉    | 715/1200 [05:27<03:47,  2.13it/s, buffer=143200, ret=0.00, success=0.00]
Training episodes:  60%|█████▉    | 716/1200 [05:27<03:48,  2.12it/s, buffer=143200, ret=0.00, success=0.00]
Training episodes:  60%|█████▉    | 716/1200 [05:27<03:48,  2.12it/s, buffer=143400, ret=0.00, success=0.00]
Training episodes:  60%|█████▉    | 717/1200 [05:27<03:47,  2.12it/s, buffer=143400, ret=0.00, success=0.00]
Training episodes:  60%|█████▉    | 717/1200 [05:28<03:47,  2.12it/s, buffer=143600, ret=0.00, success=0.00]
Training episodes:  60%|█████▉    | 718/1200 [05:28<03:46,  2.12it/s, buffer=143600, ret=0.00, success=0.00]
Training episodes:  60%|█████▉    | 718/1200 [05:28<03:46,  2.12it/s, buffer=143800, ret=0.00, success=0.00]
Training episodes:  60%|█████▉    | 719/1200 [05:28<03:48,  2.11it/s, buffer=143800, ret=0.00, success=0.00]
Training episodes:  60%|█████▉    | 719/1200 [05:29<03:48,  2.11it/s, buffer=144000, ret=0.00, success=0.00]
Training episodes:  60%|██████    | 720/1200 [05:29<03:45,  2.12it/s, buffer=144000, ret=0.00, success=0.00]
Training episodes:  60%|██████    | 720/1200 [05:29<03:45,  2.12it/s, buffer=144200, ret=0.00, success=0.00]
Training episodes:  60%|██████    | 721/1200 [05:29<03:45,  2.13it/s, buffer=144200, ret=0.00, success=0.00]
Training episodes:  60%|██████    | 721/1200 [05:30<03:45,  2.13it/s, buffer=144400, ret=0.00, success=0.00]
Training episodes:  60%|██████    | 722/1200 [05:30<03:44,  2.13it/s, buffer=144400, ret=0.00, success=0.00]
Training episodes:  60%|██████    | 722/1200 [05:30<03:44,  2.13it/s, buffer=144600, ret=0.00, success=0.00]
Training episodes:  60%|██████    | 723/1200 [05:30<03:44,  2.13it/s, buffer=144600, ret=0.00, success=0.00]
Training episodes:  60%|██████    | 723/1200 [05:31<03:44,  2.13it/s, buffer=144800, ret=0.00, success=0.00]
Training episodes:  60%|██████    | 724/1200 [05:31<03:45,  2.12it/s, buffer=144800, ret=0.00, success=0.00]
Training episodes:  60%|██████    | 724/1200 [05:31<03:45,  2.12it/s, buffer=145000, ret=0.00, success=0.00]
Training episodes:  60%|██████    | 725/1200 [05:31<03:45,  2.11it/s, buffer=145000, ret=0.00, success=0.00]
Training episodes:  60%|██████    | 725/1200 [05:32<03:45,  2.11it/s, buffer=145200, ret=0.00, success=0.00]
Training episodes:  60%|██████    | 726/1200 [05:32<03:44,  2.11it/s, buffer=145200, ret=0.00, success=0.00]
Training episodes:  60%|██████    | 726/1200 [05:32<03:44,  2.11it/s, buffer=145400, ret=0.00, success=0.00]
Training episodes:  61%|██████    | 727/1200 [05:32<03:43,  2.12it/s, buffer=145400, ret=0.00, success=0.00]
Training episodes:  61%|██████    | 727/1200 [05:33<03:43,  2.12it/s, buffer=145600, ret=0.00, success=0.00]
Training episodes:  61%|██████    | 728/1200 [05:33<03:42,  2.12it/s, buffer=145600, ret=0.00, success=0.00]
Training episodes:  61%|██████    | 728/1200 [05:33<03:42,  2.12it/s, buffer=145800, ret=0.00, success=0.00]
Training episodes:  61%|██████    | 729/1200 [05:33<03:41,  2.13it/s, buffer=145800, ret=0.00, success=0.00]
Training episodes:  61%|██████    | 729/1200 [05:34<03:41,  2.13it/s, buffer=146000, ret=0.00, success=0.00]
Training episodes:  61%|██████    | 730/1200 [05:34<03:40,  2.13it/s, buffer=146000, ret=0.00, success=0.00]
Training episodes:  61%|██████    | 730/1200 [05:34<03:40,  2.13it/s, buffer=146200, ret=0.00, success=0.00]
Training episodes:  61%|██████    | 731/1200 [05:34<03:38,  2.15it/s, buffer=146200, ret=0.00, success=0.00]
Training episodes:  61%|██████    | 731/1200 [05:34<03:38,  2.15it/s, buffer=146400, ret=0.00, success=0.00]
Training episodes:  61%|██████    | 732/1200 [05:34<03:39,  2.13it/s, buffer=146400, ret=0.00, success=0.00]
Training episodes:  61%|██████    | 732/1200 [05:35<03:39,  2.13it/s, buffer=146600, ret=0.00, success=0.00]
Training episodes:  61%|██████    | 733/1200 [05:35<03:39,  2.13it/s, buffer=146600, ret=0.00, success=0.00]
Training episodes:  61%|██████    | 733/1200 [05:35<03:39,  2.13it/s, buffer=146800, ret=0.00, success=0.00]
Training episodes:  61%|██████    | 734/1200 [05:35<03:37,  2.14it/s, buffer=146800, ret=0.00, success=0.00]
Training episodes:  61%|██████    | 734/1200 [05:36<03:37,  2.14it/s, buffer=147000, ret=0.00, success=0.00]
Training episodes:  61%|██████▏   | 735/1200 [05:36<03:37,  2.13it/s, buffer=147000, ret=0.00, success=0.00]
Training episodes:  61%|██████▏   | 735/1200 [05:36<03:37,  2.13it/s, buffer=147200, ret=0.00, success=0.00]
Training episodes:  61%|██████▏   | 736/1200 [05:36<03:35,  2.15it/s, buffer=147200, ret=0.00, success=0.00]
Training episodes:  61%|██████▏   | 736/1200 [05:37<03:35,  2.15it/s, buffer=147400, ret=0.00, success=0.00]
Training episodes:  61%|██████▏   | 737/1200 [05:37<03:37,  2.13it/s, buffer=147400, ret=0.00, success=0.00]
Training episodes:  61%|██████▏   | 737/1200 [05:37<03:37,  2.13it/s, buffer=147600, ret=0.00, success=0.00]
Training episodes:  62%|██████▏   | 738/1200 [05:37<03:37,  2.13it/s, buffer=147600, ret=0.00, success=0.00]
Training episodes:  62%|██████▏   | 738/1200 [05:38<03:37,  2.13it/s, buffer=147800, ret=0.00, success=0.00]
Training episodes:  62%|██████▏   | 739/1200 [05:38<03:38,  2.11it/s, buffer=147800, ret=0.00, success=0.00]
Training episodes:  62%|██████▏   | 739/1200 [05:38<03:38,  2.11it/s, buffer=148000, ret=0.00, success=0.00]
Training episodes:  62%|██████▏   | 740/1200 [05:38<03:38,  2.10it/s, buffer=148000, ret=0.00, success=0.00]
Training episodes:  62%|██████▏   | 740/1200 [05:39<03:38,  2.10it/s, buffer=148200, ret=0.00, success=0.00]
Training episodes:  62%|██████▏   | 741/1200 [05:39<03:37,  2.11it/s, buffer=148200, ret=0.00, success=0.00]
Training episodes:  62%|██████▏   | 741/1200 [05:39<03:37,  2.11it/s, buffer=148400, ret=0.00, success=0.00]
Training episodes:  62%|██████▏   | 742/1200 [05:39<03:35,  2.13it/s, buffer=148400, ret=0.00, success=0.00]
Training episodes:  62%|██████▏   | 742/1200 [05:40<03:35,  2.13it/s, buffer=148600, ret=0.00, success=0.00]
Training episodes:  62%|██████▏   | 743/1200 [05:40<03:33,  2.14it/s, buffer=148600, ret=0.00, success=0.00]
Training episodes:  62%|██████▏   | 743/1200 [05:40<03:33,  2.14it/s, buffer=148800, ret=0.00, success=0.00]
Training episodes:  62%|██████▏   | 744/1200 [05:40<03:33,  2.14it/s, buffer=148800, ret=0.00, success=0.00]
Training episodes:  62%|██████▏   | 744/1200 [05:41<03:33,  2.14it/s, buffer=149000, ret=0.00, success=0.00]
Training episodes:  62%|██████▏   | 745/1200 [05:41<03:32,  2.14it/s, buffer=149000, ret=0.00, success=0.00]
Training episodes:  62%|██████▏   | 745/1200 [05:41<03:32,  2.14it/s, buffer=149200, ret=0.00, success=0.00]
Training episodes:  62%|██████▏   | 746/1200 [05:41<03:33,  2.13it/s, buffer=149200, ret=0.00, success=0.00]
Training episodes:  62%|██████▏   | 746/1200 [05:42<03:33,  2.13it/s, buffer=149400, ret=0.00, success=0.00]
Training episodes:  62%|██████▏   | 747/1200 [05:42<03:34,  2.11it/s, buffer=149400, ret=0.00, success=0.00]
Training episodes:  62%|██████▏   | 747/1200 [05:42<03:34,  2.11it/s, buffer=149600, ret=0.00, success=0.00]
Training episodes:  62%|██████▏   | 748/1200 [05:42<03:34,  2.11it/s, buffer=149600, ret=0.00, success=0.00]
Training episodes:  62%|██████▏   | 748/1200 [05:42<03:34,  2.11it/s, buffer=149800, ret=0.00, success=0.00]
Training episodes:  62%|██████▏   | 749/1200 [05:42<03:33,  2.11it/s, buffer=149800, ret=0.00, success=0.00]
Training episodes:  62%|██████▏   | 749/1200 [05:43<03:33,  2.11it/s, buffer=150000, ret=0.00, success=0.00]wandb: WARNING `fps` argument does not affect the frame rate of the video when providing a file path or raw bytes.

Training episodes:  62%|██████▎   | 750/1200 [05:43<04:43,  1.58it/s, buffer=150000, ret=0.00, success=0.00]
Training episodes:  62%|██████▎   | 750/1200 [05:44<04:43,  1.58it/s, buffer=150200, ret=0.00, success=0.00]
Training episodes:  63%|██████▎   | 751/1200 [05:44<04:22,  1.71it/s, buffer=150200, ret=0.00, success=0.00]
Training episodes:  63%|██████▎   | 751/1200 [05:44<04:22,  1.71it/s, buffer=150400, ret=0.00, success=0.00]
Training episodes:  63%|██████▎   | 752/1200 [05:44<04:06,  1.82it/s, buffer=150400, ret=0.00, success=0.00]
Training episodes:  63%|██████▎   | 752/1200 [05:45<04:06,  1.82it/s, buffer=150600, ret=0.00, success=0.00]
Training episodes:  63%|██████▎   | 753/1200 [05:45<03:56,  1.89it/s, buffer=150600, ret=0.00, success=0.00]
Training episodes:  63%|██████▎   | 753/1200 [05:45<03:56,  1.89it/s, buffer=150800, ret=0.00, success=0.00]
Training episodes:  63%|██████▎   | 754/1200 [05:45<03:47,  1.96it/s, buffer=150800, ret=0.00, success=0.00]
Training episodes:  63%|██████▎   | 754/1200 [05:46<03:47,  1.96it/s, buffer=151000, ret=0.00, success=0.00]
Training episodes:  63%|██████▎   | 755/1200 [05:46<03:41,  2.01it/s, buffer=151000, ret=0.00, success=0.00]
Training episodes:  63%|██████▎   | 755/1200 [05:46<03:41,  2.01it/s, buffer=151200, ret=0.00, success=0.00]
Training episodes:  63%|██████▎   | 756/1200 [05:46<03:37,  2.04it/s, buffer=151200, ret=0.00, success=0.00]
Training episodes:  63%|██████▎   | 756/1200 [05:47<03:37,  2.04it/s, buffer=151400, ret=0.00, success=0.00]
Training episodes:  63%|██████▎   | 757/1200 [05:47<03:35,  2.05it/s, buffer=151400, ret=0.00, success=0.00]
Training episodes:  63%|██████▎   | 757/1200 [05:47<03:35,  2.05it/s, buffer=151600, ret=0.00, success=0.00]
Training episodes:  63%|██████▎   | 758/1200 [05:47<03:33,  2.07it/s, buffer=151600, ret=0.00, success=0.00]
Training episodes:  63%|██████▎   | 758/1200 [05:48<03:33,  2.07it/s, buffer=151800, ret=0.00, success=0.00]
Training episodes:  63%|██████▎   | 759/1200 [05:48<03:31,  2.09it/s, buffer=151800, ret=0.00, success=0.00]
Training episodes:  63%|██████▎   | 759/1200 [05:48<03:31,  2.09it/s, buffer=152000, ret=0.00, success=0.00]
Training episodes:  63%|██████▎   | 760/1200 [05:48<03:29,  2.10it/s, buffer=152000, ret=0.00, success=0.00]
Training episodes:  63%|██████▎   | 760/1200 [05:49<03:29,  2.10it/s, buffer=152200, ret=0.00, success=0.00]
Training episodes:  63%|██████▎   | 761/1200 [05:49<03:28,  2.11it/s, buffer=152200, ret=0.00, success=0.00]
Training episodes:  63%|██████▎   | 761/1200 [05:49<03:28,  2.11it/s, buffer=152400, ret=0.00, success=0.00]
Training episodes:  64%|██████▎   | 762/1200 [05:49<03:26,  2.12it/s, buffer=152400, ret=0.00, success=0.00]
Training episodes:  64%|██████▎   | 762/1200 [05:50<03:26,  2.12it/s, buffer=152600, ret=0.00, success=0.00]
Training episodes:  64%|██████▎   | 763/1200 [05:50<03:25,  2.12it/s, buffer=152600, ret=0.00, success=0.00]
Training episodes:  64%|██████▎   | 763/1200 [05:50<03:25,  2.12it/s, buffer=152800, ret=0.00, success=0.00]
Training episodes:  64%|██████▎   | 764/1200 [05:50<03:25,  2.13it/s, buffer=152800, ret=0.00, success=0.00]
Training episodes:  64%|██████▎   | 764/1200 [05:51<03:25,  2.13it/s, buffer=153000, ret=0.00, success=0.00]
Training episodes:  64%|██████▍   | 765/1200 [05:51<03:23,  2.13it/s, buffer=153000, ret=0.00, success=0.00]
Training episodes:  64%|██████▍   | 765/1200 [05:51<03:23,  2.13it/s, buffer=153200, ret=0.00, success=0.00]
Training episodes:  64%|██████▍   | 766/1200 [05:51<03:23,  2.13it/s, buffer=153200, ret=0.00, success=0.00]
Training episodes:  64%|██████▍   | 766/1200 [05:51<03:23,  2.13it/s, buffer=153400, ret=0.00, success=0.00]
Training episodes:  64%|██████▍   | 767/1200 [05:51<03:23,  2.13it/s, buffer=153400, ret=0.00, success=0.00]
Training episodes:  64%|██████▍   | 767/1200 [05:52<03:23,  2.13it/s, buffer=153600, ret=0.00, success=0.00]
Training episodes:  64%|██████▍   | 768/1200 [05:52<03:22,  2.13it/s, buffer=153600, ret=0.00, success=0.00]
Training episodes:  64%|██████▍   | 768/1200 [05:52<03:22,  2.13it/s, buffer=153800, ret=0.00, success=0.00]
Training episodes:  64%|██████▍   | 769/1200 [05:52<03:21,  2.14it/s, buffer=153800, ret=0.00, success=0.00]
Training episodes:  64%|██████▍   | 769/1200 [05:53<03:21,  2.14it/s, buffer=154000, ret=0.00, success=0.00]
Training episodes:  64%|██████▍   | 770/1200 [05:53<03:21,  2.13it/s, buffer=154000, ret=0.00, success=0.00]
Training episodes:  64%|██████▍   | 770/1200 [05:53<03:21,  2.13it/s, buffer=154200, ret=0.00, success=0.00]
Training episodes:  64%|██████▍   | 771/1200 [05:53<03:21,  2.12it/s, buffer=154200, ret=0.00, success=0.00]
Training episodes:  64%|██████▍   | 771/1200 [05:54<03:21,  2.12it/s, buffer=154400, ret=0.00, success=0.00]
Training episodes:  64%|██████▍   | 772/1200 [05:54<03:21,  2.13it/s, buffer=154400, ret=0.00, success=0.00]
Training episodes:  64%|██████▍   | 772/1200 [05:54<03:21,  2.13it/s, buffer=154600, ret=0.00, success=0.00]
Training episodes:  64%|██████▍   | 773/1200 [05:54<03:21,  2.12it/s, buffer=154600, ret=0.00, success=0.00]
Training episodes:  64%|██████▍   | 773/1200 [05:55<03:21,  2.12it/s, buffer=154800, ret=0.00, success=0.00]
Training episodes:  64%|██████▍   | 774/1200 [05:55<03:20,  2.12it/s, buffer=154800, ret=0.00, success=0.00]
Training episodes:  64%|██████▍   | 774/1200 [05:55<03:20,  2.12it/s, buffer=155000, ret=0.00, success=0.00]
Training episodes:  65%|██████▍   | 775/1200 [05:55<03:20,  2.11it/s, buffer=155000, ret=0.00, success=0.00]
Training episodes:  65%|██████▍   | 775/1200 [05:56<03:20,  2.11it/s, buffer=155200, ret=0.00, success=0.00]
Training episodes:  65%|██████▍   | 776/1200 [05:56<03:19,  2.12it/s, buffer=155200, ret=0.00, success=0.00]
Training episodes:  65%|██████▍   | 776/1200 [05:56<03:19,  2.12it/s, buffer=155400, ret=0.00, success=0.00]
Training episodes:  65%|██████▍   | 777/1200 [05:56<03:19,  2.12it/s, buffer=155400, ret=0.00, success=0.00]
Training episodes:  65%|██████▍   | 777/1200 [05:57<03:19,  2.12it/s, buffer=155600, ret=0.00, success=0.00]
Training episodes:  65%|██████▍   | 778/1200 [05:57<03:18,  2.12it/s, buffer=155600, ret=0.00, success=0.00]
Training episodes:  65%|██████▍   | 778/1200 [05:57<03:18,  2.12it/s, buffer=155800, ret=0.00, success=0.00]
Training episodes:  65%|██████▍   | 779/1200 [05:57<03:18,  2.12it/s, buffer=155800, ret=0.00, success=0.00]
Training episodes:  65%|██████▍   | 779/1200 [05:58<03:18,  2.12it/s, buffer=156000, ret=0.00, success=0.00]
Training episodes:  65%|██████▌   | 780/1200 [05:58<03:17,  2.12it/s, buffer=156000, ret=0.00, success=0.00]
Training episodes:  65%|██████▌   | 780/1200 [05:58<03:17,  2.12it/s, buffer=156200, ret=0.00, success=0.00]
Training episodes:  65%|██████▌   | 781/1200 [05:58<03:17,  2.12it/s, buffer=156200, ret=0.00, success=0.00]
Training episodes:  65%|██████▌   | 781/1200 [05:59<03:17,  2.12it/s, buffer=156400, ret=0.00, success=0.00]
Training episodes:  65%|██████▌   | 782/1200 [05:59<03:16,  2.12it/s, buffer=156400, ret=0.00, success=0.00]
Training episodes:  65%|██████▌   | 782/1200 [05:59<03:16,  2.12it/s, buffer=156600, ret=0.00, success=0.00]
Training episodes:  65%|██████▌   | 783/1200 [05:59<03:16,  2.12it/s, buffer=156600, ret=0.00, success=0.00]
Training episodes:  65%|██████▌   | 783/1200 [05:59<03:16,  2.12it/s, buffer=156800, ret=0.00, success=0.00]
Training episodes:  65%|██████▌   | 784/1200 [05:59<03:20,  2.08it/s, buffer=156800, ret=0.00, success=0.00]
Training episodes:  65%|██████▌   | 784/1200 [06:00<03:20,  2.08it/s, buffer=157000, ret=0.00, success=0.00]
Training episodes:  65%|██████▌   | 785/1200 [06:00<03:19,  2.08it/s, buffer=157000, ret=0.00, success=0.00]
Training episodes:  65%|██████▌   | 785/1200 [06:00<03:19,  2.08it/s, buffer=157200, ret=0.00, success=0.00]
Training episodes:  66%|██████▌   | 786/1200 [06:00<03:16,  2.11it/s, buffer=157200, ret=0.00, success=0.00]
Training episodes:  66%|██████▌   | 786/1200 [06:01<03:16,  2.11it/s, buffer=157400, ret=0.00, success=0.00]
Training episodes:  66%|██████▌   | 787/1200 [06:01<03:14,  2.12it/s, buffer=157400, ret=0.00, success=0.00]
Training episodes:  66%|██████▌   | 787/1200 [06:01<03:14,  2.12it/s, buffer=157600, ret=0.00, success=0.00]
Training episodes:  66%|██████▌   | 788/1200 [06:01<03:14,  2.12it/s, buffer=157600, ret=0.00, success=0.00]
Training episodes:  66%|██████▌   | 788/1200 [06:02<03:14,  2.12it/s, buffer=157800, ret=0.00, success=0.00]
Training episodes:  66%|██████▌   | 789/1200 [06:02<03:15,  2.10it/s, buffer=157800, ret=0.00, success=0.00]
Training episodes:  66%|██████▌   | 789/1200 [06:02<03:15,  2.10it/s, buffer=158000, ret=0.00, success=0.00]
Training episodes:  66%|██████▌   | 790/1200 [06:02<03:14,  2.11it/s, buffer=158000, ret=0.00, success=0.00]
Training episodes:  66%|██████▌   | 790/1200 [06:03<03:14,  2.11it/s, buffer=158200, ret=0.00, success=0.00]
Training episodes:  66%|██████▌   | 791/1200 [06:03<03:12,  2.13it/s, buffer=158200, ret=0.00, success=0.00]
Training episodes:  66%|██████▌   | 791/1200 [06:03<03:12,  2.13it/s, buffer=158400, ret=0.00, success=0.00]
Training episodes:  66%|██████▌   | 792/1200 [06:03<03:11,  2.13it/s, buffer=158400, ret=0.00, success=0.00]
Training episodes:  66%|██████▌   | 792/1200 [06:04<03:11,  2.13it/s, buffer=158600, ret=0.00, success=0.00]
Training episodes:  66%|██████▌   | 793/1200 [06:04<03:11,  2.13it/s, buffer=158600, ret=0.00, success=0.00]
Training episodes:  66%|██████▌   | 793/1200 [06:04<03:11,  2.13it/s, buffer=158800, ret=0.00, success=0.00]
Training episodes:  66%|██████▌   | 794/1200 [06:04<03:11,  2.12it/s, buffer=158800, ret=0.00, success=0.00]
Training episodes:  66%|██████▌   | 794/1200 [06:05<03:11,  2.12it/s, buffer=159000, ret=0.00, success=0.00]
Training episodes:  66%|██████▋   | 795/1200 [06:05<03:11,  2.11it/s, buffer=159000, ret=0.00, success=0.00]
Training episodes:  66%|██████▋   | 795/1200 [06:05<03:11,  2.11it/s, buffer=159200, ret=0.00, success=0.00]
Training episodes:  66%|██████▋   | 796/1200 [06:05<03:10,  2.12it/s, buffer=159200, ret=0.00, success=0.00]
Training episodes:  66%|██████▋   | 796/1200 [06:06<03:10,  2.12it/s, buffer=159400, ret=0.00, success=0.00]
Training episodes:  66%|██████▋   | 797/1200 [06:06<03:11,  2.10it/s, buffer=159400, ret=0.00, success=0.00]
Training episodes:  66%|██████▋   | 797/1200 [06:06<03:11,  2.10it/s, buffer=159600, ret=0.00, success=0.00]
Training episodes:  66%|██████▋   | 798/1200 [06:06<03:10,  2.11it/s, buffer=159600, ret=0.00, success=0.00]
Training episodes:  66%|██████▋   | 798/1200 [06:07<03:10,  2.11it/s, buffer=159800, ret=0.00, success=0.00]
Training episodes:  67%|██████▋   | 799/1200 [06:07<03:09,  2.12it/s, buffer=159800, ret=0.00, success=0.00]
Training episodes:  67%|██████▋   | 799/1200 [06:07<03:09,  2.12it/s, buffer=160000, ret=0.00, success=0.00]wandb: WARNING `fps` argument does not affect the frame rate of the video when providing a file path or raw bytes.

Training episodes:  67%|██████▋   | 800/1200 [06:08<04:13,  1.58it/s, buffer=160000, ret=0.00, success=0.00]
Training episodes:  67%|██████▋   | 800/1200 [06:08<04:13,  1.58it/s, buffer=160000, ret=0.00, success=0.00]
Training episodes:  67%|██████▋   | 801/1200 [06:08<03:52,  1.71it/s, buffer=160000, ret=0.00, success=0.00]
Training episodes:  67%|██████▋   | 801/1200 [06:09<03:52,  1.71it/s, buffer=160000, ret=0.00, success=0.00]
Training episodes:  67%|██████▋   | 802/1200 [06:09<03:38,  1.82it/s, buffer=160000, ret=0.00, success=0.00]
Training episodes:  67%|██████▋   | 802/1200 [06:09<03:38,  1.82it/s, buffer=160000, ret=0.00, success=0.00]
Training episodes:  67%|██████▋   | 803/1200 [06:09<03:29,  1.90it/s, buffer=160000, ret=0.00, success=0.00]
Training episodes:  67%|██████▋   | 803/1200 [06:09<03:29,  1.90it/s, buffer=160000, ret=0.00, success=0.00]
Training episodes:  67%|██████▋   | 804/1200 [06:09<03:21,  1.96it/s, buffer=160000, ret=0.00, success=0.00]
Training episodes:  67%|██████▋   | 804/1200 [06:10<03:21,  1.96it/s, buffer=160000, ret=0.00, success=0.00]
Training episodes:  67%|██████▋   | 805/1200 [06:10<03:16,  2.01it/s, buffer=160000, ret=0.00, success=0.00]
Training episodes:  67%|██████▋   | 805/1200 [06:10<03:16,  2.01it/s, buffer=160000, ret=0.00, success=0.00]
Training episodes:  67%|██████▋   | 806/1200 [06:10<03:14,  2.03it/s, buffer=160000, ret=0.00, success=0.00]
Training episodes:  67%|██████▋   | 806/1200 [06:11<03:14,  2.03it/s, buffer=160000, ret=0.00, success=0.00]
Training episodes:  67%|██████▋   | 807/1200 [06:11<03:10,  2.06it/s, buffer=160000, ret=0.00, success=0.00]
Training episodes:  67%|██████▋   | 807/1200 [06:11<03:10,  2.06it/s, buffer=160000, ret=0.00, success=0.00]
Training episodes:  67%|██████▋   | 808/1200 [06:11<03:08,  2.08it/s, buffer=160000, ret=0.00, success=0.00]
Training episodes:  67%|██████▋   | 808/1200 [06:12<03:08,  2.08it/s, buffer=160000, ret=0.00, success=0.00]
Training episodes:  67%|██████▋   | 809/1200 [06:12<03:06,  2.09it/s, buffer=160000, ret=0.00, success=0.00]
Training episodes:  67%|██████▋   | 809/1200 [06:12<03:06,  2.09it/s, buffer=160000, ret=0.00, success=0.00]
Training episodes:  68%|██████▊   | 810/1200 [06:12<03:06,  2.09it/s, buffer=160000, ret=0.00, success=0.00]
Training episodes:  68%|██████▊   | 810/1200 [06:13<03:06,  2.09it/s, buffer=160000, ret=0.00, success=0.00]
Training episodes:  68%|██████▊   | 811/1200 [06:13<03:06,  2.09it/s, buffer=160000, ret=0.00, success=0.00]
Training episodes:  68%|██████▊   | 811/1200 [06:13<03:06,  2.09it/s, buffer=160000, ret=0.00, success=0.00]
Training episodes:  68%|██████▊   | 812/1200 [06:13<03:04,  2.10it/s, buffer=160000, ret=0.00, success=0.00]
Training episodes:  68%|██████▊   | 812/1200 [06:14<03:04,  2.10it/s, buffer=160000, ret=0.00, success=0.00]
Training episodes:  68%|██████▊   | 813/1200 [06:14<03:03,  2.11it/s, buffer=160000, ret=0.00, success=0.00]
Training episodes:  68%|██████▊   | 813/1200 [06:14<03:03,  2.11it/s, buffer=160000, ret=0.00, success=0.00]
Training episodes:  68%|██████▊   | 814/1200 [06:14<03:01,  2.13it/s, buffer=160000, ret=0.00, success=0.00]
Training episodes:  68%|██████▊   | 814/1200 [06:15<03:01,  2.13it/s, buffer=160000, ret=0.00, success=0.00]
Training episodes:  68%|██████▊   | 815/1200 [06:15<03:00,  2.13it/s, buffer=160000, ret=0.00, success=0.00]
Training episodes:  68%|██████▊   | 815/1200 [06:15<03:00,  2.13it/s, buffer=160000, ret=0.00, success=0.00]
Training episodes:  68%|██████▊   | 816/1200 [06:15<03:00,  2.13it/s, buffer=160000, ret=0.00, success=0.00]
Training episodes:  68%|██████▊   | 816/1200 [06:16<03:00,  2.13it/s, buffer=160000, ret=0.00, success=0.00]
Training episodes:  68%|██████▊   | 817/1200 [06:16<03:00,  2.13it/s, buffer=160000, ret=0.00, success=0.00]
Training episodes:  68%|██████▊   | 817/1200 [06:16<03:00,  2.13it/s, buffer=160000, ret=0.00, success=0.00]
Training episodes:  68%|██████▊   | 818/1200 [06:16<03:00,  2.11it/s, buffer=160000, ret=0.00, success=0.00]
Training episodes:  68%|██████▊   | 818/1200 [06:17<03:00,  2.11it/s, buffer=160000, ret=0.00, success=0.00]
Training episodes:  68%|██████▊   | 819/1200 [06:17<03:00,  2.12it/s, buffer=160000, ret=0.00, success=0.00]
Training episodes:  68%|██████▊   | 819/1200 [06:17<03:00,  2.12it/s, buffer=160000, ret=0.00, success=0.00]
Training episodes:  68%|██████▊   | 820/1200 [06:17<02:58,  2.13it/s, buffer=160000, ret=0.00, success=0.00]
Training episodes:  68%|██████▊   | 820/1200 [06:17<02:58,  2.13it/s, buffer=160000, ret=0.00, success=0.00]
Training episodes:  68%|██████▊   | 821/1200 [06:17<02:57,  2.13it/s, buffer=160000, ret=0.00, success=0.00]
Training episodes:  68%|██████▊   | 821/1200 [06:18<02:57,  2.13it/s, buffer=160000, ret=0.00, success=0.00]
Training episodes:  68%|██████▊   | 822/1200 [06:18<02:58,  2.12it/s, buffer=160000, ret=0.00, success=0.00]
Training episodes:  68%|██████▊   | 822/1200 [06:18<02:58,  2.12it/s, buffer=160000, ret=0.00, success=0.00]
Training episodes:  69%|██████▊   | 823/1200 [06:18<02:57,  2.12it/s, buffer=160000, ret=0.00, success=0.00]
Training episodes:  69%|██████▊   | 823/1200 [06:19<02:57,  2.12it/s, buffer=160000, ret=0.00, success=0.00]
Training episodes:  69%|██████▊   | 824/1200 [06:19<02:57,  2.12it/s, buffer=160000, ret=0.00, success=0.00]
Training episodes:  69%|██████▊   | 824/1200 [06:19<02:57,  2.12it/s, buffer=160000, ret=0.00, success=0.00]
Training episodes:  69%|██████▉   | 825/1200 [06:19<02:58,  2.10it/s, buffer=160000, ret=0.00, success=0.00]
Training episodes:  69%|██████▉   | 825/1200 [06:20<02:58,  2.10it/s, buffer=160000, ret=0.00, success=0.00]
Training episodes:  69%|██████▉   | 826/1200 [06:20<02:56,  2.11it/s, buffer=160000, ret=0.00, success=0.00]
Training episodes:  69%|██████▉   | 826/1200 [06:20<02:56,  2.11it/s, buffer=160000, ret=0.00, success=0.00]
Training episodes:  69%|██████▉   | 827/1200 [06:20<02:56,  2.12it/s, buffer=160000, ret=0.00, success=0.00]
Training episodes:  69%|██████▉   | 827/1200 [06:21<02:56,  2.12it/s, buffer=160000, ret=0.00, success=0.00]
Training episodes:  69%|██████▉   | 828/1200 [06:21<02:54,  2.13it/s, buffer=160000, ret=0.00, success=0.00]
Training episodes:  69%|██████▉   | 828/1200 [06:21<02:54,  2.13it/s, buffer=160000, ret=0.00, success=0.00]
Training episodes:  69%|██████▉   | 829/1200 [06:21<02:53,  2.14it/s, buffer=160000, ret=0.00, success=0.00]
Training episodes:  69%|██████▉   | 829/1200 [06:22<02:53,  2.14it/s, buffer=160000, ret=0.00, success=0.00]
Training episodes:  69%|██████▉   | 830/1200 [06:22<02:53,  2.13it/s, buffer=160000, ret=0.00, success=0.00]
Training episodes:  69%|██████▉   | 830/1200 [06:22<02:53,  2.13it/s, buffer=160000, ret=0.00, success=0.00]
Training episodes:  69%|██████▉   | 831/1200 [06:22<02:53,  2.13it/s, buffer=160000, ret=0.00, success=0.00]
Training episodes:  69%|██████▉   | 831/1200 [06:23<02:53,  2.13it/s, buffer=160000, ret=0.00, success=0.00]
Training episodes:  69%|██████▉   | 832/1200 [06:23<02:52,  2.14it/s, buffer=160000, ret=0.00, success=0.00]
Training episodes:  69%|██████▉   | 832/1200 [06:23<02:52,  2.14it/s, buffer=160000, ret=0.00, success=0.00]
Training episodes:  69%|██████▉   | 833/1200 [06:23<02:50,  2.15it/s, buffer=160000, ret=0.00, success=0.00]
Training episodes:  69%|██████▉   | 833/1200 [06:24<02:50,  2.15it/s, buffer=160000, ret=0.00, success=0.00]
Training episodes:  70%|██████▉   | 834/1200 [06:24<02:51,  2.13it/s, buffer=160000, ret=0.00, success=0.00]
Training episodes:  70%|██████▉   | 834/1200 [06:24<02:51,  2.13it/s, buffer=160000, ret=0.00, success=0.00]
Training episodes:  70%|██████▉   | 835/1200 [06:24<02:52,  2.12it/s, buffer=160000, ret=0.00, success=0.00]
Training episodes:  70%|██████▉   | 835/1200 [06:25<02:52,  2.12it/s, buffer=160000, ret=0.00, success=0.00]
Training episodes:  70%|██████▉   | 836/1200 [06:25<02:49,  2.14it/s, buffer=160000, ret=0.00, success=0.00]
Training episodes:  70%|██████▉   | 836/1200 [06:25<02:49,  2.14it/s, buffer=160000, ret=0.00, success=0.00]
Training episodes:  70%|██████▉   | 837/1200 [06:25<02:48,  2.15it/s, buffer=160000, ret=0.00, success=0.00]
Training episodes:  70%|██████▉   | 837/1200 [06:25<02:48,  2.15it/s, buffer=160000, ret=0.00, success=0.00]
Training episodes:  70%|██████▉   | 838/1200 [06:25<02:48,  2.14it/s, buffer=160000, ret=0.00, success=0.00]
Training episodes:  70%|██████▉   | 838/1200 [06:26<02:48,  2.14it/s, buffer=160000, ret=0.00, success=0.00]
Training episodes:  70%|██████▉   | 839/1200 [06:26<02:50,  2.12it/s, buffer=160000, ret=0.00, success=0.00]
Training episodes:  70%|██████▉   | 839/1200 [06:26<02:50,  2.12it/s, buffer=160000, ret=0.00, success=0.00]
Training episodes:  70%|███████   | 840/1200 [06:26<02:50,  2.12it/s, buffer=160000, ret=0.00, success=0.00]
Training episodes:  70%|███████   | 840/1200 [06:27<02:50,  2.12it/s, buffer=160000, ret=0.00, success=0.00]
Training episodes:  70%|███████   | 841/1200 [06:27<02:51,  2.09it/s, buffer=160000, ret=0.00, success=0.00]
Training episodes:  70%|███████   | 841/1200 [06:27<02:51,  2.09it/s, buffer=160000, ret=0.00, success=0.00]
Training episodes:  70%|███████   | 842/1200 [06:27<02:51,  2.09it/s, buffer=160000, ret=0.00, success=0.00]
Training episodes:  70%|███████   | 842/1200 [06:28<02:51,  2.09it/s, buffer=160000, ret=0.00, success=0.00]
Training episodes:  70%|███████   | 843/1200 [06:28<02:50,  2.09it/s, buffer=160000, ret=0.00, success=0.00]
Training episodes:  70%|███████   | 843/1200 [06:28<02:50,  2.09it/s, buffer=160000, ret=0.00, success=0.00]
Training episodes:  70%|███████   | 844/1200 [06:28<02:48,  2.12it/s, buffer=160000, ret=0.00, success=0.00]
Training episodes:  70%|███████   | 844/1200 [06:29<02:48,  2.12it/s, buffer=160000, ret=0.00, success=0.00]
Training episodes:  70%|███████   | 845/1200 [06:29<02:48,  2.11it/s, buffer=160000, ret=0.00, success=0.00]
Training episodes:  70%|███████   | 845/1200 [06:29<02:48,  2.11it/s, buffer=160000, ret=0.00, success=0.00]
Training episodes:  70%|███████   | 846/1200 [06:29<02:46,  2.13it/s, buffer=160000, ret=0.00, success=0.00]
Training episodes:  70%|███████   | 846/1200 [06:30<02:46,  2.13it/s, buffer=160000, ret=0.00, success=0.00]
Training episodes:  71%|███████   | 847/1200 [06:30<02:45,  2.14it/s, buffer=160000, ret=0.00, success=0.00]
Training episodes:  71%|███████   | 847/1200 [06:30<02:45,  2.14it/s, buffer=160000, ret=0.00, success=0.00]
Training episodes:  71%|███████   | 848/1200 [06:30<02:43,  2.15it/s, buffer=160000, ret=0.00, success=0.00]
Training episodes:  71%|███████   | 848/1200 [06:31<02:43,  2.15it/s, buffer=160000, ret=0.00, success=0.00]
Training episodes:  71%|███████   | 849/1200 [06:31<02:42,  2.15it/s, buffer=160000, ret=0.00, success=0.00]
Training episodes:  71%|███████   | 849/1200 [06:31<02:42,  2.15it/s, buffer=160000, ret=0.00, success=0.00]wandb: WARNING `fps` argument does not affect the frame rate of the video when providing a file path or raw bytes.

Training episodes:  71%|███████   | 850/1200 [06:32<03:39,  1.60it/s, buffer=160000, ret=0.00, success=0.00]
Training episodes:  71%|███████   | 850/1200 [06:32<03:39,  1.60it/s, buffer=160000, ret=0.00, success=0.00]
Training episodes:  71%|███████   | 851/1200 [06:32<03:22,  1.73it/s, buffer=160000, ret=0.00, success=0.00]
Training episodes:  71%|███████   | 851/1200 [06:33<03:22,  1.73it/s, buffer=160000, ret=0.00, success=0.00]
Training episodes:  71%|███████   | 852/1200 [06:33<03:10,  1.83it/s, buffer=160000, ret=0.00, success=0.00]
Training episodes:  71%|███████   | 852/1200 [06:33<03:10,  1.83it/s, buffer=160000, ret=0.00, success=0.00]
Training episodes:  71%|███████   | 853/1200 [06:33<03:01,  1.91it/s, buffer=160000, ret=0.00, success=0.00]
Training episodes:  71%|███████   | 853/1200 [06:34<03:01,  1.91it/s, buffer=160000, ret=0.00, success=0.00]
Training episodes:  71%|███████   | 854/1200 [06:34<02:54,  1.99it/s, buffer=160000, ret=0.00, success=0.00]
Training episodes:  71%|███████   | 854/1200 [06:34<02:54,  1.99it/s, buffer=160000, ret=0.00, success=0.00]
Training episodes:  71%|███████▏  | 855/1200 [06:34<02:50,  2.03it/s, buffer=160000, ret=0.00, success=0.00]
Training episodes:  71%|███████▏  | 855/1200 [06:34<02:50,  2.03it/s, buffer=160000, ret=0.00, success=0.00]
Training episodes:  71%|███████▏  | 856/1200 [06:34<02:48,  2.04it/s, buffer=160000, ret=0.00, success=0.00]
Training episodes:  71%|███████▏  | 856/1200 [06:35<02:48,  2.04it/s, buffer=160000, ret=0.00, success=0.00]
Training episodes:  71%|███████▏  | 857/1200 [06:35<02:46,  2.05it/s, buffer=160000, ret=0.00, success=0.00]
Training episodes:  71%|███████▏  | 857/1200 [06:35<02:46,  2.05it/s, buffer=160000, ret=0.00, success=0.00]
Training episodes:  72%|███████▏  | 858/1200 [06:35<02:44,  2.07it/s, buffer=160000, ret=0.00, success=0.00]
Training episodes:  72%|███████▏  | 858/1200 [06:36<02:44,  2.07it/s, buffer=160000, ret=0.00, success=0.00]
Training episodes:  72%|███████▏  | 859/1200 [06:36<02:43,  2.09it/s, buffer=160000, ret=0.00, success=0.00]
Training episodes:  72%|███████▏  | 859/1200 [06:36<02:43,  2.09it/s, buffer=160000, ret=0.00, success=0.00]
Training episodes:  72%|███████▏  | 860/1200 [06:36<02:40,  2.12it/s, buffer=160000, ret=0.00, success=0.00]
Training episodes:  72%|███████▏  | 860/1200 [06:37<02:40,  2.12it/s, buffer=160000, ret=0.00, success=0.00]
Training episodes:  72%|███████▏  | 861/1200 [06:37<02:39,  2.13it/s, buffer=160000, ret=0.00, success=0.00]
Training episodes:  72%|███████▏  | 861/1200 [06:37<02:39,  2.13it/s, buffer=160000, ret=0.00, success=0.00]
Training episodes:  72%|███████▏  | 862/1200 [06:37<02:37,  2.14it/s, buffer=160000, ret=0.00, success=0.00]
Training episodes:  72%|███████▏  | 862/1200 [06:38<02:37,  2.14it/s, buffer=160000, ret=0.00, success=0.00]
Training episodes:  72%|███████▏  | 863/1200 [06:38<02:37,  2.14it/s, buffer=160000, ret=0.00, success=0.00]
Training episodes:  72%|███████▏  | 863/1200 [06:38<02:37,  2.14it/s, buffer=160000, ret=0.00, success=0.00]
Training episodes:  72%|███████▏  | 864/1200 [06:38<02:36,  2.14it/s, buffer=160000, ret=0.00, success=0.00]
Training episodes:  72%|███████▏  | 864/1200 [06:39<02:36,  2.14it/s, buffer=160000, ret=0.00, success=0.00]
Training episodes:  72%|███████▏  | 865/1200 [06:39<02:38,  2.11it/s, buffer=160000, ret=0.00, success=0.00]
Training episodes:  72%|███████▏  | 865/1200 [06:39<02:38,  2.11it/s, buffer=160000, ret=0.00, success=0.00]
Training episodes:  72%|███████▏  | 866/1200 [06:39<02:37,  2.12it/s, buffer=160000, ret=0.00, success=0.00]
Training episodes:  72%|███████▏  | 866/1200 [06:40<02:37,  2.12it/s, buffer=160000, ret=0.00, success=0.00]
Training episodes:  72%|███████▏  | 867/1200 [06:40<02:36,  2.13it/s, buffer=160000, ret=0.00, success=0.00]
Training episodes:  72%|███████▏  | 867/1200 [06:40<02:36,  2.13it/s, buffer=160000, ret=0.00, success=0.00]
Training episodes:  72%|███████▏  | 868/1200 [06:40<02:34,  2.15it/s, buffer=160000, ret=0.00, success=0.00]
Training episodes:  72%|███████▏  | 868/1200 [06:41<02:34,  2.15it/s, buffer=160000, ret=0.00, success=0.00]
Training episodes:  72%|███████▏  | 869/1200 [06:41<02:34,  2.14it/s, buffer=160000, ret=0.00, success=0.00]
Training episodes:  72%|███████▏  | 869/1200 [06:41<02:34,  2.14it/s, buffer=160000, ret=0.00, success=0.00]
Training episodes:  72%|███████▎  | 870/1200 [06:41<02:34,  2.13it/s, buffer=160000, ret=0.00, success=0.00]
Training episodes:  72%|███████▎  | 870/1200 [06:41<02:34,  2.13it/s, buffer=160000, ret=0.00, success=0.00]
Training episodes:  73%|███████▎  | 871/1200 [06:41<02:33,  2.14it/s, buffer=160000, ret=0.00, success=0.00]
Training episodes:  73%|███████▎  | 871/1200 [06:42<02:33,  2.14it/s, buffer=160000, ret=0.00, success=0.00]
Training episodes:  73%|███████▎  | 872/1200 [06:42<02:33,  2.13it/s, buffer=160000, ret=0.00, success=0.00]
Training episodes:  73%|███████▎  | 872/1200 [06:42<02:33,  2.13it/s, buffer=160000, ret=0.00, success=0.00]
Training episodes:  73%|███████▎  | 873/1200 [06:42<02:33,  2.13it/s, buffer=160000, ret=0.00, success=0.00]
Training episodes:  73%|███████▎  | 873/1200 [06:43<02:33,  2.13it/s, buffer=160000, ret=0.00, success=0.00]
Training episodes:  73%|███████▎  | 874/1200 [06:43<02:33,  2.13it/s, buffer=160000, ret=0.00, success=0.00]
Training episodes:  73%|███████▎  | 874/1200 [06:43<02:33,  2.13it/s, buffer=160000, ret=0.00, success=0.00]
Training episodes:  73%|███████▎  | 875/1200 [06:43<02:33,  2.12it/s, buffer=160000, ret=0.00, success=0.00]
Training episodes:  73%|███████▎  | 875/1200 [06:44<02:33,  2.12it/s, buffer=160000, ret=0.00, success=0.00]
Training episodes:  73%|███████▎  | 876/1200 [06:44<02:32,  2.12it/s, buffer=160000, ret=0.00, success=0.00]
Training episodes:  73%|███████▎  | 876/1200 [06:44<02:32,  2.12it/s, buffer=160000, ret=0.00, success=0.00]
Training episodes:  73%|███████▎  | 877/1200 [06:44<02:31,  2.13it/s, buffer=160000, ret=0.00, success=0.00]
Training episodes:  73%|███████▎  | 877/1200 [06:45<02:31,  2.13it/s, buffer=160000, ret=0.00, success=0.00]
Training episodes:  73%|███████▎  | 878/1200 [06:45<02:30,  2.14it/s, buffer=160000, ret=0.00, success=0.00]
Training episodes:  73%|███████▎  | 878/1200 [06:45<02:30,  2.14it/s, buffer=160000, ret=0.00, success=0.00]
Training episodes:  73%|███████▎  | 879/1200 [06:45<02:29,  2.14it/s, buffer=160000, ret=0.00, success=0.00]
Training episodes:  73%|███████▎  | 879/1200 [06:46<02:29,  2.14it/s, buffer=160000, ret=0.00, success=0.00]
Training episodes:  73%|███████▎  | 880/1200 [06:46<02:30,  2.13it/s, buffer=160000, ret=0.00, success=0.00]
Training episodes:  73%|███████▎  | 880/1200 [06:46<02:30,  2.13it/s, buffer=160000, ret=0.00, success=0.00]
Training episodes:  73%|███████▎  | 881/1200 [06:46<02:30,  2.12it/s, buffer=160000, ret=0.00, success=0.00]
Training episodes:  73%|███████▎  | 881/1200 [06:47<02:30,  2.12it/s, buffer=160000, ret=0.00, success=0.00]
Training episodes:  74%|███████▎  | 882/1200 [06:47<02:29,  2.13it/s, buffer=160000, ret=0.00, success=0.00]
Training episodes:  74%|███████▎  | 882/1200 [06:47<02:29,  2.13it/s, buffer=160000, ret=0.00, success=0.00]
Training episodes:  74%|███████▎  | 883/1200 [06:47<02:28,  2.14it/s, buffer=160000, ret=0.00, success=0.00]
Training episodes:  74%|███████▎  | 883/1200 [06:48<02:28,  2.14it/s, buffer=160000, ret=0.00, success=0.00]
Training episodes:  74%|███████▎  | 884/1200 [06:48<02:29,  2.11it/s, buffer=160000, ret=0.00, success=0.00]
Training episodes:  74%|███████▎  | 884/1200 [06:48<02:29,  2.11it/s, buffer=160000, ret=0.00, success=0.00]
Training episodes:  74%|███████▍  | 885/1200 [06:48<02:28,  2.12it/s, buffer=160000, ret=0.00, success=0.00]
Training episodes:  74%|███████▍  | 885/1200 [06:49<02:28,  2.12it/s, buffer=160000, ret=0.00, success=0.00]
Training episodes:  74%|███████▍  | 886/1200 [06:49<02:27,  2.13it/s, buffer=160000, ret=0.00, success=0.00]
Training episodes:  74%|███████▍  | 886/1200 [06:49<02:27,  2.13it/s, buffer=160000, ret=0.00, success=0.00]
Training episodes:  74%|███████▍  | 887/1200 [06:49<02:26,  2.13it/s, buffer=160000, ret=0.00, success=0.00]
Training episodes:  74%|███████▍  | 887/1200 [06:49<02:26,  2.13it/s, buffer=160000, ret=0.00, success=0.00]
Training episodes:  74%|███████▍  | 888/1200 [06:49<02:26,  2.13it/s, buffer=160000, ret=0.00, success=0.00]
Training episodes:  74%|███████▍  | 888/1200 [06:50<02:26,  2.13it/s, buffer=160000, ret=0.00, success=0.00]
Training episodes:  74%|███████▍  | 889/1200 [06:50<02:26,  2.13it/s, buffer=160000, ret=0.00, success=0.00]
Training episodes:  74%|███████▍  | 889/1200 [06:50<02:26,  2.13it/s, buffer=160000, ret=0.00, success=0.00]
Training episodes:  74%|███████▍  | 890/1200 [06:50<02:25,  2.13it/s, buffer=160000, ret=0.00, success=0.00]
Training episodes:  74%|███████▍  | 890/1200 [06:51<02:25,  2.13it/s, buffer=160000, ret=0.00, success=0.00]
Training episodes:  74%|███████▍  | 891/1200 [06:51<02:25,  2.12it/s, buffer=160000, ret=0.00, success=0.00]
Training episodes:  74%|███████▍  | 891/1200 [06:51<02:25,  2.12it/s, buffer=160000, ret=0.00, success=0.00]
Training episodes:  74%|███████▍  | 892/1200 [06:51<02:26,  2.11it/s, buffer=160000, ret=0.00, success=0.00]
Training episodes:  74%|███████▍  | 892/1200 [06:52<02:26,  2.11it/s, buffer=160000, ret=0.00, success=0.00]
Training episodes:  74%|███████▍  | 893/1200 [06:52<02:25,  2.12it/s, buffer=160000, ret=0.00, success=0.00]
Training episodes:  74%|███████▍  | 893/1200 [06:52<02:25,  2.12it/s, buffer=160000, ret=0.00, success=0.00]
Training episodes:  74%|███████▍  | 894/1200 [06:52<02:25,  2.10it/s, buffer=160000, ret=0.00, success=0.00]
Training episodes:  74%|███████▍  | 894/1200 [06:53<02:25,  2.10it/s, buffer=160000, ret=0.00, success=0.00]
Training episodes:  75%|███████▍  | 895/1200 [06:53<02:26,  2.08it/s, buffer=160000, ret=0.00, success=0.00]
Training episodes:  75%|███████▍  | 895/1200 [06:53<02:26,  2.08it/s, buffer=160000, ret=0.00, success=0.00]
Training episodes:  75%|███████▍  | 896/1200 [06:53<02:25,  2.09it/s, buffer=160000, ret=0.00, success=0.00]
Training episodes:  75%|███████▍  | 896/1200 [06:54<02:25,  2.09it/s, buffer=160000, ret=0.00, success=0.00]
Training episodes:  75%|███████▍  | 897/1200 [06:54<02:24,  2.09it/s, buffer=160000, ret=0.00, success=0.00]
Training episodes:  75%|███████▍  | 897/1200 [06:54<02:24,  2.09it/s, buffer=160000, ret=0.00, success=0.00]
Training episodes:  75%|███████▍  | 898/1200 [06:54<02:23,  2.10it/s, buffer=160000, ret=0.00, success=0.00]
Training episodes:  75%|███████▍  | 898/1200 [06:55<02:23,  2.10it/s, buffer=160000, ret=0.00, success=0.00]
Training episodes:  75%|███████▍  | 899/1200 [06:55<02:23,  2.10it/s, buffer=160000, ret=0.00, success=0.00]
Training episodes:  75%|███████▍  | 899/1200 [06:55<02:23,  2.10it/s, buffer=160000, ret=0.00, success=0.00]wandb: WARNING `fps` argument does not affect the frame rate of the video when providing a file path or raw bytes.

Training episodes:  75%|███████▌  | 900/1200 [06:56<03:10,  1.57it/s, buffer=160000, ret=0.00, success=0.00]
Training episodes:  75%|███████▌  | 900/1200 [06:56<03:10,  1.57it/s, buffer=160000, ret=0.00, success=0.00]
Training episodes:  75%|███████▌  | 901/1200 [06:56<02:56,  1.70it/s, buffer=160000, ret=0.00, success=0.00]
Training episodes:  75%|███████▌  | 901/1200 [06:57<02:56,  1.70it/s, buffer=160000, ret=0.00, success=0.00]
Training episodes:  75%|███████▌  | 902/1200 [06:57<02:44,  1.81it/s, buffer=160000, ret=0.00, success=0.00]
Training episodes:  75%|███████▌  | 902/1200 [06:57<02:44,  1.81it/s, buffer=160000, ret=0.00, success=0.00]
Training episodes:  75%|███████▌  | 903/1200 [06:57<02:36,  1.89it/s, buffer=160000, ret=0.00, success=0.00]
Training episodes:  75%|███████▌  | 903/1200 [06:58<02:36,  1.89it/s, buffer=160000, ret=0.00, success=0.00]
Training episodes:  75%|███████▌  | 904/1200 [06:58<02:31,  1.96it/s, buffer=160000, ret=0.00, success=0.00]
Training episodes:  75%|███████▌  | 904/1200 [06:58<02:31,  1.96it/s, buffer=160000, ret=0.00, success=0.00]
Training episodes:  75%|███████▌  | 905/1200 [06:58<02:27,  2.00it/s, buffer=160000, ret=0.00, success=0.00]
Training episodes:  75%|███████▌  | 905/1200 [06:59<02:27,  2.00it/s, buffer=160000, ret=0.00, success=0.00]
Training episodes:  76%|███████▌  | 906/1200 [06:59<02:22,  2.06it/s, buffer=160000, ret=0.00, success=0.00]
Training episodes:  76%|███████▌  | 906/1200 [06:59<02:22,  2.06it/s, buffer=160000, ret=0.00, success=0.00]
Training episodes:  76%|███████▌  | 907/1200 [06:59<02:21,  2.08it/s, buffer=160000, ret=0.00, success=0.00]
Training episodes:  76%|███████▌  | 907/1200 [06:59<02:21,  2.08it/s, buffer=160000, ret=0.00, success=0.00]
Training episodes:  76%|███████▌  | 908/1200 [06:59<02:18,  2.10it/s, buffer=160000, ret=0.00, success=0.00]
Training episodes:  76%|███████▌  | 908/1200 [07:00<02:18,  2.10it/s, buffer=160000, ret=0.00, success=0.00]
Training episodes:  76%|███████▌  | 909/1200 [07:00<02:18,  2.10it/s, buffer=160000, ret=0.00, success=0.00]
Training episodes:  76%|███████▌  | 909/1200 [07:00<02:18,  2.10it/s, buffer=160000, ret=0.00, success=0.00]
Training episodes:  76%|███████▌  | 910/1200 [07:00<02:17,  2.10it/s, buffer=160000, ret=0.00, success=0.00]
Training episodes:  76%|███████▌  | 910/1200 [07:01<02:17,  2.10it/s, buffer=160000, ret=0.00, success=0.00]
Training episodes:  76%|███████▌  | 911/1200 [07:01<02:16,  2.11it/s, buffer=160000, ret=0.00, success=0.00]
Training episodes:  76%|███████▌  | 911/1200 [07:01<02:16,  2.11it/s, buffer=160000, ret=0.00, success=0.00]
Training episodes:  76%|███████▌  | 912/1200 [07:01<02:16,  2.11it/s, buffer=160000, ret=0.00, success=0.00]
Training episodes:  76%|███████▌  | 912/1200 [07:02<02:16,  2.11it/s, buffer=160000, ret=0.00, success=0.00]
Training episodes:  76%|███████▌  | 913/1200 [07:02<02:15,  2.12it/s, buffer=160000, ret=0.00, success=0.00]
Training episodes:  76%|███████▌  | 913/1200 [07:02<02:15,  2.12it/s, buffer=160000, ret=0.00, success=0.00]
Training episodes:  76%|███████▌  | 914/1200 [07:02<02:14,  2.13it/s, buffer=160000, ret=0.00, success=0.00]
Training episodes:  76%|███████▌  | 914/1200 [07:03<02:14,  2.13it/s, buffer=160000, ret=0.00, success=0.00]
Training episodes:  76%|███████▋  | 915/1200 [07:03<02:12,  2.14it/s, buffer=160000, ret=0.00, success=0.00]
Training episodes:  76%|███████▋  | 915/1200 [07:03<02:12,  2.14it/s, buffer=160000, ret=0.00, success=0.00]
Training episodes:  76%|███████▋  | 916/1200 [07:03<02:13,  2.13it/s, buffer=160000, ret=0.00, success=0.00]
Training episodes:  76%|███████▋  | 916/1200 [07:04<02:13,  2.13it/s, buffer=160000, ret=0.00, success=0.00]
Training episodes:  76%|███████▋  | 917/1200 [07:04<02:13,  2.13it/s, buffer=160000, ret=0.00, success=0.00]
Training episodes:  76%|███████▋  | 917/1200 [07:04<02:13,  2.13it/s, buffer=160000, ret=0.00, success=0.00]
Training episodes:  76%|███████▋  | 918/1200 [07:04<02:12,  2.13it/s, buffer=160000, ret=0.00, success=0.00]
Training episodes:  76%|███████▋  | 918/1200 [07:05<02:12,  2.13it/s, buffer=160000, ret=0.00, success=0.00]
Training episodes:  77%|███████▋  | 919/1200 [07:05<02:11,  2.14it/s, buffer=160000, ret=0.00, success=0.00]
Training episodes:  77%|███████▋  | 919/1200 [07:05<02:11,  2.14it/s, buffer=160000, ret=0.00, success=0.00]
Training episodes:  77%|███████▋  | 920/1200 [07:05<02:10,  2.15it/s, buffer=160000, ret=0.00, success=0.00]
Training episodes:  77%|███████▋  | 920/1200 [07:06<02:10,  2.15it/s, buffer=160000, ret=0.00, success=0.00]
Training episodes:  77%|███████▋  | 921/1200 [07:06<02:11,  2.13it/s, buffer=160000, ret=0.00, success=0.00]
Training episodes:  77%|███████▋  | 921/1200 [07:06<02:11,  2.13it/s, buffer=160000, ret=0.00, success=0.00]
Training episodes:  77%|███████▋  | 922/1200 [07:06<02:10,  2.14it/s, buffer=160000, ret=0.00, success=0.00]
Training episodes:  77%|███████▋  | 922/1200 [07:06<02:10,  2.14it/s, buffer=160000, ret=0.00, success=0.00]
Training episodes:  77%|███████▋  | 923/1200 [07:06<02:09,  2.15it/s, buffer=160000, ret=0.00, success=0.00]
Training episodes:  77%|███████▋  | 923/1200 [07:07<02:09,  2.15it/s, buffer=160000, ret=0.00, success=0.00]
Training episodes:  77%|███████▋  | 924/1200 [07:07<02:08,  2.15it/s, buffer=160000, ret=0.00, success=0.00]
Training episodes:  77%|███████▋  | 924/1200 [07:07<02:08,  2.15it/s, buffer=160000, ret=0.00, success=0.00]
Training episodes:  77%|███████▋  | 925/1200 [07:07<02:09,  2.13it/s, buffer=160000, ret=0.00, success=0.00]
Training episodes:  77%|███████▋  | 925/1200 [07:08<02:09,  2.13it/s, buffer=160000, ret=0.00, success=0.00]
Training episodes:  77%|███████▋  | 926/1200 [07:08<02:09,  2.11it/s, buffer=160000, ret=0.00, success=0.00]
Training episodes:  77%|███████▋  | 926/1200 [07:08<02:09,  2.11it/s, buffer=160000, ret=0.00, success=0.00]
Training episodes:  77%|███████▋  | 927/1200 [07:08<02:08,  2.12it/s, buffer=160000, ret=0.00, success=0.00]
Training episodes:  77%|███████▋  | 927/1200 [07:09<02:08,  2.12it/s, buffer=160000, ret=0.00, success=0.00]
Training episodes:  77%|███████▋  | 928/1200 [07:09<02:08,  2.11it/s, buffer=160000, ret=0.00, success=0.00]
Training episodes:  77%|███████▋  | 928/1200 [07:09<02:08,  2.11it/s, buffer=160000, ret=0.00, success=0.00]
Training episodes:  77%|███████▋  | 929/1200 [07:09<02:07,  2.13it/s, buffer=160000, ret=0.00, success=0.00]
Training episodes:  77%|███████▋  | 929/1200 [07:10<02:07,  2.13it/s, buffer=160000, ret=0.00, success=0.00]
Training episodes:  78%|███████▊  | 930/1200 [07:10<02:06,  2.14it/s, buffer=160000, ret=0.00, success=0.00]
Training episodes:  78%|███████▊  | 930/1200 [07:10<02:06,  2.14it/s, buffer=160000, ret=0.00, success=0.00]
Training episodes:  78%|███████▊  | 931/1200 [07:10<02:05,  2.15it/s, buffer=160000, ret=0.00, success=0.00]
Training episodes:  78%|███████▊  | 931/1200 [07:11<02:05,  2.15it/s, buffer=160000, ret=0.00, success=0.00]
Training episodes:  78%|███████▊  | 932/1200 [07:11<02:03,  2.16it/s, buffer=160000, ret=0.00, success=0.00]
Training episodes:  78%|███████▊  | 932/1200 [07:11<02:03,  2.16it/s, buffer=160000, ret=0.00, success=0.00]
Training episodes:  78%|███████▊  | 933/1200 [07:11<02:04,  2.15it/s, buffer=160000, ret=0.00, success=0.00]
Training episodes:  78%|███████▊  | 933/1200 [07:12<02:04,  2.15it/s, buffer=160000, ret=0.00, success=0.00]
Training episodes:  78%|███████▊  | 934/1200 [07:12<02:04,  2.13it/s, buffer=160000, ret=0.00, success=0.00]
Training episodes:  78%|███████▊  | 934/1200 [07:12<02:04,  2.13it/s, buffer=160000, ret=0.00, success=0.00]
Training episodes:  78%|███████▊  | 935/1200 [07:12<02:04,  2.13it/s, buffer=160000, ret=0.00, success=0.00]
Training episodes:  78%|███████▊  | 935/1200 [07:13<02:04,  2.13it/s, buffer=160000, ret=0.00, success=0.00]
Training episodes:  78%|███████▊  | 936/1200 [07:13<02:04,  2.12it/s, buffer=160000, ret=0.00, success=0.00]
Training episodes:  78%|███████▊  | 936/1200 [07:13<02:04,  2.12it/s, buffer=160000, ret=0.00, success=0.00]
Training episodes:  78%|███████▊  | 937/1200 [07:13<02:03,  2.13it/s, buffer=160000, ret=0.00, success=0.00]
Training episodes:  78%|███████▊  | 937/1200 [07:14<02:03,  2.13it/s, buffer=160000, ret=0.00, success=0.00]
Training episodes:  78%|███████▊  | 938/1200 [07:14<02:03,  2.13it/s, buffer=160000, ret=0.00, success=0.00]
Training episodes:  78%|███████▊  | 938/1200 [07:14<02:03,  2.13it/s, buffer=160000, ret=0.00, success=0.00]
Training episodes:  78%|███████▊  | 939/1200 [07:14<02:02,  2.13it/s, buffer=160000, ret=0.00, success=0.00]
Training episodes:  78%|███████▊  | 939/1200 [07:14<02:02,  2.13it/s, buffer=160000, ret=0.00, success=0.00]
Training episodes:  78%|███████▊  | 940/1200 [07:14<02:01,  2.13it/s, buffer=160000, ret=0.00, success=0.00]
Training episodes:  78%|███████▊  | 940/1200 [07:15<02:01,  2.13it/s, buffer=160000, ret=0.00, success=0.00]
Training episodes:  78%|███████▊  | 941/1200 [07:15<02:01,  2.13it/s, buffer=160000, ret=0.00, success=0.00]
Training episodes:  78%|███████▊  | 941/1200 [07:15<02:01,  2.13it/s, buffer=160000, ret=0.00, success=0.00]
Training episodes:  78%|███████▊  | 942/1200 [07:15<02:01,  2.12it/s, buffer=160000, ret=0.00, success=0.00]
Training episodes:  78%|███████▊  | 942/1200 [07:16<02:01,  2.12it/s, buffer=160000, ret=0.00, success=0.00]
Training episodes:  79%|███████▊  | 943/1200 [07:16<02:00,  2.13it/s, buffer=160000, ret=0.00, success=0.00]
Training episodes:  79%|███████▊  | 943/1200 [07:16<02:00,  2.13it/s, buffer=160000, ret=0.00, success=0.00]
Training episodes:  79%|███████▊  | 944/1200 [07:16<02:00,  2.12it/s, buffer=160000, ret=0.00, success=0.00]
Training episodes:  79%|███████▊  | 944/1200 [07:17<02:00,  2.12it/s, buffer=160000, ret=0.00, success=0.00]
Training episodes:  79%|███████▉  | 945/1200 [07:17<01:59,  2.13it/s, buffer=160000, ret=0.00, success=0.00]
Training episodes:  79%|███████▉  | 945/1200 [07:17<01:59,  2.13it/s, buffer=160000, ret=0.00, success=0.00]
Training episodes:  79%|███████▉  | 946/1200 [07:17<01:59,  2.12it/s, buffer=160000, ret=0.00, success=0.00]
Training episodes:  79%|███████▉  | 946/1200 [07:18<01:59,  2.12it/s, buffer=160000, ret=0.00, success=0.00]
Training episodes:  79%|███████▉  | 947/1200 [07:18<01:58,  2.13it/s, buffer=160000, ret=0.00, success=0.00]
Training episodes:  79%|███████▉  | 947/1200 [07:18<01:58,  2.13it/s, buffer=160000, ret=0.00, success=0.00]
Training episodes:  79%|███████▉  | 948/1200 [07:18<01:58,  2.13it/s, buffer=160000, ret=0.00, success=0.00]
Training episodes:  79%|███████▉  | 948/1200 [07:19<01:58,  2.13it/s, buffer=160000, ret=0.00, success=0.00]
Training episodes:  79%|███████▉  | 949/1200 [07:19<01:58,  2.12it/s, buffer=160000, ret=0.00, success=0.00]
Training episodes:  79%|███████▉  | 949/1200 [07:19<01:58,  2.12it/s, buffer=160000, ret=0.00, success=0.00]wandb: WARNING `fps` argument does not affect the frame rate of the video when providing a file path or raw bytes.

Training episodes:  79%|███████▉  | 950/1200 [07:20<02:37,  1.59it/s, buffer=160000, ret=0.00, success=0.00]
Training episodes:  79%|███████▉  | 950/1200 [07:20<02:37,  1.59it/s, buffer=160000, ret=0.00, success=0.00]
Training episodes:  79%|███████▉  | 951/1200 [07:20<02:24,  1.73it/s, buffer=160000, ret=0.00, success=0.00]
Training episodes:  79%|███████▉  | 951/1200 [07:21<02:24,  1.73it/s, buffer=160000, ret=0.00, success=0.00]
Training episodes:  79%|███████▉  | 952/1200 [07:21<02:15,  1.83it/s, buffer=160000, ret=0.00, success=0.00]
Training episodes:  79%|███████▉  | 952/1200 [07:21<02:15,  1.83it/s, buffer=160000, ret=0.00, success=0.00]
Training episodes:  79%|███████▉  | 953/1200 [07:21<02:09,  1.91it/s, buffer=160000, ret=0.00, success=0.00]
Training episodes:  79%|███████▉  | 953/1200 [07:22<02:09,  1.91it/s, buffer=160000, ret=0.00, success=0.00]
Training episodes:  80%|███████▉  | 954/1200 [07:22<02:05,  1.96it/s, buffer=160000, ret=0.00, success=0.00]
Training episodes:  80%|███████▉  | 954/1200 [07:22<02:05,  1.96it/s, buffer=160000, ret=0.00, success=0.00]
Training episodes:  80%|███████▉  | 955/1200 [07:22<02:01,  2.02it/s, buffer=160000, ret=0.00, success=0.00]
Training episodes:  80%|███████▉  | 955/1200 [07:23<02:01,  2.02it/s, buffer=160000, ret=0.00, success=0.00]
Training episodes:  80%|███████▉  | 956/1200 [07:23<01:59,  2.04it/s, buffer=160000, ret=0.00, success=0.00]
Training episodes:  80%|███████▉  | 956/1200 [07:23<01:59,  2.04it/s, buffer=160000, ret=0.00, success=0.00]
Training episodes:  80%|███████▉  | 957/1200 [07:23<01:58,  2.05it/s, buffer=160000, ret=0.00, success=0.00]
Training episodes:  80%|███████▉  | 957/1200 [07:23<01:58,  2.05it/s, buffer=160000, ret=0.00, success=0.00]
Training episodes:  80%|███████▉  | 958/1200 [07:23<01:56,  2.07it/s, buffer=160000, ret=0.00, success=0.00]
Training episodes:  80%|███████▉  | 958/1200 [07:24<01:56,  2.07it/s, buffer=160000, ret=0.00, success=0.00]
Training episodes:  80%|███████▉  | 959/1200 [07:24<01:55,  2.08it/s, buffer=160000, ret=0.00, success=0.00]
Training episodes:  80%|███████▉  | 959/1200 [07:24<01:55,  2.08it/s, buffer=160000, ret=0.00, success=0.00]
Training episodes:  80%|████████  | 960/1200 [07:24<01:53,  2.11it/s, buffer=160000, ret=0.00, success=0.00]
Training episodes:  80%|████████  | 960/1200 [07:25<01:53,  2.11it/s, buffer=160000, ret=0.00, success=0.00]
Training episodes:  80%|████████  | 961/1200 [07:25<01:53,  2.11it/s, buffer=160000, ret=0.00, success=0.00]
Training episodes:  80%|████████  | 961/1200 [07:25<01:53,  2.11it/s, buffer=160000, ret=0.00, success=0.00]
Training episodes:  80%|████████  | 962/1200 [07:25<01:52,  2.12it/s, buffer=160000, ret=0.00, success=0.00]
Training episodes:  80%|████████  | 962/1200 [07:26<01:52,  2.12it/s, buffer=160000, ret=0.00, success=0.00]
Training episodes:  80%|████████  | 963/1200 [07:26<01:51,  2.12it/s, buffer=160000, ret=0.00, success=0.00]
Training episodes:  80%|████████  | 963/1200 [07:26<01:51,  2.12it/s, buffer=160000, ret=0.00, success=0.00]
Training episodes:  80%|████████  | 964/1200 [07:26<01:50,  2.13it/s, buffer=160000, ret=0.00, success=0.00]
Training episodes:  80%|████████  | 964/1200 [07:27<01:50,  2.13it/s, buffer=160000, ret=0.00, success=0.00]
Training episodes:  80%|████████  | 965/1200 [07:27<01:51,  2.11it/s, buffer=160000, ret=0.00, success=0.00]
Training episodes:  80%|████████  | 965/1200 [07:27<01:51,  2.11it/s, buffer=160000, ret=0.00, success=0.00]
Training episodes:  80%|████████  | 966/1200 [07:27<01:50,  2.12it/s, buffer=160000, ret=0.00, success=0.00]
Training episodes:  80%|████████  | 966/1200 [07:28<01:50,  2.12it/s, buffer=160000, ret=0.00, success=0.00]
Training episodes:  81%|████████  | 967/1200 [07:28<01:49,  2.12it/s, buffer=160000, ret=0.00, success=0.00]
Training episodes:  81%|████████  | 967/1200 [07:28<01:49,  2.12it/s, buffer=160000, ret=0.00, success=0.00]
Training episodes:  81%|████████  | 968/1200 [07:28<01:48,  2.13it/s, buffer=160000, ret=0.00, success=0.00]
Training episodes:  81%|████████  | 968/1200 [07:29<01:48,  2.13it/s, buffer=160000, ret=0.00, success=0.00]
Training episodes:  81%|████████  | 969/1200 [07:29<01:48,  2.12it/s, buffer=160000, ret=0.00, success=0.00]
Training episodes:  81%|████████  | 969/1200 [07:29<01:48,  2.12it/s, buffer=160000, ret=0.00, success=0.00]
Training episodes:  81%|████████  | 970/1200 [07:29<01:47,  2.13it/s, buffer=160000, ret=0.00, success=0.00]
Training episodes:  81%|████████  | 970/1200 [07:30<01:47,  2.13it/s, buffer=160000, ret=0.00, success=0.00]
Training episodes:  81%|████████  | 971/1200 [07:30<01:47,  2.13it/s, buffer=160000, ret=0.00, success=0.00]
Training episodes:  81%|████████  | 971/1200 [07:30<01:47,  2.13it/s, buffer=160000, ret=0.00, success=0.00]
Training episodes:  81%|████████  | 972/1200 [07:30<01:47,  2.13it/s, buffer=160000, ret=0.00, success=0.00]
Training episodes:  81%|████████  | 972/1200 [07:31<01:47,  2.13it/s, buffer=160000, ret=0.00, success=0.00]
Training episodes:  81%|████████  | 973/1200 [07:31<01:46,  2.13it/s, buffer=160000, ret=0.00, success=0.00]
Training episodes:  81%|████████  | 973/1200 [07:31<01:46,  2.13it/s, buffer=160000, ret=0.00, success=0.00]
Training episodes:  81%|████████  | 974/1200 [07:31<01:46,  2.12it/s, buffer=160000, ret=0.00, success=0.00]
Training episodes:  81%|████████  | 974/1200 [07:31<01:46,  2.12it/s, buffer=160000, ret=0.00, success=0.00]
Training episodes:  81%|████████▏ | 975/1200 [07:31<01:45,  2.14it/s, buffer=160000, ret=0.00, success=0.00]
Training episodes:  81%|████████▏ | 975/1200 [07:32<01:45,  2.14it/s, buffer=160000, ret=0.00, success=0.00]
Training episodes:  81%|████████▏ | 976/1200 [07:32<01:44,  2.15it/s, buffer=160000, ret=0.00, success=0.00]
Training episodes:  81%|████████▏ | 976/1200 [07:32<01:44,  2.15it/s, buffer=160000, ret=0.00, success=0.00]
Training episodes:  81%|████████▏ | 977/1200 [07:32<01:44,  2.13it/s, buffer=160000, ret=0.00, success=0.00]
Training episodes:  81%|████████▏ | 977/1200 [07:33<01:44,  2.13it/s, buffer=160000, ret=0.00, success=0.00]
Training episodes:  82%|████████▏ | 978/1200 [07:33<01:44,  2.12it/s, buffer=160000, ret=0.00, success=0.00]
Training episodes:  82%|████████▏ | 978/1200 [07:33<01:44,  2.12it/s, buffer=160000, ret=0.00, success=0.00]
Training episodes:  82%|████████▏ | 979/1200 [07:33<01:44,  2.12it/s, buffer=160000, ret=0.00, success=0.00]
Training episodes:  82%|████████▏ | 979/1200 [07:34<01:44,  2.12it/s, buffer=160000, ret=0.00, success=0.00]
Training episodes:  82%|████████▏ | 980/1200 [07:34<01:42,  2.14it/s, buffer=160000, ret=0.00, success=0.00]
Training episodes:  82%|████████▏ | 980/1200 [07:34<01:42,  2.14it/s, buffer=160000, ret=0.00, success=0.00]
Training episodes:  82%|████████▏ | 981/1200 [07:34<01:41,  2.15it/s, buffer=160000, ret=0.00, success=0.00]
Training episodes:  82%|████████▏ | 981/1200 [07:35<01:41,  2.15it/s, buffer=160000, ret=0.00, success=0.00]
Training episodes:  82%|████████▏ | 982/1200 [07:35<01:41,  2.14it/s, buffer=160000, ret=0.00, success=0.00]
Training episodes:  82%|████████▏ | 982/1200 [07:35<01:41,  2.14it/s, buffer=160000, ret=0.00, success=0.00]
Training episodes:  82%|████████▏ | 983/1200 [07:35<01:41,  2.13it/s, buffer=160000, ret=0.00, success=0.00]
Training episodes:  82%|████████▏ | 983/1200 [07:36<01:41,  2.13it/s, buffer=160000, ret=0.00, success=0.00]
Training episodes:  82%|████████▏ | 984/1200 [07:36<01:40,  2.14it/s, buffer=160000, ret=0.00, success=0.00]
Training episodes:  82%|████████▏ | 984/1200 [07:36<01:40,  2.14it/s, buffer=160000, ret=0.00, success=0.00]
Training episodes:  82%|████████▏ | 985/1200 [07:36<01:40,  2.14it/s, buffer=160000, ret=0.00, success=0.00]
Training episodes:  82%|████████▏ | 985/1200 [07:37<01:40,  2.14it/s, buffer=160000, ret=0.00, success=0.00]
Training episodes:  82%|████████▏ | 986/1200 [07:37<01:39,  2.15it/s, buffer=160000, ret=0.00, success=0.00]
Training episodes:  82%|████████▏ | 986/1200 [07:37<01:39,  2.15it/s, buffer=160000, ret=0.00, success=0.00]
Training episodes:  82%|████████▏ | 987/1200 [07:37<01:39,  2.14it/s, buffer=160000, ret=0.00, success=0.00]
Training episodes:  82%|████████▏ | 987/1200 [07:38<01:39,  2.14it/s, buffer=160000, ret=0.00, success=0.00]
Training episodes:  82%|████████▏ | 988/1200 [07:38<01:38,  2.15it/s, buffer=160000, ret=0.00, success=0.00]
Training episodes:  82%|████████▏ | 988/1200 [07:38<01:38,  2.15it/s, buffer=160000, ret=0.00, success=0.00]
Training episodes:  82%|████████▏ | 989/1200 [07:38<01:37,  2.16it/s, buffer=160000, ret=0.00, success=0.00]
Training episodes:  82%|████████▏ | 989/1200 [07:38<01:37,  2.16it/s, buffer=160000, ret=0.00, success=0.00]
Training episodes:  82%|████████▎ | 990/1200 [07:38<01:37,  2.16it/s, buffer=160000, ret=0.00, success=0.00]
Training episodes:  82%|████████▎ | 990/1200 [07:39<01:37,  2.16it/s, buffer=160000, ret=0.00, success=0.00]
Training episodes:  83%|████████▎ | 991/1200 [07:39<01:38,  2.13it/s, buffer=160000, ret=0.00, success=0.00]
Training episodes:  83%|████████▎ | 991/1200 [07:39<01:38,  2.13it/s, buffer=160000, ret=0.00, success=0.00]
Training episodes:  83%|████████▎ | 992/1200 [07:39<01:37,  2.13it/s, buffer=160000, ret=0.00, success=0.00]
Training episodes:  83%|████████▎ | 992/1200 [07:40<01:37,  2.13it/s, buffer=160000, ret=0.00, success=0.00]
Training episodes:  83%|████████▎ | 993/1200 [07:40<01:37,  2.12it/s, buffer=160000, ret=0.00, success=0.00]
Training episodes:  83%|████████▎ | 993/1200 [07:40<01:37,  2.12it/s, buffer=160000, ret=0.00, success=0.00]
Training episodes:  83%|████████▎ | 994/1200 [07:40<01:37,  2.11it/s, buffer=160000, ret=0.00, success=0.00]
Training episodes:  83%|████████▎ | 994/1200 [07:41<01:37,  2.11it/s, buffer=160000, ret=0.00, success=0.00]
Training episodes:  83%|████████▎ | 995/1200 [07:41<01:36,  2.13it/s, buffer=160000, ret=0.00, success=0.00]
Training episodes:  83%|████████▎ | 995/1200 [07:41<01:36,  2.13it/s, buffer=160000, ret=0.00, success=0.00]
Training episodes:  83%|████████▎ | 996/1200 [07:41<01:35,  2.13it/s, buffer=160000, ret=0.00, success=0.00]
Training episodes:  83%|████████▎ | 996/1200 [07:42<01:35,  2.13it/s, buffer=160000, ret=0.00, success=0.00]
Training episodes:  83%|████████▎ | 997/1200 [07:42<01:35,  2.12it/s, buffer=160000, ret=0.00, success=0.00]
Training episodes:  83%|████████▎ | 997/1200 [07:42<01:35,  2.12it/s, buffer=160000, ret=0.00, success=0.00]
Training episodes:  83%|████████▎ | 998/1200 [07:42<01:34,  2.14it/s, buffer=160000, ret=0.00, success=0.00]
Training episodes:  83%|████████▎ | 998/1200 [07:43<01:34,  2.14it/s, buffer=160000, ret=0.00, success=0.00]
Training episodes:  83%|████████▎ | 999/1200 [07:43<01:33,  2.15it/s, buffer=160000, ret=0.00, success=0.00]
Training episodes:  83%|████████▎ | 999/1200 [07:43<01:33,  2.15it/s, buffer=160000, ret=0.00, success=0.00]wandb: WARNING `fps` argument does not affect the frame rate of the video when providing a file path or raw bytes.

Training episodes:  83%|████████▎ | 1000/1200 [07:44<02:04,  1.60it/s, buffer=160000, ret=0.00, success=0.00]
Training episodes:  83%|████████▎ | 1000/1200 [07:44<02:04,  1.60it/s, buffer=160000, ret=0.00, success=0.00]
Training episodes:  83%|████████▎ | 1001/1200 [07:44<01:54,  1.73it/s, buffer=160000, ret=0.00, success=0.00]
Training episodes:  83%|████████▎ | 1001/1200 [07:45<01:54,  1.73it/s, buffer=160000, ret=0.00, success=0.00]
Training episodes:  84%|████████▎ | 1002/1200 [07:45<01:47,  1.83it/s, buffer=160000, ret=0.00, success=0.00]
Training episodes:  84%|████████▎ | 1002/1200 [07:45<01:47,  1.83it/s, buffer=160000, ret=0.00, success=0.00]
Training episodes:  84%|████████▎ | 1003/1200 [07:45<01:42,  1.92it/s, buffer=160000, ret=0.00, success=0.00]
Training episodes:  84%|████████▎ | 1003/1200 [07:46<01:42,  1.92it/s, buffer=160000, ret=0.00, success=0.00]
Training episodes:  84%|████████▎ | 1004/1200 [07:46<01:39,  1.97it/s, buffer=160000, ret=0.00, success=0.00]
Training episodes:  84%|████████▎ | 1004/1200 [07:46<01:39,  1.97it/s, buffer=160000, ret=0.00, success=0.00]
Training episodes:  84%|████████▍ | 1005/1200 [07:46<01:36,  2.01it/s, buffer=160000, ret=0.00, success=0.00]
Training episodes:  84%|████████▍ | 1005/1200 [07:46<01:36,  2.01it/s, buffer=160000, ret=0.00, success=0.00]
Training episodes:  84%|████████▍ | 1006/1200 [07:46<01:34,  2.06it/s, buffer=160000, ret=0.00, success=0.00]
Training episodes:  84%|████████▍ | 1006/1200 [07:47<01:34,  2.06it/s, buffer=160000, ret=0.00, success=0.00]
Training episodes:  84%|████████▍ | 1007/1200 [07:47<01:32,  2.08it/s, buffer=160000, ret=0.00, success=0.00]
Training episodes:  84%|████████▍ | 1007/1200 [07:47<01:32,  2.08it/s, buffer=160000, ret=0.00, success=0.00]
Training episodes:  84%|████████▍ | 1008/1200 [07:47<01:31,  2.09it/s, buffer=160000, ret=0.00, success=0.00]
Training episodes:  84%|████████▍ | 1008/1200 [07:48<01:31,  2.09it/s, buffer=160000, ret=0.00, success=0.00]
Training episodes:  84%|████████▍ | 1009/1200 [07:48<01:30,  2.10it/s, buffer=160000, ret=0.00, success=0.00]
Training episodes:  84%|████████▍ | 1009/1200 [07:48<01:30,  2.10it/s, buffer=160000, ret=0.00, success=0.00]
Training episodes:  84%|████████▍ | 1010/1200 [07:48<01:29,  2.12it/s, buffer=160000, ret=0.00, success=0.00]
Training episodes:  84%|████████▍ | 1010/1200 [07:49<01:29,  2.12it/s, buffer=160000, ret=0.00, success=0.00]
Training episodes:  84%|████████▍ | 1011/1200 [07:49<01:29,  2.11it/s, buffer=160000, ret=0.00, success=0.00]
Training episodes:  84%|████████▍ | 1011/1200 [07:49<01:29,  2.11it/s, buffer=160000, ret=0.00, success=0.00]
Training episodes:  84%|████████▍ | 1012/1200 [07:49<01:29,  2.10it/s, buffer=160000, ret=0.00, success=0.00]
Training episodes:  84%|████████▍ | 1012/1200 [07:50<01:29,  2.10it/s, buffer=160000, ret=0.00, success=0.00]
Training episodes:  84%|████████▍ | 1013/1200 [07:50<01:27,  2.13it/s, buffer=160000, ret=0.00, success=0.00]
Training episodes:  84%|████████▍ | 1013/1200 [07:50<01:27,  2.13it/s, buffer=160000, ret=0.00, success=0.00]
Training episodes:  84%|████████▍ | 1014/1200 [07:50<01:27,  2.12it/s, buffer=160000, ret=0.00, success=0.00]
Training episodes:  84%|████████▍ | 1014/1200 [07:51<01:27,  2.12it/s, buffer=160000, ret=0.00, success=0.00]
Training episodes:  85%|████████▍ | 1015/1200 [07:51<01:26,  2.14it/s, buffer=160000, ret=0.00, success=0.00]
Training episodes:  85%|████████▍ | 1015/1200 [07:51<01:26,  2.14it/s, buffer=160000, ret=0.00, success=0.00]
Training episodes:  85%|████████▍ | 1016/1200 [07:51<01:25,  2.15it/s, buffer=160000, ret=0.00, success=0.00]
Training episodes:  85%|████████▍ | 1016/1200 [07:52<01:25,  2.15it/s, buffer=160000, ret=0.00, success=0.00]
Training episodes:  85%|████████▍ | 1017/1200 [07:52<01:25,  2.15it/s, buffer=160000, ret=0.00, success=0.00]
Training episodes:  85%|████████▍ | 1017/1200 [07:52<01:25,  2.15it/s, buffer=160000, ret=0.00, success=0.00]
Training episodes:  85%|████████▍ | 1018/1200 [07:52<01:24,  2.15it/s, buffer=160000, ret=0.00, success=0.00]
Training episodes:  85%|████████▍ | 1018/1200 [07:53<01:24,  2.15it/s, buffer=160000, ret=0.00, success=0.00]
Training episodes:  85%|████████▍ | 1019/1200 [07:53<01:24,  2.15it/s, buffer=160000, ret=0.00, success=0.00]
Training episodes:  85%|████████▍ | 1019/1200 [07:53<01:24,  2.15it/s, buffer=160000, ret=0.00, success=0.00]
Training episodes:  85%|████████▌ | 1020/1200 [07:53<01:23,  2.16it/s, buffer=160000, ret=0.00, success=0.00]
Training episodes:  85%|████████▌ | 1020/1200 [07:54<01:23,  2.16it/s, buffer=160000, ret=0.00, success=0.00]
Training episodes:  85%|████████▌ | 1021/1200 [07:54<01:23,  2.15it/s, buffer=160000, ret=0.00, success=0.00]
Training episodes:  85%|████████▌ | 1021/1200 [07:54<01:23,  2.15it/s, buffer=160000, ret=0.00, success=0.00]
Training episodes:  85%|████████▌ | 1022/1200 [07:54<01:22,  2.15it/s, buffer=160000, ret=0.00, success=0.00]
Training episodes:  85%|████████▌ | 1022/1200 [07:54<01:22,  2.15it/s, buffer=160000, ret=0.00, success=0.00]
Training episodes:  85%|████████▌ | 1023/1200 [07:54<01:22,  2.15it/s, buffer=160000, ret=0.00, success=0.00]
Training episodes:  85%|████████▌ | 1023/1200 [07:55<01:22,  2.15it/s, buffer=160000, ret=0.00, success=0.00]
Training episodes:  85%|████████▌ | 1024/1200 [07:55<01:21,  2.15it/s, buffer=160000, ret=0.00, success=0.00]
Training episodes:  85%|████████▌ | 1024/1200 [07:55<01:21,  2.15it/s, buffer=160000, ret=0.00, success=0.00]
Training episodes:  85%|████████▌ | 1025/1200 [07:55<01:21,  2.14it/s, buffer=160000, ret=0.00, success=0.00]
Training episodes:  85%|████████▌ | 1025/1200 [07:56<01:21,  2.14it/s, buffer=160000, ret=0.00, success=0.00]
Training episodes:  86%|████████▌ | 1026/1200 [07:56<01:21,  2.14it/s, buffer=160000, ret=0.00, success=0.00]
Training episodes:  86%|████████▌ | 1026/1200 [07:56<01:21,  2.14it/s, buffer=160000, ret=0.00, success=0.00]
Training episodes:  86%|████████▌ | 1027/1200 [07:56<01:21,  2.12it/s, buffer=160000, ret=0.00, success=0.00]
Training episodes:  86%|████████▌ | 1027/1200 [07:57<01:21,  2.12it/s, buffer=160000, ret=0.00, success=0.00]
Training episodes:  86%|████████▌ | 1028/1200 [07:57<01:20,  2.15it/s, buffer=160000, ret=0.00, success=0.00]
Training episodes:  86%|████████▌ | 1028/1200 [07:57<01:20,  2.15it/s, buffer=160000, ret=0.00, success=0.00]
Training episodes:  86%|████████▌ | 1029/1200 [07:57<01:19,  2.14it/s, buffer=160000, ret=0.00, success=0.00]
Training episodes:  86%|████████▌ | 1029/1200 [07:58<01:19,  2.14it/s, buffer=160000, ret=0.00, success=0.00]
Training episodes:  86%|████████▌ | 1030/1200 [07:58<01:19,  2.13it/s, buffer=160000, ret=0.00, success=0.00]
Training episodes:  86%|████████▌ | 1030/1200 [07:58<01:19,  2.13it/s, buffer=160000, ret=0.00, success=0.00]
Training episodes:  86%|████████▌ | 1031/1200 [07:58<01:19,  2.12it/s, buffer=160000, ret=0.00, success=0.00]
Training episodes:  86%|████████▌ | 1031/1200 [07:59<01:19,  2.12it/s, buffer=160000, ret=0.00, success=0.00]
Training episodes:  86%|████████▌ | 1032/1200 [07:59<01:19,  2.13it/s, buffer=160000, ret=0.00, success=0.00]
Training episodes:  86%|████████▌ | 1032/1200 [07:59<01:19,  2.13it/s, buffer=160000, ret=0.00, success=0.00]
Training episodes:  86%|████████▌ | 1033/1200 [07:59<01:18,  2.12it/s, buffer=160000, ret=0.00, success=0.00]
Training episodes:  86%|████████▌ | 1033/1200 [08:00<01:18,  2.12it/s, buffer=160000, ret=0.00, success=0.00]
Training episodes:  86%|████████▌ | 1034/1200 [08:00<01:19,  2.09it/s, buffer=160000, ret=0.00, success=0.00]
Training episodes:  86%|████████▌ | 1034/1200 [08:00<01:19,  2.09it/s, buffer=160000, ret=0.00, success=0.00]
Training episodes:  86%|████████▋ | 1035/1200 [08:00<01:18,  2.10it/s, buffer=160000, ret=0.00, success=0.00]
Training episodes:  86%|████████▋ | 1035/1200 [08:01<01:18,  2.10it/s, buffer=160000, ret=0.00, success=0.00]
Training episodes:  86%|████████▋ | 1036/1200 [08:01<01:17,  2.13it/s, buffer=160000, ret=0.00, success=0.00]
Training episodes:  86%|████████▋ | 1036/1200 [08:01<01:17,  2.13it/s, buffer=160000, ret=0.00, success=0.00]
Training episodes:  86%|████████▋ | 1037/1200 [08:01<01:15,  2.15it/s, buffer=160000, ret=0.00, success=0.00]
Training episodes:  86%|████████▋ | 1037/1200 [08:01<01:15,  2.15it/s, buffer=160000, ret=0.00, success=0.00]
Training episodes:  86%|████████▋ | 1038/1200 [08:01<01:14,  2.16it/s, buffer=160000, ret=0.00, success=0.00]
Training episodes:  86%|████████▋ | 1038/1200 [08:02<01:14,  2.16it/s, buffer=160000, ret=0.00, success=0.00]
Training episodes:  87%|████████▋ | 1039/1200 [08:02<01:14,  2.16it/s, buffer=160000, ret=0.00, success=0.00]
Training episodes:  87%|████████▋ | 1039/1200 [08:02<01:14,  2.16it/s, buffer=160000, ret=0.00, success=0.00]
Training episodes:  87%|████████▋ | 1040/1200 [08:02<01:14,  2.16it/s, buffer=160000, ret=0.00, success=0.00]
Training episodes:  87%|████████▋ | 1040/1200 [08:03<01:14,  2.16it/s, buffer=160000, ret=0.00, success=0.00]
Training episodes:  87%|████████▋ | 1041/1200 [08:03<01:13,  2.15it/s, buffer=160000, ret=0.00, success=0.00]
Training episodes:  87%|████████▋ | 1041/1200 [08:03<01:13,  2.15it/s, buffer=160000, ret=0.00, success=0.00]
Training episodes:  87%|████████▋ | 1042/1200 [08:03<01:13,  2.15it/s, buffer=160000, ret=0.00, success=0.00]
Training episodes:  87%|████████▋ | 1042/1200 [08:04<01:13,  2.15it/s, buffer=160000, ret=0.00, success=0.00]
Training episodes:  87%|████████▋ | 1043/1200 [08:04<01:13,  2.14it/s, buffer=160000, ret=0.00, success=0.00]
Training episodes:  87%|████████▋ | 1043/1200 [08:04<01:13,  2.14it/s, buffer=160000, ret=0.00, success=0.00]
Training episodes:  87%|████████▋ | 1044/1200 [08:04<01:12,  2.14it/s, buffer=160000, ret=0.00, success=0.00]
Training episodes:  87%|████████▋ | 1044/1200 [08:05<01:12,  2.14it/s, buffer=160000, ret=0.00, success=0.00]
Training episodes:  87%|████████▋ | 1045/1200 [08:05<01:12,  2.13it/s, buffer=160000, ret=0.00, success=0.00]
Training episodes:  87%|████████▋ | 1045/1200 [08:05<01:12,  2.13it/s, buffer=160000, ret=0.00, success=0.00]
Training episodes:  87%|████████▋ | 1046/1200 [08:05<01:12,  2.13it/s, buffer=160000, ret=0.00, success=0.00]
Training episodes:  87%|████████▋ | 1046/1200 [08:06<01:12,  2.13it/s, buffer=160000, ret=0.00, success=0.00]
Training episodes:  87%|████████▋ | 1047/1200 [08:06<01:11,  2.13it/s, buffer=160000, ret=0.00, success=0.00]
Training episodes:  87%|████████▋ | 1047/1200 [08:06<01:11,  2.13it/s, buffer=160000, ret=0.00, success=0.00]
Training episodes:  87%|████████▋ | 1048/1200 [08:06<01:11,  2.12it/s, buffer=160000, ret=0.00, success=0.00]
Training episodes:  87%|████████▋ | 1048/1200 [08:07<01:11,  2.12it/s, buffer=160000, ret=0.00, success=0.00]
Training episodes:  87%|████████▋ | 1049/1200 [08:07<01:11,  2.11it/s, buffer=160000, ret=0.00, success=0.00]
Training episodes:  87%|████████▋ | 1049/1200 [08:07<01:11,  2.11it/s, buffer=160000, ret=0.00, success=0.00]wandb: WARNING `fps` argument does not affect the frame rate of the video when providing a file path or raw bytes.

Training episodes:  88%|████████▊ | 1050/1200 [08:08<01:34,  1.59it/s, buffer=160000, ret=0.00, success=0.00]
Training episodes:  88%|████████▊ | 1050/1200 [08:08<01:34,  1.59it/s, buffer=160000, ret=0.00, success=0.00]
Training episodes:  88%|████████▊ | 1051/1200 [08:08<01:26,  1.73it/s, buffer=160000, ret=0.00, success=0.00]
Training episodes:  88%|████████▊ | 1051/1200 [08:09<01:26,  1.73it/s, buffer=160000, ret=0.00, success=0.00]
Training episodes:  88%|████████▊ | 1052/1200 [08:09<01:20,  1.83it/s, buffer=160000, ret=0.00, success=0.00]
Training episodes:  88%|████████▊ | 1052/1200 [08:09<01:20,  1.83it/s, buffer=160000, ret=0.00, success=0.00]
Training episodes:  88%|████████▊ | 1053/1200 [08:09<01:16,  1.91it/s, buffer=160000, ret=0.00, success=0.00]
Training episodes:  88%|████████▊ | 1053/1200 [08:10<01:16,  1.91it/s, buffer=160000, ret=0.00, success=0.00]
Training episodes:  88%|████████▊ | 1054/1200 [08:10<01:14,  1.97it/s, buffer=160000, ret=0.00, success=0.00]
Training episodes:  88%|████████▊ | 1054/1200 [08:10<01:14,  1.97it/s, buffer=160000, ret=0.00, success=0.00]
Training episodes:  88%|████████▊ | 1055/1200 [08:10<01:12,  2.01it/s, buffer=160000, ret=0.00, success=0.00]
Training episodes:  88%|████████▊ | 1055/1200 [08:10<01:12,  2.01it/s, buffer=160000, ret=0.00, success=0.00]
Training episodes:  88%|████████▊ | 1056/1200 [08:10<01:10,  2.06it/s, buffer=160000, ret=0.00, success=0.00]
Training episodes:  88%|████████▊ | 1056/1200 [08:11<01:10,  2.06it/s, buffer=160000, ret=0.00, success=0.00]
Training episodes:  88%|████████▊ | 1057/1200 [08:11<01:08,  2.08it/s, buffer=160000, ret=0.00, success=0.00]
Training episodes:  88%|████████▊ | 1057/1200 [08:11<01:08,  2.08it/s, buffer=160000, ret=0.00, success=0.00]
Training episodes:  88%|████████▊ | 1058/1200 [08:11<01:07,  2.12it/s, buffer=160000, ret=0.00, success=0.00]
Training episodes:  88%|████████▊ | 1058/1200 [08:12<01:07,  2.12it/s, buffer=160000, ret=0.00, success=0.00]
Training episodes:  88%|████████▊ | 1059/1200 [08:12<01:06,  2.12it/s, buffer=160000, ret=0.00, success=0.00]
Training episodes:  88%|████████▊ | 1059/1200 [08:12<01:06,  2.12it/s, buffer=160000, ret=0.00, success=0.00]
Training episodes:  88%|████████▊ | 1060/1200 [08:12<01:05,  2.13it/s, buffer=160000, ret=0.00, success=0.00]
Training episodes:  88%|████████▊ | 1060/1200 [08:13<01:05,  2.13it/s, buffer=160000, ret=0.00, success=0.00]
Training episodes:  88%|████████▊ | 1061/1200 [08:13<01:05,  2.12it/s, buffer=160000, ret=0.00, success=0.00]
Training episodes:  88%|████████▊ | 1061/1200 [08:13<01:05,  2.12it/s, buffer=160000, ret=0.00, success=0.00]
Training episodes:  88%|████████▊ | 1062/1200 [08:13<01:05,  2.11it/s, buffer=160000, ret=0.00, success=0.00]
Training episodes:  88%|████████▊ | 1062/1200 [08:14<01:05,  2.11it/s, buffer=160000, ret=0.00, success=0.00]
Training episodes:  89%|████████▊ | 1063/1200 [08:14<01:04,  2.12it/s, buffer=160000, ret=0.00, success=0.00]
Training episodes:  89%|████████▊ | 1063/1200 [08:14<01:04,  2.12it/s, buffer=160000, ret=0.00, success=0.00]
Training episodes:  89%|████████▊ | 1064/1200 [08:14<01:04,  2.11it/s, buffer=160000, ret=0.00, success=0.00]
Training episodes:  89%|████████▊ | 1064/1200 [08:15<01:04,  2.11it/s, buffer=160000, ret=0.00, success=0.00]
Training episodes:  89%|████████▉ | 1065/1200 [08:15<01:03,  2.12it/s, buffer=160000, ret=0.00, success=0.00]
Training episodes:  89%|████████▉ | 1065/1200 [08:15<01:03,  2.12it/s, buffer=160000, ret=0.00, success=0.00]
Training episodes:  89%|████████▉ | 1066/1200 [08:15<01:03,  2.11it/s, buffer=160000, ret=0.00, success=0.00]
Training episodes:  89%|████████▉ | 1066/1200 [08:16<01:03,  2.11it/s, buffer=160000, ret=0.00, success=0.00]
Training episodes:  89%|████████▉ | 1067/1200 [08:16<01:02,  2.12it/s, buffer=160000, ret=0.00, success=0.00]
Training episodes:  89%|████████▉ | 1067/1200 [08:16<01:02,  2.12it/s, buffer=160000, ret=0.00, success=0.00]
Training episodes:  89%|████████▉ | 1068/1200 [08:16<01:02,  2.12it/s, buffer=160000, ret=0.00, success=0.00]
Training episodes:  89%|████████▉ | 1068/1200 [08:17<01:02,  2.12it/s, buffer=160000, ret=0.00, success=0.00]
Training episodes:  89%|████████▉ | 1069/1200 [08:17<01:01,  2.12it/s, buffer=160000, ret=0.00, success=0.00]
Training episodes:  89%|████████▉ | 1069/1200 [08:17<01:01,  2.12it/s, buffer=160000, ret=0.00, success=0.00]
Training episodes:  89%|████████▉ | 1070/1200 [08:17<01:01,  2.13it/s, buffer=160000, ret=0.00, success=0.00]
Training episodes:  89%|████████▉ | 1070/1200 [08:17<01:01,  2.13it/s, buffer=160000, ret=0.00, success=0.00]
Training episodes:  89%|████████▉ | 1071/1200 [08:17<01:00,  2.12it/s, buffer=160000, ret=0.00, success=0.00]
Training episodes:  89%|████████▉ | 1071/1200 [08:18<01:00,  2.12it/s, buffer=160000, ret=0.00, success=0.00]
Training episodes:  89%|████████▉ | 1072/1200 [08:18<01:00,  2.12it/s, buffer=160000, ret=0.00, success=0.00]
Training episodes:  89%|████████▉ | 1072/1200 [08:18<01:00,  2.12it/s, buffer=160000, ret=0.00, success=0.00]
Training episodes:  89%|████████▉ | 1073/1200 [08:18<01:00,  2.10it/s, buffer=160000, ret=0.00, success=0.00]
Training episodes:  89%|████████▉ | 1073/1200 [08:19<01:00,  2.10it/s, buffer=160000, ret=0.00, success=0.00]
Training episodes:  90%|████████▉ | 1074/1200 [08:19<00:59,  2.11it/s, buffer=160000, ret=0.00, success=0.00]
Training episodes:  90%|████████▉ | 1074/1200 [08:19<00:59,  2.11it/s, buffer=160000, ret=0.00, success=0.00]
Training episodes:  90%|████████▉ | 1075/1200 [08:19<00:59,  2.10it/s, buffer=160000, ret=0.00, success=0.00]
Training episodes:  90%|████████▉ | 1075/1200 [08:20<00:59,  2.10it/s, buffer=160000, ret=0.00, success=0.00]
Training episodes:  90%|████████▉ | 1076/1200 [08:20<00:58,  2.12it/s, buffer=160000, ret=0.00, success=0.00]
Training episodes:  90%|████████▉ | 1076/1200 [08:20<00:58,  2.12it/s, buffer=160000, ret=0.00, success=0.00]
Training episodes:  90%|████████▉ | 1077/1200 [08:20<00:57,  2.13it/s, buffer=160000, ret=0.00, success=0.00]
Training episodes:  90%|████████▉ | 1077/1200 [08:21<00:57,  2.13it/s, buffer=160000, ret=0.00, success=0.00]
Training episodes:  90%|████████▉ | 1078/1200 [08:21<00:57,  2.13it/s, buffer=160000, ret=0.00, success=0.00]
Training episodes:  90%|████████▉ | 1078/1200 [08:21<00:57,  2.13it/s, buffer=160000, ret=0.00, success=0.00]
Training episodes:  90%|████████▉ | 1079/1200 [08:21<00:56,  2.14it/s, buffer=160000, ret=0.00, success=0.00]
Training episodes:  90%|████████▉ | 1079/1200 [08:22<00:56,  2.14it/s, buffer=160000, ret=0.00, success=0.00]
Training episodes:  90%|█████████ | 1080/1200 [08:22<00:56,  2.13it/s, buffer=160000, ret=0.00, success=0.00]
Training episodes:  90%|█████████ | 1080/1200 [08:22<00:56,  2.13it/s, buffer=160000, ret=0.00, success=0.00]
Training episodes:  90%|█████████ | 1081/1200 [08:22<00:55,  2.13it/s, buffer=160000, ret=0.00, success=0.00]
Training episodes:  90%|█████████ | 1081/1200 [08:23<00:55,  2.13it/s, buffer=160000, ret=0.00, success=0.00]
Training episodes:  90%|█████████ | 1082/1200 [08:23<00:55,  2.12it/s, buffer=160000, ret=0.00, success=0.00]
Training episodes:  90%|█████████ | 1082/1200 [08:23<00:55,  2.12it/s, buffer=160000, ret=0.00, success=0.00]
Training episodes:  90%|█████████ | 1083/1200 [08:23<00:55,  2.12it/s, buffer=160000, ret=0.00, success=0.00]
Training episodes:  90%|█████████ | 1083/1200 [08:24<00:55,  2.12it/s, buffer=160000, ret=0.00, success=0.00]
Training episodes:  90%|█████████ | 1084/1200 [08:24<00:55,  2.10it/s, buffer=160000, ret=0.00, success=0.00]
Training episodes:  90%|█████████ | 1084/1200 [08:24<00:55,  2.10it/s, buffer=160000, ret=0.00, success=0.00]
Training episodes:  90%|█████████ | 1085/1200 [08:24<00:54,  2.11it/s, buffer=160000, ret=0.00, success=0.00]
Training episodes:  90%|█████████ | 1085/1200 [08:25<00:54,  2.11it/s, buffer=160000, ret=0.00, success=0.00]
Training episodes:  90%|█████████ | 1086/1200 [08:25<00:54,  2.10it/s, buffer=160000, ret=0.00, success=0.00]
Training episodes:  90%|█████████ | 1086/1200 [08:25<00:54,  2.10it/s, buffer=160000, ret=0.00, success=0.00]
Training episodes:  91%|█████████ | 1087/1200 [08:25<00:53,  2.11it/s, buffer=160000, ret=0.00, success=0.00]
Training episodes:  91%|█████████ | 1087/1200 [08:26<00:53,  2.11it/s, buffer=160000, ret=0.00, success=0.00]
Training episodes:  91%|█████████ | 1088/1200 [08:26<00:52,  2.13it/s, buffer=160000, ret=0.00, success=0.00]
Training episodes:  91%|█████████ | 1088/1200 [08:26<00:52,  2.13it/s, buffer=160000, ret=0.00, success=0.00]
Training episodes:  91%|█████████ | 1089/1200 [08:26<00:52,  2.12it/s, buffer=160000, ret=0.00, success=0.00]
Training episodes:  91%|█████████ | 1089/1200 [08:26<00:52,  2.12it/s, buffer=160000, ret=0.00, success=0.00]
Training episodes:  91%|█████████ | 1090/1200 [08:26<00:51,  2.12it/s, buffer=160000, ret=0.00, success=0.00]
Training episodes:  91%|█████████ | 1090/1200 [08:27<00:51,  2.12it/s, buffer=160000, ret=0.00, success=0.00]
Training episodes:  91%|█████████ | 1091/1200 [08:27<00:52,  2.09it/s, buffer=160000, ret=0.00, success=0.00]
Training episodes:  91%|█████████ | 1091/1200 [08:27<00:52,  2.09it/s, buffer=160000, ret=0.00, success=0.00]
Training episodes:  91%|█████████ | 1092/1200 [08:27<00:51,  2.10it/s, buffer=160000, ret=0.00, success=0.00]
Training episodes:  91%|█████████ | 1092/1200 [08:28<00:51,  2.10it/s, buffer=160000, ret=0.00, success=0.00]
Training episodes:  91%|█████████ | 1093/1200 [08:28<00:50,  2.10it/s, buffer=160000, ret=0.00, success=0.00]
Training episodes:  91%|█████████ | 1093/1200 [08:28<00:50,  2.10it/s, buffer=160000, ret=0.00, success=0.00]
Training episodes:  91%|█████████ | 1094/1200 [08:28<00:49,  2.13it/s, buffer=160000, ret=0.00, success=0.00]
Training episodes:  91%|█████████ | 1094/1200 [08:29<00:49,  2.13it/s, buffer=160000, ret=0.00, success=0.00]
Training episodes:  91%|█████████▏| 1095/1200 [08:29<00:49,  2.13it/s, buffer=160000, ret=0.00, success=0.00]
Training episodes:  91%|█████████▏| 1095/1200 [08:29<00:49,  2.13it/s, buffer=160000, ret=0.00, success=0.00]
Training episodes:  91%|█████████▏| 1096/1200 [08:29<00:48,  2.13it/s, buffer=160000, ret=0.00, success=0.00]
Training episodes:  91%|█████████▏| 1096/1200 [08:30<00:48,  2.13it/s, buffer=160000, ret=0.00, success=0.00]
Training episodes:  91%|█████████▏| 1097/1200 [08:30<00:48,  2.15it/s, buffer=160000, ret=0.00, success=0.00]
Training episodes:  91%|█████████▏| 1097/1200 [08:30<00:48,  2.15it/s, buffer=160000, ret=0.00, success=0.00]
Training episodes:  92%|█████████▏| 1098/1200 [08:30<00:47,  2.15it/s, buffer=160000, ret=0.00, success=0.00]
Training episodes:  92%|█████████▏| 1098/1200 [08:31<00:47,  2.15it/s, buffer=160000, ret=0.00, success=0.00]
Training episodes:  92%|█████████▏| 1099/1200 [08:31<00:47,  2.14it/s, buffer=160000, ret=0.00, success=0.00]
Training episodes:  92%|█████████▏| 1099/1200 [08:31<00:47,  2.14it/s, buffer=160000, ret=0.00, success=0.00]wandb: WARNING `fps` argument does not affect the frame rate of the video when providing a file path or raw bytes.

Training episodes:  92%|█████████▏| 1100/1200 [08:32<01:02,  1.59it/s, buffer=160000, ret=0.00, success=0.00]
Training episodes:  92%|█████████▏| 1100/1200 [08:32<01:02,  1.59it/s, buffer=160000, ret=0.00, success=0.00]
Training episodes:  92%|█████████▏| 1101/1200 [08:32<00:58,  1.70it/s, buffer=160000, ret=0.00, success=0.00]
Training episodes:  92%|█████████▏| 1101/1200 [08:33<00:58,  1.70it/s, buffer=160000, ret=0.00, success=0.00]
Training episodes:  92%|█████████▏| 1102/1200 [08:33<00:53,  1.82it/s, buffer=160000, ret=0.00, success=0.00]
Training episodes:  92%|█████████▏| 1102/1200 [08:33<00:53,  1.82it/s, buffer=160000, ret=0.00, success=0.00]
Training episodes:  92%|█████████▏| 1103/1200 [08:33<00:50,  1.91it/s, buffer=160000, ret=0.00, success=0.00]
Training episodes:  92%|█████████▏| 1103/1200 [08:34<00:50,  1.91it/s, buffer=160000, ret=0.00, success=0.00]
Training episodes:  92%|█████████▏| 1104/1200 [08:34<00:48,  1.99it/s, buffer=160000, ret=0.00, success=0.00]
Training episodes:  92%|█████████▏| 1104/1200 [08:34<00:48,  1.99it/s, buffer=160000, ret=0.00, success=0.00]
Training episodes:  92%|█████████▏| 1105/1200 [08:34<00:46,  2.04it/s, buffer=160000, ret=0.00, success=0.00]
Training episodes:  92%|█████████▏| 1105/1200 [08:34<00:46,  2.04it/s, buffer=160000, ret=0.00, success=0.00]
Training episodes:  92%|█████████▏| 1106/1200 [08:34<00:45,  2.08it/s, buffer=160000, ret=0.00, success=0.00]
Training episodes:  92%|█████████▏| 1106/1200 [08:35<00:45,  2.08it/s, buffer=160000, ret=0.00, success=0.00]
Training episodes:  92%|█████████▏| 1107/1200 [08:35<00:44,  2.10it/s, buffer=160000, ret=0.00, success=0.00]
Training episodes:  92%|█████████▏| 1107/1200 [08:35<00:44,  2.10it/s, buffer=160000, ret=0.00, success=0.00]
Training episodes:  92%|█████████▏| 1108/1200 [08:35<00:43,  2.12it/s, buffer=160000, ret=0.00, success=0.00]
Training episodes:  92%|█████████▏| 1108/1200 [08:36<00:43,  2.12it/s, buffer=160000, ret=0.00, success=0.00]
Training episodes:  92%|█████████▏| 1109/1200 [08:36<00:42,  2.14it/s, buffer=160000, ret=0.00, success=0.00]
Training episodes:  92%|█████████▏| 1109/1200 [08:36<00:42,  2.14it/s, buffer=160000, ret=0.00, success=0.00]
Training episodes:  92%|█████████▎| 1110/1200 [08:36<00:41,  2.15it/s, buffer=160000, ret=0.00, success=0.00]
Training episodes:  92%|█████████▎| 1110/1200 [08:37<00:41,  2.15it/s, buffer=160000, ret=0.00, success=0.00]
Training episodes:  93%|█████████▎| 1111/1200 [08:37<00:41,  2.15it/s, buffer=160000, ret=0.00, success=0.00]
Training episodes:  93%|█████████▎| 1111/1200 [08:37<00:41,  2.15it/s, buffer=160000, ret=0.00, success=0.00]
Training episodes:  93%|█████████▎| 1112/1200 [08:37<00:41,  2.14it/s, buffer=160000, ret=0.00, success=0.00]
Training episodes:  93%|█████████▎| 1112/1200 [08:38<00:41,  2.14it/s, buffer=160000, ret=0.00, success=0.00]
Training episodes:  93%|█████████▎| 1113/1200 [08:38<00:40,  2.14it/s, buffer=160000, ret=0.00, success=0.00]
Training episodes:  93%|█████████▎| 1113/1200 [08:38<00:40,  2.14it/s, buffer=160000, ret=0.00, success=0.00]
Training episodes:  93%|█████████▎| 1114/1200 [08:38<00:40,  2.13it/s, buffer=160000, ret=0.00, success=0.00]
Training episodes:  93%|█████████▎| 1114/1200 [08:39<00:40,  2.13it/s, buffer=160000, ret=0.00, success=0.00]
Training episodes:  93%|█████████▎| 1115/1200 [08:39<00:40,  2.12it/s, buffer=160000, ret=0.00, success=0.00]
Training episodes:  93%|█████████▎| 1115/1200 [08:39<00:40,  2.12it/s, buffer=160000, ret=0.00, success=0.00]
Training episodes:  93%|█████████▎| 1116/1200 [08:39<00:39,  2.13it/s, buffer=160000, ret=0.00, success=0.00]
Training episodes:  93%|█████████▎| 1116/1200 [08:40<00:39,  2.13it/s, buffer=160000, ret=0.00, success=0.00]
Training episodes:  93%|█████████▎| 1117/1200 [08:40<00:38,  2.13it/s, buffer=160000, ret=0.00, success=0.00]
Training episodes:  93%|█████████▎| 1117/1200 [08:40<00:38,  2.13it/s, buffer=160000, ret=0.00, success=0.00]
Training episodes:  93%|█████████▎| 1118/1200 [08:40<00:38,  2.12it/s, buffer=160000, ret=0.00, success=0.00]
Training episodes:  93%|█████████▎| 1118/1200 [08:41<00:38,  2.12it/s, buffer=160000, ret=0.00, success=0.00]
Training episodes:  93%|█████████▎| 1119/1200 [08:41<00:38,  2.12it/s, buffer=160000, ret=0.00, success=0.00]
Training episodes:  93%|█████████▎| 1119/1200 [08:41<00:38,  2.12it/s, buffer=160000, ret=0.00, success=0.00]
Training episodes:  93%|█████████▎| 1120/1200 [08:41<00:37,  2.14it/s, buffer=160000, ret=0.00, success=0.00]
Training episodes:  93%|█████████▎| 1120/1200 [08:41<00:37,  2.14it/s, buffer=160000, ret=0.00, success=0.00]
Training episodes:  93%|█████████▎| 1121/1200 [08:41<00:37,  2.13it/s, buffer=160000, ret=0.00, success=0.00]
Training episodes:  93%|█████████▎| 1121/1200 [08:42<00:37,  2.13it/s, buffer=160000, ret=0.00, success=0.00]
Training episodes:  94%|█████████▎| 1122/1200 [08:42<00:36,  2.14it/s, buffer=160000, ret=0.00, success=0.00]
Training episodes:  94%|█████████▎| 1122/1200 [08:42<00:36,  2.14it/s, buffer=160000, ret=0.00, success=0.00]
Training episodes:  94%|█████████▎| 1123/1200 [08:42<00:36,  2.14it/s, buffer=160000, ret=0.00, success=0.00]
Training episodes:  94%|█████████▎| 1123/1200 [08:43<00:36,  2.14it/s, buffer=160000, ret=0.00, success=0.00]
Training episodes:  94%|█████████▎| 1124/1200 [08:43<00:35,  2.14it/s, buffer=160000, ret=0.00, success=0.00]
Training episodes:  94%|█████████▎| 1124/1200 [08:43<00:35,  2.14it/s, buffer=160000, ret=0.00, success=0.00]
Training episodes:  94%|█████████▍| 1125/1200 [08:43<00:35,  2.11it/s, buffer=160000, ret=0.00, success=0.00]
Training episodes:  94%|█████████▍| 1125/1200 [08:44<00:35,  2.11it/s, buffer=160000, ret=0.00, success=0.00]
Training episodes:  94%|█████████▍| 1126/1200 [08:44<00:34,  2.13it/s, buffer=160000, ret=0.00, success=0.00]
Training episodes:  94%|█████████▍| 1126/1200 [08:44<00:34,  2.13it/s, buffer=160000, ret=0.00, success=0.00]
Training episodes:  94%|█████████▍| 1127/1200 [08:44<00:34,  2.15it/s, buffer=160000, ret=0.00, success=0.00]
Training episodes:  94%|█████████▍| 1127/1200 [08:45<00:34,  2.15it/s, buffer=160000, ret=0.00, success=0.00]
Training episodes:  94%|█████████▍| 1128/1200 [08:45<00:33,  2.12it/s, buffer=160000, ret=0.00, success=0.00]
Training episodes:  94%|█████████▍| 1128/1200 [08:45<00:33,  2.12it/s, buffer=160000, ret=0.00, success=0.00]
Training episodes:  94%|█████████▍| 1129/1200 [08:45<00:33,  2.12it/s, buffer=160000, ret=0.00, success=0.00]
Training episodes:  94%|█████████▍| 1129/1200 [08:46<00:33,  2.12it/s, buffer=160000, ret=0.00, success=0.00]
Training episodes:  94%|█████████▍| 1130/1200 [08:46<00:32,  2.14it/s, buffer=160000, ret=0.00, success=0.00]
Training episodes:  94%|█████████▍| 1130/1200 [08:46<00:32,  2.14it/s, buffer=160000, ret=0.00, success=0.00]
Training episodes:  94%|█████████▍| 1131/1200 [08:46<00:32,  2.15it/s, buffer=160000, ret=0.00, success=0.00]
Training episodes:  94%|█████████▍| 1131/1200 [08:47<00:32,  2.15it/s, buffer=160000, ret=0.00, success=0.00]
Training episodes:  94%|█████████▍| 1132/1200 [08:47<00:32,  2.11it/s, buffer=160000, ret=0.00, success=0.00]
Training episodes:  94%|█████████▍| 1132/1200 [08:47<00:32,  2.11it/s, buffer=160000, ret=0.00, success=0.00]
Training episodes:  94%|█████████▍| 1133/1200 [08:47<00:31,  2.10it/s, buffer=160000, ret=0.00, success=0.00]
Training episodes:  94%|█████████▍| 1133/1200 [08:48<00:31,  2.10it/s, buffer=160000, ret=0.00, success=0.00]
Training episodes:  94%|█████████▍| 1134/1200 [08:48<00:31,  2.11it/s, buffer=160000, ret=0.00, success=0.00]
Training episodes:  94%|█████████▍| 1134/1200 [08:48<00:31,  2.11it/s, buffer=160000, ret=0.00, success=0.00]
Training episodes:  95%|█████████▍| 1135/1200 [08:48<00:30,  2.11it/s, buffer=160000, ret=0.00, success=0.00]
Training episodes:  95%|█████████▍| 1135/1200 [08:49<00:30,  2.11it/s, buffer=160000, ret=0.00, success=0.00]
Training episodes:  95%|█████████▍| 1136/1200 [08:49<00:30,  2.11it/s, buffer=160000, ret=0.00, success=0.00]
Training episodes:  95%|█████████▍| 1136/1200 [08:49<00:30,  2.11it/s, buffer=160000, ret=0.00, success=0.00]
Training episodes:  95%|█████████▍| 1137/1200 [08:49<00:29,  2.12it/s, buffer=160000, ret=0.00, success=0.00]
Training episodes:  95%|█████████▍| 1137/1200 [08:50<00:29,  2.12it/s, buffer=160000, ret=0.00, success=0.00]
Training episodes:  95%|█████████▍| 1138/1200 [08:50<00:29,  2.11it/s, buffer=160000, ret=0.00, success=0.00]
Training episodes:  95%|█████████▍| 1138/1200 [08:50<00:29,  2.11it/s, buffer=160000, ret=0.00, success=0.00]
Training episodes:  95%|█████████▍| 1139/1200 [08:50<00:28,  2.12it/s, buffer=160000, ret=0.00, success=0.00]
Training episodes:  95%|█████████▍| 1139/1200 [08:50<00:28,  2.12it/s, buffer=160000, ret=0.00, success=0.00]
Training episodes:  95%|█████████▌| 1140/1200 [08:50<00:28,  2.12it/s, buffer=160000, ret=0.00, success=0.00]
Training episodes:  95%|█████████▌| 1140/1200 [08:51<00:28,  2.12it/s, buffer=160000, ret=0.00, success=0.00]
Training episodes:  95%|█████████▌| 1141/1200 [08:51<00:27,  2.12it/s, buffer=160000, ret=0.00, success=0.00]
Training episodes:  95%|█████████▌| 1141/1200 [08:51<00:27,  2.12it/s, buffer=160000, ret=0.00, success=0.00]
Training episodes:  95%|█████████▌| 1142/1200 [08:51<00:27,  2.14it/s, buffer=160000, ret=0.00, success=0.00]
Training episodes:  95%|█████████▌| 1142/1200 [08:52<00:27,  2.14it/s, buffer=160000, ret=0.00, success=0.00]
Training episodes:  95%|█████████▌| 1143/1200 [08:52<00:26,  2.13it/s, buffer=160000, ret=0.00, success=0.00]
Training episodes:  95%|█████████▌| 1143/1200 [08:52<00:26,  2.13it/s, buffer=160000, ret=0.00, success=0.00]
Training episodes:  95%|█████████▌| 1144/1200 [08:52<00:26,  2.13it/s, buffer=160000, ret=0.00, success=0.00]
Training episodes:  95%|█████████▌| 1144/1200 [08:53<00:26,  2.13it/s, buffer=160000, ret=0.00, success=0.00]
Training episodes:  95%|█████████▌| 1145/1200 [08:53<00:25,  2.13it/s, buffer=160000, ret=0.00, success=0.00]
Training episodes:  95%|█████████▌| 1145/1200 [08:53<00:25,  2.13it/s, buffer=160000, ret=0.00, success=0.00]
Training episodes:  96%|█████████▌| 1146/1200 [08:53<00:25,  2.12it/s, buffer=160000, ret=0.00, success=0.00]
Training episodes:  96%|█████████▌| 1146/1200 [08:54<00:25,  2.12it/s, buffer=160000, ret=0.00, success=0.00]
Training episodes:  96%|█████████▌| 1147/1200 [08:54<00:24,  2.12it/s, buffer=160000, ret=0.00, success=0.00]
Training episodes:  96%|█████████▌| 1147/1200 [08:54<00:24,  2.12it/s, buffer=160000, ret=0.00, success=0.00]
Training episodes:  96%|█████████▌| 1148/1200 [08:54<00:24,  2.13it/s, buffer=160000, ret=0.00, success=0.00]
Training episodes:  96%|█████████▌| 1148/1200 [08:55<00:24,  2.13it/s, buffer=160000, ret=0.00, success=0.00]
Training episodes:  96%|█████████▌| 1149/1200 [08:55<00:23,  2.13it/s, buffer=160000, ret=0.00, success=0.00]
Training episodes:  96%|█████████▌| 1149/1200 [08:55<00:23,  2.13it/s, buffer=160000, ret=0.00, success=0.00]wandb: WARNING `fps` argument does not affect the frame rate of the video when providing a file path or raw bytes.

Training episodes:  96%|█████████▌| 1150/1200 [08:56<00:31,  1.59it/s, buffer=160000, ret=0.00, success=0.00]
Training episodes:  96%|█████████▌| 1150/1200 [08:56<00:31,  1.59it/s, buffer=160000, ret=0.00, success=0.00]
Training episodes:  96%|█████████▌| 1151/1200 [08:56<00:28,  1.71it/s, buffer=160000, ret=0.00, success=0.00]
Training episodes:  96%|█████████▌| 1151/1200 [08:57<00:28,  1.71it/s, buffer=160000, ret=0.00, success=0.00]
Training episodes:  96%|█████████▌| 1152/1200 [08:57<00:26,  1.81it/s, buffer=160000, ret=0.00, success=0.00]
Training episodes:  96%|█████████▌| 1152/1200 [08:57<00:26,  1.81it/s, buffer=160000, ret=0.00, success=0.00]
Training episodes:  96%|█████████▌| 1153/1200 [08:57<00:24,  1.89it/s, buffer=160000, ret=0.00, success=0.00]
Training episodes:  96%|█████████▌| 1153/1200 [08:58<00:24,  1.89it/s, buffer=160000, ret=0.00, success=0.00]
Training episodes:  96%|█████████▌| 1154/1200 [08:58<00:23,  1.96it/s, buffer=160000, ret=0.00, success=0.00]
Training episodes:  96%|█████████▌| 1154/1200 [08:58<00:23,  1.96it/s, buffer=160000, ret=0.00, success=0.00]
Training episodes:  96%|█████████▋| 1155/1200 [08:58<00:22,  2.02it/s, buffer=160000, ret=0.00, success=0.00]
Training episodes:  96%|█████████▋| 1155/1200 [08:58<00:22,  2.02it/s, buffer=160000, ret=0.00, success=0.00]
Training episodes:  96%|█████████▋| 1156/1200 [08:58<00:21,  2.07it/s, buffer=160000, ret=0.00, success=0.00]
Training episodes:  96%|█████████▋| 1156/1200 [08:59<00:21,  2.07it/s, buffer=160000, ret=0.00, success=0.00]
Training episodes:  96%|█████████▋| 1157/1200 [08:59<00:20,  2.10it/s, buffer=160000, ret=0.00, success=0.00]
Training episodes:  96%|█████████▋| 1157/1200 [08:59<00:20,  2.10it/s, buffer=160000, ret=0.00, success=0.00]
Training episodes:  96%|█████████▋| 1158/1200 [08:59<00:19,  2.11it/s, buffer=160000, ret=0.00, success=0.00]
Training episodes:  96%|█████████▋| 1158/1200 [09:00<00:19,  2.11it/s, buffer=160000, ret=0.00, success=0.00]
Training episodes:  97%|█████████▋| 1159/1200 [09:00<00:19,  2.12it/s, buffer=160000, ret=0.00, success=0.00]
Training episodes:  97%|█████████▋| 1159/1200 [09:00<00:19,  2.12it/s, buffer=160000, ret=0.00, success=0.00]
Training episodes:  97%|█████████▋| 1160/1200 [09:00<00:18,  2.13it/s, buffer=160000, ret=0.00, success=0.00]
Training episodes:  97%|█████████▋| 1160/1200 [09:01<00:18,  2.13it/s, buffer=160000, ret=0.00, success=0.00]
Training episodes:  97%|█████████▋| 1161/1200 [09:01<00:18,  2.13it/s, buffer=160000, ret=0.00, success=0.00]
Training episodes:  97%|█████████▋| 1161/1200 [09:01<00:18,  2.13it/s, buffer=160000, ret=0.00, success=0.00]
Training episodes:  97%|█████████▋| 1162/1200 [09:01<00:17,  2.14it/s, buffer=160000, ret=0.00, success=0.00]
Training episodes:  97%|█████████▋| 1162/1200 [09:02<00:17,  2.14it/s, buffer=160000, ret=0.00, success=0.00]
Training episodes:  97%|█████████▋| 1163/1200 [09:02<00:17,  2.14it/s, buffer=160000, ret=0.00, success=0.00]
Training episodes:  97%|█████████▋| 1163/1200 [09:02<00:17,  2.14it/s, buffer=160000, ret=0.00, success=0.00]
Training episodes:  97%|█████████▋| 1164/1200 [09:02<00:16,  2.14it/s, buffer=160000, ret=0.00, success=0.00]
Training episodes:  97%|█████████▋| 1164/1200 [09:03<00:16,  2.14it/s, buffer=160000, ret=0.00, success=0.00]
Training episodes:  97%|█████████▋| 1165/1200 [09:03<00:16,  2.13it/s, buffer=160000, ret=0.00, success=0.00]
Training episodes:  97%|█████████▋| 1165/1200 [09:03<00:16,  2.13it/s, buffer=160000, ret=0.00, success=0.00]
Training episodes:  97%|█████████▋| 1166/1200 [09:03<00:15,  2.14it/s, buffer=160000, ret=0.00, success=0.00]
Training episodes:  97%|█████████▋| 1166/1200 [09:04<00:15,  2.14it/s, buffer=160000, ret=0.00, success=0.00]
Training episodes:  97%|█████████▋| 1167/1200 [09:04<00:15,  2.15it/s, buffer=160000, ret=0.00, success=0.00]
Training episodes:  97%|█████████▋| 1167/1200 [09:04<00:15,  2.15it/s, buffer=160000, ret=0.00, success=0.00]
Training episodes:  97%|█████████▋| 1168/1200 [09:04<00:15,  2.13it/s, buffer=160000, ret=0.00, success=0.00]
Training episodes:  97%|█████████▋| 1168/1200 [09:05<00:15,  2.13it/s, buffer=160000, ret=0.00, success=0.00]
Training episodes:  97%|█████████▋| 1169/1200 [09:05<00:14,  2.11it/s, buffer=160000, ret=0.00, success=0.00]
Training episodes:  97%|█████████▋| 1169/1200 [09:05<00:14,  2.11it/s, buffer=160000, ret=0.00, success=0.00]
Training episodes:  98%|█████████▊| 1170/1200 [09:05<00:14,  2.10it/s, buffer=160000, ret=0.00, success=0.00]
Training episodes:  98%|█████████▊| 1170/1200 [09:06<00:14,  2.10it/s, buffer=160000, ret=0.00, success=0.00]
Training episodes:  98%|█████████▊| 1171/1200 [09:06<00:13,  2.13it/s, buffer=160000, ret=0.00, success=0.00]
Training episodes:  98%|█████████▊| 1171/1200 [09:06<00:13,  2.13it/s, buffer=160000, ret=0.00, success=0.00]
Training episodes:  98%|█████████▊| 1172/1200 [09:06<00:13,  2.11it/s, buffer=160000, ret=0.00, success=0.00]
Training episodes:  98%|█████████▊| 1172/1200 [09:06<00:13,  2.11it/s, buffer=160000, ret=0.00, success=0.00]
Training episodes:  98%|█████████▊| 1173/1200 [09:06<00:12,  2.13it/s, buffer=160000, ret=0.00, success=0.00]
Training episodes:  98%|█████████▊| 1173/1200 [09:07<00:12,  2.13it/s, buffer=160000, ret=0.00, success=0.00]
Training episodes:  98%|█████████▊| 1174/1200 [09:07<00:12,  2.12it/s, buffer=160000, ret=0.00, success=0.00]
Training episodes:  98%|█████████▊| 1174/1200 [09:07<00:12,  2.12it/s, buffer=160000, ret=0.00, success=0.00]
Training episodes:  98%|█████████▊| 1175/1200 [09:07<00:11,  2.11it/s, buffer=160000, ret=0.00, success=0.00]
Training episodes:  98%|█████████▊| 1175/1200 [09:08<00:11,  2.11it/s, buffer=160000, ret=0.00, success=0.00]
Training episodes:  98%|█████████▊| 1176/1200 [09:08<00:11,  2.12it/s, buffer=160000, ret=0.00, success=0.00]
Training episodes:  98%|█████████▊| 1176/1200 [09:08<00:11,  2.12it/s, buffer=160000, ret=0.00, success=0.00]
Training episodes:  98%|█████████▊| 1177/1200 [09:08<00:10,  2.11it/s, buffer=160000, ret=0.00, success=0.00]
Training episodes:  98%|█████████▊| 1177/1200 [09:09<00:10,  2.11it/s, buffer=160000, ret=0.00, success=0.00]
Training episodes:  98%|█████████▊| 1178/1200 [09:09<00:10,  2.11it/s, buffer=160000, ret=0.00, success=0.00]
Training episodes:  98%|█████████▊| 1178/1200 [09:09<00:10,  2.11it/s, buffer=160000, ret=0.00, success=0.00]
Training episodes:  98%|█████████▊| 1179/1200 [09:09<00:09,  2.11it/s, buffer=160000, ret=0.00, success=0.00]
Training episodes:  98%|█████████▊| 1179/1200 [09:10<00:09,  2.11it/s, buffer=160000, ret=0.00, success=0.00]
Training episodes:  98%|█████████▊| 1180/1200 [09:10<00:09,  2.12it/s, buffer=160000, ret=0.00, success=0.00]
Training episodes:  98%|█████████▊| 1180/1200 [09:10<00:09,  2.12it/s, buffer=160000, ret=0.00, success=0.00]
Training episodes:  98%|█████████▊| 1181/1200 [09:10<00:08,  2.12it/s, buffer=160000, ret=0.00, success=0.00]
Training episodes:  98%|█████████▊| 1181/1200 [09:11<00:08,  2.12it/s, buffer=160000, ret=0.00, success=0.00]
Training episodes:  98%|█████████▊| 1182/1200 [09:11<00:08,  2.12it/s, buffer=160000, ret=0.00, success=0.00]
Training episodes:  98%|█████████▊| 1182/1200 [09:11<00:08,  2.12it/s, buffer=160000, ret=0.00, success=0.00]
Training episodes:  99%|█████████▊| 1183/1200 [09:11<00:07,  2.13it/s, buffer=160000, ret=0.00, success=0.00]
Training episodes:  99%|█████████▊| 1183/1200 [09:12<00:07,  2.13it/s, buffer=160000, ret=0.00, success=0.00]
Training episodes:  99%|█████████▊| 1184/1200 [09:12<00:07,  2.12it/s, buffer=160000, ret=0.00, success=0.00]
Training episodes:  99%|█████████▊| 1184/1200 [09:12<00:07,  2.12it/s, buffer=160000, ret=0.00, success=0.00]
Training episodes:  99%|█████████▉| 1185/1200 [09:12<00:07,  2.13it/s, buffer=160000, ret=0.00, success=0.00]
Training episodes:  99%|█████████▉| 1185/1200 [09:13<00:07,  2.13it/s, buffer=160000, ret=0.00, success=0.00]
Training episodes:  99%|█████████▉| 1186/1200 [09:13<00:06,  2.13it/s, buffer=160000, ret=0.00, success=0.00]
Training episodes:  99%|█████████▉| 1186/1200 [09:13<00:06,  2.13it/s, buffer=160000, ret=0.00, success=0.00]
Training episodes:  99%|█████████▉| 1187/1200 [09:13<00:06,  2.12it/s, buffer=160000, ret=0.00, success=0.00]
Training episodes:  99%|█████████▉| 1187/1200 [09:14<00:06,  2.12it/s, buffer=160000, ret=0.00, success=0.00]
Training episodes:  99%|█████████▉| 1188/1200 [09:14<00:05,  2.13it/s, buffer=160000, ret=0.00, success=0.00]
Training episodes:  99%|█████████▉| 1188/1200 [09:14<00:05,  2.13it/s, buffer=160000, ret=0.00, success=0.00]
Training episodes:  99%|█████████▉| 1189/1200 [09:14<00:05,  2.12it/s, buffer=160000, ret=0.00, success=0.00]
Training episodes:  99%|█████████▉| 1189/1200 [09:14<00:05,  2.12it/s, buffer=160000, ret=0.00, success=0.00]
Training episodes:  99%|█████████▉| 1190/1200 [09:14<00:04,  2.12it/s, buffer=160000, ret=0.00, success=0.00]
Training episodes:  99%|█████████▉| 1190/1200 [09:15<00:04,  2.12it/s, buffer=160000, ret=0.00, success=0.00]
Training episodes:  99%|█████████▉| 1191/1200 [09:15<00:04,  2.11it/s, buffer=160000, ret=0.00, success=0.00]
Training episodes:  99%|█████████▉| 1191/1200 [09:15<00:04,  2.11it/s, buffer=160000, ret=0.00, success=0.00]
Training episodes:  99%|█████████▉| 1192/1200 [09:15<00:03,  2.11it/s, buffer=160000, ret=0.00, success=0.00]
Training episodes:  99%|█████████▉| 1192/1200 [09:16<00:03,  2.11it/s, buffer=160000, ret=0.00, success=0.00]
Training episodes:  99%|█████████▉| 1193/1200 [09:16<00:03,  2.11it/s, buffer=160000, ret=0.00, success=0.00]
Training episodes:  99%|█████████▉| 1193/1200 [09:16<00:03,  2.11it/s, buffer=160000, ret=0.00, success=0.00]
Training episodes: 100%|█████████▉| 1194/1200 [09:16<00:02,  2.11it/s, buffer=160000, ret=0.00, success=0.00]
Training episodes: 100%|█████████▉| 1194/1200 [09:17<00:02,  2.11it/s, buffer=160000, ret=0.00, success=0.00]
Training episodes: 100%|█████████▉| 1195/1200 [09:17<00:02,  2.11it/s, buffer=160000, ret=0.00, success=0.00]
Training episodes: 100%|█████████▉| 1195/1200 [09:17<00:02,  2.11it/s, buffer=160000, ret=0.00, success=0.00]
Training episodes: 100%|█████████▉| 1196/1200 [09:17<00:01,  2.12it/s, buffer=160000, ret=0.00, success=0.00]
Training episodes: 100%|█████████▉| 1196/1200 [09:18<00:01,  2.12it/s, buffer=160000, ret=0.00, success=0.00]
Training episodes: 100%|█████████▉| 1197/1200 [09:18<00:01,  2.13it/s, buffer=160000, ret=0.00, success=0.00]
Training episodes: 100%|█████████▉| 1197/1200 [09:18<00:01,  2.13it/s, buffer=160000, ret=0.00, success=0.00]
Training episodes: 100%|█████████▉| 1198/1200 [09:18<00:00,  2.14it/s, buffer=160000, ret=0.00, success=0.00]
Training episodes: 100%|█████████▉| 1198/1200 [09:19<00:00,  2.14it/s, buffer=160000, ret=0.00, success=0.00]
Training episodes: 100%|█████████▉| 1199/1200 [09:19<00:00,  2.15it/s, buffer=160000, ret=0.00, success=0.00]
Training episodes: 100%|█████████▉| 1199/1200 [09:19<00:00,  2.15it/s, buffer=160000, ret=0.00, success=0.00]wandb: WARNING `fps` argument does not affect the frame rate of the video when providing a file path or raw bytes.

Training episodes: 100%|██████████| 1200/1200 [09:20<00:00,  1.61it/s, buffer=160000, ret=0.00, success=0.00]
Training episodes: 100%|██████████| 1200/1200 [09:20<00:00,  2.14it/s, buffer=160000, ret=0.00, success=0.00]
wandb: updating run metadata
wandb: uploading history steps 1189-1199, summary, console lines 23-24
wandb: 
wandb: Run history:
wandb:           actor/log_prob █▆▆▇▅▆▄▃▃▅▄▃▄▃▂▂▃▃▃▄▂▄▃▂▃▄▂▄▃▃▂▂▃▂▃▂▃▁▂▃
wandb:               actor/loss ▁▄▄▅▅▆▇▇▇▇▇▇▇▇██████████████████████████
wandb:               actor/q_pi █▆▃▃▂▁▁▂▁▁▁▁▁▁▁▁▁▁▁▁▁▁▁▁▁▁▁▁▁▁▁▁▁▁▁▁▁▁▁▁
wandb:               alpha/loss █▇▆▄▄▂▂▂▂▂▂▂▁▁▁▁▁▁▁▁▁▁▁▁▁▁▁▁▁▁▁▁▁▁▁▁▁▁▁▁
wandb:              alpha/value ██▆▃▂▂▂▁▁▁▁▁▁▁▁▁▁▁▁▁▁▁▁▁▁▁▁▁▁▁▁▁▁▁▁▁▁▁▁▁
wandb:       critic/diag_logits █▂▁▁▁▁▁▁▁▁▁▁▁▁▁▁▁▁▁▁▁▁▁▁▁▁▁▁▁▁▁▁▁▁▁▁▁▁▁▁
wandb: critic/logsumexp_penalty ██▅▄▄▂▃▂▂▂▂▂▁▂▁▁▁▂▁▁▁▁▁▁▁▁▁▁▁▁▁▁▁▁▁▁▁▁▁▁
wandb:              critic/loss ▁███████████████████████████████████████
wandb:                  episode ▁▁▁▁▂▂▂▂▃▃▃▃▄▄▄▄▄▄▄▅▅▅▅▅▆▆▆▆▆▆▆▇▇▇▇▇▇███
wandb:              eval/frames ▁▁▁▁▁▁▁▁▁▁▁▁▁▁▁▁▁▁▁▁▁▁▁▁
wandb:                       +8 ...
wandb: 
wandb: Run summary:
wandb:           actor/log_prob -4.78584
wandb:               actor/loss 1.99999
wandb:               actor/q_pi -2.0
wandb:               alpha/loss 1e-05
wandb:              alpha/value 0.0
wandb:       critic/diag_logits -2.0
wandb: critic/logsumexp_penalty 1.25683
wandb:              critic/loss 5.54518
wandb:                  episode 1200
wandb:              eval/frames 201
wandb:                       +8 ...
wandb: 
wandb: 🚀 View run longrun_tmux_20260422_1135 at: https://wandb.ai/surya-april19-concordia-university/crl-widowx-pick-place/runs/6gf6m42l
wandb: ⭐️ View project at: https://wandb.ai/surya-april19-concordia-university/crl-widowx-pick-place
wandb: Synced 5 W&B file(s), 24 media file(s), 0 artifact file(s) and 0 other file(s)
wandb: Find logs at: ./wandb/run-20260422_113052-6gf6m42l/logs

