wandb: [wandb.login()] Loaded credentials for https://api.wandb.ai from /home/surya/.netrc.
wandb: Currently logged in as: surya-april19 (surya-april19-concordia-university) to https://api.wandb.ai. Use `wandb login --relogin` to force relogin
wandb: setting up run vj34wott
wandb: Tracking run with wandb version 0.26.0
wandb: Run data is saved locally in /home/surya/CRL/wandb/run-20260422_115150-vj34wott
wandb: Run `wandb offline` to turn off syncing.
wandb: Syncing run longrun_v2_20260422_1154
wandb: ⭐️ View project at https://wandb.ai/surya-april19-concordia-university/crl-widowx-pick-place
wandb: 🚀 View run at https://wandb.ai/surya-april19-concordia-university/crl-widowx-pick-place/runs/vj34wott

Training episodes:   0%|          | 0/1500 [00:00<?, ?it/s]
Training episodes:   0%|          | 0/1500 [00:00<?, ?it/s, buffer=200, ret=12.09, success=0.00]
Training episodes:   0%|          | 0/1500 [00:00<?, ?it/s, buffer=400, ret=10.41, success=0.00]
Training episodes:   0%|          | 2/1500 [00:00<01:19, 18.75it/s, buffer=400, ret=10.41, success=0.00]
Training episodes:   0%|          | 2/1500 [00:00<01:19, 18.75it/s, buffer=600, ret=12.85, success=0.00]
Training episodes:   0%|          | 2/1500 [00:00<01:19, 18.75it/s, buffer=800, ret=9.94, success=0.00] 
Training episodes:   0%|          | 4/1500 [00:00<01:18, 18.95it/s, buffer=800, ret=9.94, success=0.00]
Training episodes:   0%|          | 4/1500 [00:00<01:18, 18.95it/s, buffer=1000, ret=10.23, success=0.00]
Training episodes:   0%|          | 4/1500 [00:00<01:18, 18.95it/s, buffer=1200, ret=11.31, success=0.00]
Training episodes:   0%|          | 6/1500 [00:00<01:20, 18.61it/s, buffer=1200, ret=11.31, success=0.00]
Training episodes:   0%|          | 6/1500 [00:00<01:20, 18.61it/s, buffer=1400, ret=10.92, success=0.00]
Training episodes:   0%|          | 6/1500 [00:00<01:20, 18.61it/s, buffer=1600, ret=11.55, success=0.00]
Training episodes:   1%|          | 8/1500 [00:00<01:18, 18.91it/s, buffer=1600, ret=11.55, success=0.00]
Training episodes:   1%|          | 8/1500 [00:00<01:18, 18.91it/s, buffer=1800, ret=10.94, success=0.00]
Training episodes:   1%|          | 8/1500 [00:00<01:18, 18.91it/s, buffer=2000, ret=12.70, success=0.00]
Training episodes:   1%|          | 10/1500 [00:00<01:17, 19.26it/s, buffer=2000, ret=12.70, success=0.00]
Training episodes:   1%|          | 10/1500 [00:00<01:17, 19.26it/s, buffer=2200, ret=12.63, success=0.00]
Training episodes:   1%|          | 10/1500 [00:00<01:17, 19.26it/s, buffer=2400, ret=11.21, success=0.00]
Training episodes:   1%|          | 12/1500 [00:00<01:17, 19.17it/s, buffer=2400, ret=11.21, success=0.00]
Training episodes:   1%|          | 12/1500 [00:00<01:17, 19.17it/s, buffer=2600, ret=11.26, success=0.00]
Training episodes:   1%|          | 12/1500 [00:00<01:17, 19.17it/s, buffer=2800, ret=12.28, success=0.00]
Training episodes:   1%|          | 14/1500 [00:00<01:18, 18.87it/s, buffer=2800, ret=12.28, success=0.00]
Training episodes:   1%|          | 14/1500 [00:00<01:18, 18.87it/s, buffer=3000, ret=10.76, success=0.00]
Training episodes:   1%|          | 14/1500 [00:00<01:18, 18.87it/s, buffer=3200, ret=11.86, success=0.00]
Training episodes:   1%|          | 16/1500 [00:00<01:18, 18.95it/s, buffer=3200, ret=11.86, success=0.00]
Training episodes:   1%|          | 16/1500 [00:00<01:18, 18.95it/s, buffer=3400, ret=11.31, success=0.00]
Training episodes:   1%|          | 16/1500 [00:00<01:18, 18.95it/s, buffer=3600, ret=10.91, success=0.00]
Training episodes:   1%|          | 18/1500 [00:00<01:18, 18.78it/s, buffer=3600, ret=10.91, success=0.00]
Training episodes:   1%|          | 18/1500 [00:01<01:18, 18.78it/s, buffer=3800, ret=11.24, success=0.00]
Training episodes:   1%|          | 18/1500 [00:01<01:18, 18.78it/s, buffer=4000, ret=11.70, success=0.00]
Training episodes:   1%|▏         | 20/1500 [00:01<01:17, 19.05it/s, buffer=4000, ret=11.70, success=0.00]
Training episodes:   1%|▏         | 20/1500 [00:01<01:17, 19.05it/s, buffer=4200, ret=9.64, success=0.00] 
Training episodes:   1%|▏         | 20/1500 [00:01<01:17, 19.05it/s, buffer=4400, ret=11.03, success=0.00]
Training episodes:   1%|▏         | 22/1500 [00:01<01:23, 17.75it/s, buffer=4400, ret=11.03, success=0.00]
Training episodes:   1%|▏         | 22/1500 [00:01<01:23, 17.75it/s, buffer=4600, ret=10.76, success=0.00]
Training episodes:   1%|▏         | 22/1500 [00:01<01:23, 17.75it/s, buffer=4800, ret=9.46, success=0.00] 
Training episodes:   2%|▏         | 24/1500 [00:01<01:25, 17.16it/s, buffer=4800, ret=9.46, success=0.00]
Training episodes:   2%|▏         | 24/1500 [00:01<01:25, 17.16it/s, buffer=5000, ret=10.95, success=0.00]
Training episodes:   2%|▏         | 24/1500 [00:01<01:25, 17.16it/s, buffer=5200, ret=12.40, success=0.00]
Training episodes:   2%|▏         | 26/1500 [00:01<01:23, 17.59it/s, buffer=5200, ret=12.40, success=0.00]
Training episodes:   2%|▏         | 26/1500 [00:01<01:23, 17.59it/s, buffer=5400, ret=13.13, success=0.00]
Training episodes:   2%|▏         | 26/1500 [00:01<01:23, 17.59it/s, buffer=5600, ret=10.89, success=0.00]
Training episodes:   2%|▏         | 28/1500 [00:01<01:22, 17.84it/s, buffer=5600, ret=10.89, success=0.00]
Training episodes:   2%|▏         | 28/1500 [00:01<01:22, 17.84it/s, buffer=5800, ret=11.70, success=0.00]
Training episodes:   2%|▏         | 28/1500 [00:01<01:22, 17.84it/s, buffer=6000, ret=11.90, success=0.00]
Training episodes:   2%|▏         | 30/1500 [00:01<01:22, 17.79it/s, buffer=6000, ret=11.90, success=0.00]
Training episodes:   2%|▏         | 30/1500 [00:01<01:22, 17.79it/s, buffer=6200, ret=11.98, success=0.00]
Training episodes:   2%|▏         | 30/1500 [00:01<01:22, 17.79it/s, buffer=6400, ret=10.79, success=0.00]
Training episodes:   2%|▏         | 32/1500 [00:01<01:21, 18.11it/s, buffer=6400, ret=10.79, success=0.00]
Training episodes:   2%|▏         | 32/1500 [00:01<01:21, 18.11it/s, buffer=6600, ret=11.81, success=0.00]
Training episodes:   2%|▏         | 32/1500 [00:01<01:21, 18.11it/s, buffer=6800, ret=12.08, success=0.00]
Training episodes:   2%|▏         | 34/1500 [00:01<01:19, 18.54it/s, buffer=6800, ret=12.08, success=0.00]
Training episodes:   2%|▏         | 34/1500 [00:01<01:19, 18.54it/s, buffer=7000, ret=11.15, success=0.00]
Training episodes:   2%|▏         | 34/1500 [00:01<01:19, 18.54it/s, buffer=7200, ret=10.65, success=0.00]
Training episodes:   2%|▏         | 36/1500 [00:01<01:23, 17.64it/s, buffer=7200, ret=10.65, success=0.00]
Training episodes:   2%|▏         | 36/1500 [00:02<01:23, 17.64it/s, buffer=7400, ret=9.40, success=0.00] 
Training episodes:   2%|▏         | 36/1500 [00:02<01:23, 17.64it/s, buffer=7600, ret=11.16, success=0.00]
Training episodes:   3%|▎         | 38/1500 [00:02<01:22, 17.68it/s, buffer=7600, ret=11.16, success=0.00]
Training episodes:   3%|▎         | 38/1500 [00:02<01:22, 17.68it/s, buffer=7800, ret=11.25, success=0.00]
Training episodes:   3%|▎         | 38/1500 [00:02<01:22, 17.68it/s, buffer=8000, ret=13.57, success=0.00]
Training episodes:   3%|▎         | 40/1500 [00:02<01:22, 17.79it/s, buffer=8000, ret=13.57, success=0.00]
Training episodes:   3%|▎         | 40/1500 [00:02<01:22, 17.79it/s, buffer=8200, ret=10.42, success=0.00]
Training episodes:   3%|▎         | 40/1500 [00:02<01:22, 17.79it/s, buffer=8400, ret=12.66, success=0.00]
Training episodes:   3%|▎         | 42/1500 [00:02<01:19, 18.37it/s, buffer=8400, ret=12.66, success=0.00]
Training episodes:   3%|▎         | 42/1500 [00:02<01:19, 18.37it/s, buffer=8600, ret=13.63, success=0.00]
Training episodes:   3%|▎         | 42/1500 [00:02<01:19, 18.37it/s, buffer=8800, ret=12.11, success=0.00]
Training episodes:   3%|▎         | 44/1500 [00:02<01:19, 18.24it/s, buffer=8800, ret=12.11, success=0.00]
Training episodes:   3%|▎         | 44/1500 [00:02<01:19, 18.24it/s, buffer=9000, ret=12.86, success=0.00]
Training episodes:   3%|▎         | 44/1500 [00:02<01:19, 18.24it/s, buffer=9200, ret=12.59, success=0.00]
Training episodes:   3%|▎         | 46/1500 [00:02<01:21, 17.92it/s, buffer=9200, ret=12.59, success=0.00]
Training episodes:   3%|▎         | 46/1500 [00:02<01:21, 17.92it/s, buffer=9400, ret=11.15, success=0.00]
Training episodes:   3%|▎         | 46/1500 [00:02<01:21, 17.92it/s, buffer=9600, ret=12.98, success=0.00]
Training episodes:   3%|▎         | 48/1500 [00:02<01:22, 17.57it/s, buffer=9600, ret=12.98, success=0.00]
Training episodes:   3%|▎         | 48/1500 [00:02<01:22, 17.57it/s, buffer=9800, ret=12.82, success=0.00]
Training episodes:   3%|▎         | 48/1500 [00:02<01:22, 17.57it/s, buffer=1e+4, ret=13.51, success=0.00]wandb: WARNING `fps` argument does not affect the frame rate of the video when providing a file path or raw bytes.

Training episodes:   3%|▎         | 50/1500 [00:03<04:12,  5.75it/s, buffer=1e+4, ret=13.51, success=0.00]
Training episodes:   3%|▎         | 50/1500 [00:03<04:12,  5.75it/s, buffer=10200, ret=10.27, success=0.00]
Training episodes:   3%|▎         | 50/1500 [00:03<04:12,  5.75it/s, buffer=10400, ret=11.14, success=0.00]
Training episodes:   3%|▎         | 52/1500 [00:03<03:19,  7.27it/s, buffer=10400, ret=11.14, success=0.00]
Training episodes:   3%|▎         | 52/1500 [00:03<03:19,  7.27it/s, buffer=10600, ret=11.71, success=0.00]
Training episodes:   3%|▎         | 52/1500 [00:03<03:19,  7.27it/s, buffer=10800, ret=10.48, success=0.00]
Training episodes:   4%|▎         | 54/1500 [00:03<02:43,  8.82it/s, buffer=10800, ret=10.48, success=0.00]
Training episodes:   4%|▎         | 54/1500 [00:03<02:43,  8.82it/s, buffer=11000, ret=10.46, success=0.00]
Training episodes:   4%|▎         | 54/1500 [00:03<02:43,  8.82it/s, buffer=11200, ret=12.48, success=0.00]
Training episodes:   4%|▎         | 56/1500 [00:03<02:16, 10.55it/s, buffer=11200, ret=12.48, success=0.00]
Training episodes:   4%|▎         | 56/1500 [00:03<02:16, 10.55it/s, buffer=11400, ret=10.41, success=0.00]
Training episodes:   4%|▎         | 56/1500 [00:03<02:16, 10.55it/s, buffer=11600, ret=11.03, success=0.00]
Training episodes:   4%|▍         | 58/1500 [00:03<01:58, 12.14it/s, buffer=11600, ret=11.03, success=0.00]
Training episodes:   4%|▍         | 58/1500 [00:04<01:58, 12.14it/s, buffer=11800, ret=12.97, success=0.00]
Training episodes:   4%|▍         | 58/1500 [00:04<01:58, 12.14it/s, buffer=12000, ret=12.08, success=0.00]
Training episodes:   4%|▍         | 60/1500 [00:04<01:46, 13.56it/s, buffer=12000, ret=12.08, success=0.00]
Training episodes:   4%|▍         | 60/1500 [00:04<01:46, 13.56it/s, buffer=12200, ret=12.69, success=0.00]
Training episodes:   4%|▍         | 60/1500 [00:04<01:46, 13.56it/s, buffer=12400, ret=10.45, success=0.00]
Training episodes:   4%|▍         | 62/1500 [00:04<01:36, 14.95it/s, buffer=12400, ret=10.45, success=0.00]
Training episodes:   4%|▍         | 62/1500 [00:04<01:36, 14.95it/s, buffer=12600, ret=10.21, success=0.00]
Training episodes:   4%|▍         | 62/1500 [00:04<01:36, 14.95it/s, buffer=12800, ret=10.04, success=0.00]
Training episodes:   4%|▍         | 64/1500 [00:04<01:33, 15.36it/s, buffer=12800, ret=10.04, success=0.00]
Training episodes:   4%|▍         | 64/1500 [00:04<01:33, 15.36it/s, buffer=13000, ret=13.03, success=0.00]
Training episodes:   4%|▍         | 64/1500 [00:04<01:33, 15.36it/s, buffer=13200, ret=10.98, success=0.00]
Training episodes:   4%|▍         | 66/1500 [00:04<01:29, 16.06it/s, buffer=13200, ret=10.98, success=0.00]
Training episodes:   4%|▍         | 66/1500 [00:04<01:29, 16.06it/s, buffer=13400, ret=10.61, success=0.00]
Training episodes:   4%|▍         | 66/1500 [00:04<01:29, 16.06it/s, buffer=13600, ret=11.73, success=0.00]
Training episodes:   5%|▍         | 68/1500 [00:04<01:27, 16.33it/s, buffer=13600, ret=11.73, success=0.00]
Training episodes:   5%|▍         | 68/1500 [00:04<01:27, 16.33it/s, buffer=13800, ret=10.66, success=0.00]
Training episodes:   5%|▍         | 68/1500 [00:04<01:27, 16.33it/s, buffer=14000, ret=10.90, success=0.00]
Training episodes:   5%|▍         | 70/1500 [00:04<01:26, 16.44it/s, buffer=14000, ret=10.90, success=0.00]
Training episodes:   5%|▍         | 70/1500 [00:04<01:26, 16.44it/s, buffer=14200, ret=11.23, success=0.00]
Training episodes:   5%|▍         | 70/1500 [00:04<01:26, 16.44it/s, buffer=14400, ret=11.05, success=0.00]
Training episodes:   5%|▍         | 72/1500 [00:04<01:24, 16.82it/s, buffer=14400, ret=11.05, success=0.00]
Training episodes:   5%|▍         | 72/1500 [00:04<01:24, 16.82it/s, buffer=14600, ret=9.58, success=0.00] 
Training episodes:   5%|▍         | 72/1500 [00:04<01:24, 16.82it/s, buffer=14800, ret=11.91, success=0.00]
Training episodes:   5%|▍         | 74/1500 [00:04<01:22, 17.28it/s, buffer=14800, ret=11.91, success=0.00]
Training episodes:   5%|▍         | 74/1500 [00:04<01:22, 17.28it/s, buffer=15000, ret=10.31, success=0.00]
Training episodes:   5%|▍         | 74/1500 [00:04<01:22, 17.28it/s, buffer=15200, ret=10.93, success=0.00]
Training episodes:   5%|▌         | 76/1500 [00:04<01:20, 17.71it/s, buffer=15200, ret=10.93, success=0.00]
Training episodes:   5%|▌         | 76/1500 [00:05<01:20, 17.71it/s, buffer=15400, ret=10.49, success=0.00]
Training episodes:   5%|▌         | 76/1500 [00:05<01:20, 17.71it/s, buffer=15600, ret=11.28, success=0.00]
Training episodes:   5%|▌         | 78/1500 [00:05<01:18, 18.11it/s, buffer=15600, ret=11.28, success=0.00]
Training episodes:   5%|▌         | 78/1500 [00:05<01:18, 18.11it/s, buffer=15800, ret=11.02, success=0.00]
Training episodes:   5%|▌         | 78/1500 [00:05<01:18, 18.11it/s, buffer=16000, ret=11.15, success=0.00]
Training episodes:   5%|▌         | 80/1500 [00:05<01:17, 18.32it/s, buffer=16000, ret=11.15, success=0.00]
Training episodes:   5%|▌         | 80/1500 [00:05<01:17, 18.32it/s, buffer=16200, ret=11.70, success=0.00]
Training episodes:   5%|▌         | 80/1500 [00:05<01:17, 18.32it/s, buffer=16400, ret=11.29, success=0.00]
Training episodes:   5%|▌         | 82/1500 [00:05<01:17, 18.25it/s, buffer=16400, ret=11.29, success=0.00]
Training episodes:   5%|▌         | 82/1500 [00:05<01:17, 18.25it/s, buffer=16600, ret=12.12, success=0.00]
Training episodes:   5%|▌         | 82/1500 [00:05<01:17, 18.25it/s, buffer=16800, ret=11.15, success=0.00]
Training episodes:   6%|▌         | 84/1500 [00:05<01:15, 18.66it/s, buffer=16800, ret=11.15, success=0.00]
Training episodes:   6%|▌         | 84/1500 [00:05<01:15, 18.66it/s, buffer=17000, ret=12.43, success=0.00]
Training episodes:   6%|▌         | 84/1500 [00:05<01:15, 18.66it/s, buffer=17200, ret=12.71, success=0.00]
Training episodes:   6%|▌         | 86/1500 [00:05<01:14, 18.86it/s, buffer=17200, ret=12.71, success=0.00]
Training episodes:   6%|▌         | 86/1500 [00:05<01:14, 18.86it/s, buffer=17400, ret=10.82, success=0.00]
Training episodes:   6%|▌         | 86/1500 [00:05<01:14, 18.86it/s, buffer=17600, ret=11.49, success=0.00]
Training episodes:   6%|▌         | 88/1500 [00:05<01:14, 18.84it/s, buffer=17600, ret=11.49, success=0.00]
Training episodes:   6%|▌         | 88/1500 [00:05<01:14, 18.84it/s, buffer=17800, ret=11.99, success=0.00]
Training episodes:   6%|▌         | 88/1500 [00:05<01:14, 18.84it/s, buffer=18000, ret=10.94, success=0.00]
Training episodes:   6%|▌         | 90/1500 [00:05<01:14, 18.96it/s, buffer=18000, ret=10.94, success=0.00]
Training episodes:   6%|▌         | 90/1500 [00:05<01:14, 18.96it/s, buffer=18200, ret=10.79, success=0.00]
Training episodes:   6%|▌         | 90/1500 [00:05<01:14, 18.96it/s, buffer=18400, ret=12.98, success=0.00]
Training episodes:   6%|▌         | 92/1500 [00:05<01:13, 19.15it/s, buffer=18400, ret=12.98, success=0.00]
Training episodes:   6%|▌         | 92/1500 [00:05<01:13, 19.15it/s, buffer=18600, ret=11.47, success=0.00]
Training episodes:   6%|▌         | 92/1500 [00:05<01:13, 19.15it/s, buffer=18800, ret=10.69, success=0.00]
Training episodes:   6%|▋         | 94/1500 [00:05<01:16, 18.46it/s, buffer=18800, ret=10.69, success=0.00]
Training episodes:   6%|▋         | 94/1500 [00:05<01:16, 18.46it/s, buffer=19000, ret=12.60, success=0.00]
Training episodes:   6%|▋         | 94/1500 [00:06<01:16, 18.46it/s, buffer=19200, ret=11.85, success=0.00]
Training episodes:   6%|▋         | 96/1500 [00:06<01:17, 18.00it/s, buffer=19200, ret=11.85, success=0.00]
Training episodes:   6%|▋         | 96/1500 [00:06<01:17, 18.00it/s, buffer=19400, ret=13.11, success=0.00]
Training episodes:   6%|▋         | 96/1500 [00:06<01:17, 18.00it/s, buffer=19600, ret=11.92, success=0.00]
Training episodes:   7%|▋         | 98/1500 [00:06<01:21, 17.26it/s, buffer=19600, ret=11.92, success=0.00]
Training episodes:   7%|▋         | 98/1500 [00:06<01:21, 17.26it/s, buffer=19800, ret=10.85, success=0.00]
Training episodes:   7%|▋         | 98/1500 [00:06<01:21, 17.26it/s, buffer=2e+4, ret=13.38, success=0.00] wandb: WARNING `fps` argument does not affect the frame rate of the video when providing a file path or raw bytes.

Training episodes:   7%|▋         | 100/1500 [00:06<03:20,  6.99it/s, buffer=2e+4, ret=13.38, success=0.00]
Training episodes:   7%|▋         | 100/1500 [00:07<03:20,  6.99it/s, buffer=20200, ret=11.69, success=0.00]
Training episodes:   7%|▋         | 100/1500 [00:08<03:20,  6.99it/s, buffer=20400, ret=12.46, success=0.00]
Training episodes:   7%|▋         | 102/1500 [00:08<07:48,  2.98it/s, buffer=20400, ret=12.46, success=0.00]
Training episodes:   7%|▋         | 102/1500 [00:09<07:48,  2.98it/s, buffer=20600, ret=13.07, success=0.00]
Training episodes:   7%|▋         | 103/1500 [00:09<09:21,  2.49it/s, buffer=20600, ret=13.07, success=0.00]
Training episodes:   7%|▋         | 103/1500 [00:09<09:21,  2.49it/s, buffer=20800, ret=11.34, success=0.00]
Training episodes:   7%|▋         | 104/1500 [00:09<10:56,  2.13it/s, buffer=20800, ret=11.34, success=0.00]
Training episodes:   7%|▋         | 104/1500 [00:10<10:56,  2.13it/s, buffer=21000, ret=10.83, success=0.00]
Training episodes:   7%|▋         | 105/1500 [00:10<12:18,  1.89it/s, buffer=21000, ret=10.83, success=0.00]
Training episodes:   7%|▋         | 105/1500 [00:11<12:18,  1.89it/s, buffer=21200, ret=11.51, success=0.00]
Training episodes:   7%|▋         | 106/1500 [00:11<13:28,  1.73it/s, buffer=21200, ret=11.51, success=0.00]
Training episodes:   7%|▋         | 106/1500 [00:12<13:28,  1.73it/s, buffer=21400, ret=11.56, success=0.00]
Training episodes:   7%|▋         | 107/1500 [00:12<14:22,  1.62it/s, buffer=21400, ret=11.56, success=0.00]
Training episodes:   7%|▋         | 107/1500 [00:12<14:22,  1.62it/s, buffer=21600, ret=12.89, success=0.00]
Training episodes:   7%|▋         | 108/1500 [00:12<15:04,  1.54it/s, buffer=21600, ret=12.89, success=0.00]
Training episodes:   7%|▋         | 108/1500 [00:13<15:04,  1.54it/s, buffer=21800, ret=11.04, success=0.00]
Training episodes:   7%|▋         | 109/1500 [00:13<15:34,  1.49it/s, buffer=21800, ret=11.04, success=0.00]
Training episodes:   7%|▋         | 109/1500 [00:14<15:34,  1.49it/s, buffer=22000, ret=10.93, success=0.00]
Training episodes:   7%|▋         | 110/1500 [00:14<16:01,  1.45it/s, buffer=22000, ret=10.93, success=0.00]
Training episodes:   7%|▋         | 110/1500 [00:15<16:01,  1.45it/s, buffer=22200, ret=11.66, success=0.00]
Training episodes:   7%|▋         | 111/1500 [00:15<16:18,  1.42it/s, buffer=22200, ret=11.66, success=0.00]
Training episodes:   7%|▋         | 111/1500 [00:15<16:18,  1.42it/s, buffer=22400, ret=10.81, success=0.00]
Training episodes:   7%|▋         | 112/1500 [00:15<16:29,  1.40it/s, buffer=22400, ret=10.81, success=0.00]
Training episodes:   7%|▋         | 112/1500 [00:16<16:29,  1.40it/s, buffer=22600, ret=10.96, success=0.00]
Training episodes:   8%|▊         | 113/1500 [00:16<16:36,  1.39it/s, buffer=22600, ret=10.96, success=0.00]
Training episodes:   8%|▊         | 113/1500 [00:17<16:36,  1.39it/s, buffer=22800, ret=10.95, success=0.00]
Training episodes:   8%|▊         | 114/1500 [00:17<16:37,  1.39it/s, buffer=22800, ret=10.95, success=0.00]
Training episodes:   8%|▊         | 114/1500 [00:17<16:37,  1.39it/s, buffer=23000, ret=10.71, success=0.00]
Training episodes:   8%|▊         | 115/1500 [00:17<16:34,  1.39it/s, buffer=23000, ret=10.71, success=0.00]
Training episodes:   8%|▊         | 115/1500 [00:18<16:34,  1.39it/s, buffer=23200, ret=11.07, success=0.00]
Training episodes:   8%|▊         | 116/1500 [00:18<16:30,  1.40it/s, buffer=23200, ret=11.07, success=0.00]
Training episodes:   8%|▊         | 116/1500 [00:19<16:30,  1.40it/s, buffer=23400, ret=11.39, success=0.00]
Training episodes:   8%|▊         | 117/1500 [00:19<16:26,  1.40it/s, buffer=23400, ret=11.39, success=0.00]
Training episodes:   8%|▊         | 117/1500 [00:20<16:26,  1.40it/s, buffer=23600, ret=10.67, success=0.00]
Training episodes:   8%|▊         | 118/1500 [00:20<16:23,  1.40it/s, buffer=23600, ret=10.67, success=0.00]
Training episodes:   8%|▊         | 118/1500 [00:20<16:23,  1.40it/s, buffer=23800, ret=11.59, success=0.00]
Training episodes:   8%|▊         | 119/1500 [00:20<16:26,  1.40it/s, buffer=23800, ret=11.59, success=0.00]
Training episodes:   8%|▊         | 119/1500 [00:21<16:26,  1.40it/s, buffer=24000, ret=10.88, success=0.00]
Training episodes:   8%|▊         | 120/1500 [00:21<16:24,  1.40it/s, buffer=24000, ret=10.88, success=0.00]
Training episodes:   8%|▊         | 120/1500 [00:22<16:24,  1.40it/s, buffer=24200, ret=11.58, success=0.00]
Training episodes:   8%|▊         | 121/1500 [00:22<16:24,  1.40it/s, buffer=24200, ret=11.58, success=0.00]
Training episodes:   8%|▊         | 121/1500 [00:22<16:24,  1.40it/s, buffer=24400, ret=11.24, success=0.00]
Training episodes:   8%|▊         | 122/1500 [00:22<16:21,  1.40it/s, buffer=24400, ret=11.24, success=0.00]
Training episodes:   8%|▊         | 122/1500 [00:23<16:21,  1.40it/s, buffer=24600, ret=10.74, success=0.00]
Training episodes:   8%|▊         | 123/1500 [00:23<16:20,  1.40it/s, buffer=24600, ret=10.74, success=0.00]
Training episodes:   8%|▊         | 123/1500 [00:24<16:20,  1.40it/s, buffer=24800, ret=11.67, success=0.00]
Training episodes:   8%|▊         | 124/1500 [00:24<16:24,  1.40it/s, buffer=24800, ret=11.67, success=0.00]
Training episodes:   8%|▊         | 124/1500 [00:25<16:24,  1.40it/s, buffer=25000, ret=12.47, success=0.00]
Training episodes:   8%|▊         | 125/1500 [00:25<16:33,  1.38it/s, buffer=25000, ret=12.47, success=0.00]
Training episodes:   8%|▊         | 125/1500 [00:25<16:33,  1.38it/s, buffer=25200, ret=11.54, success=0.00]
Training episodes:   8%|▊         | 126/1500 [00:25<16:35,  1.38it/s, buffer=25200, ret=11.54, success=0.00]
Training episodes:   8%|▊         | 126/1500 [00:26<16:35,  1.38it/s, buffer=25400, ret=9.71, success=0.00] 
Training episodes:   8%|▊         | 127/1500 [00:26<16:31,  1.38it/s, buffer=25400, ret=9.71, success=0.00]
Training episodes:   8%|▊         | 127/1500 [00:27<16:31,  1.38it/s, buffer=25600, ret=11.30, success=0.00]
Training episodes:   9%|▊         | 128/1500 [00:27<16:28,  1.39it/s, buffer=25600, ret=11.30, success=0.00]
Training episodes:   9%|▊         | 128/1500 [00:27<16:28,  1.39it/s, buffer=25800, ret=11.40, success=0.00]
Training episodes:   9%|▊         | 129/1500 [00:27<16:30,  1.38it/s, buffer=25800, ret=11.40, success=0.00]
Training episodes:   9%|▊         | 129/1500 [00:28<16:30,  1.38it/s, buffer=26000, ret=10.73, success=0.00]
Training episodes:   9%|▊         | 130/1500 [00:28<16:34,  1.38it/s, buffer=26000, ret=10.73, success=0.00]
Training episodes:   9%|▊         | 130/1500 [00:29<16:34,  1.38it/s, buffer=26200, ret=10.01, success=0.00]
Training episodes:   9%|▊         | 131/1500 [00:29<16:34,  1.38it/s, buffer=26200, ret=10.01, success=0.00]
Training episodes:   9%|▊         | 131/1500 [00:30<16:34,  1.38it/s, buffer=26400, ret=10.44, success=0.00]
Training episodes:   9%|▉         | 132/1500 [00:30<16:37,  1.37it/s, buffer=26400, ret=10.44, success=0.00]
Training episodes:   9%|▉         | 132/1500 [00:30<16:37,  1.37it/s, buffer=26600, ret=12.31, success=0.00]
Training episodes:   9%|▉         | 133/1500 [00:30<16:48,  1.36it/s, buffer=26600, ret=12.31, success=0.00]
Training episodes:   9%|▉         | 133/1500 [00:31<16:48,  1.36it/s, buffer=26800, ret=9.69, success=0.00] 
Training episodes:   9%|▉         | 134/1500 [00:31<16:48,  1.35it/s, buffer=26800, ret=9.69, success=0.00]
Training episodes:   9%|▉         | 134/1500 [00:32<16:48,  1.35it/s, buffer=27000, ret=10.58, success=0.00]
Training episodes:   9%|▉         | 135/1500 [00:32<16:49,  1.35it/s, buffer=27000, ret=10.58, success=0.00]
Training episodes:   9%|▉         | 135/1500 [00:33<16:49,  1.35it/s, buffer=27200, ret=11.98, success=0.00]
Training episodes:   9%|▉         | 136/1500 [00:33<16:52,  1.35it/s, buffer=27200, ret=11.98, success=0.00]
Training episodes:   9%|▉         | 136/1500 [00:33<16:52,  1.35it/s, buffer=27400, ret=11.80, success=0.00]
Training episodes:   9%|▉         | 137/1500 [00:33<16:48,  1.35it/s, buffer=27400, ret=11.80, success=0.00]
Training episodes:   9%|▉         | 137/1500 [00:34<16:48,  1.35it/s, buffer=27600, ret=13.12, success=0.00]
Training episodes:   9%|▉         | 138/1500 [00:34<16:46,  1.35it/s, buffer=27600, ret=13.12, success=0.00]
Training episodes:   9%|▉         | 138/1500 [00:35<16:46,  1.35it/s, buffer=27800, ret=11.30, success=0.00]
Training episodes:   9%|▉         | 139/1500 [00:35<16:42,  1.36it/s, buffer=27800, ret=11.30, success=0.00]
Training episodes:   9%|▉         | 139/1500 [00:36<16:42,  1.36it/s, buffer=28000, ret=10.31, success=0.00]
Training episodes:   9%|▉         | 140/1500 [00:36<16:40,  1.36it/s, buffer=28000, ret=10.31, success=0.00]
Training episodes:   9%|▉         | 140/1500 [00:36<16:40,  1.36it/s, buffer=28200, ret=12.73, success=0.00]
Training episodes:   9%|▉         | 141/1500 [00:36<16:37,  1.36it/s, buffer=28200, ret=12.73, success=0.00]
Training episodes:   9%|▉         | 141/1500 [00:37<16:37,  1.36it/s, buffer=28400, ret=10.81, success=0.00]
Training episodes:   9%|▉         | 142/1500 [00:37<16:36,  1.36it/s, buffer=28400, ret=10.81, success=0.00]
Training episodes:   9%|▉         | 142/1500 [00:38<16:36,  1.36it/s, buffer=28600, ret=12.10, success=0.00]
Training episodes:  10%|▉         | 143/1500 [00:38<16:36,  1.36it/s, buffer=28600, ret=12.10, success=0.00]
Training episodes:  10%|▉         | 143/1500 [00:39<16:36,  1.36it/s, buffer=28800, ret=11.89, success=0.00]
Training episodes:  10%|▉         | 144/1500 [00:39<16:35,  1.36it/s, buffer=28800, ret=11.89, success=0.00]
Training episodes:  10%|▉         | 144/1500 [00:39<16:35,  1.36it/s, buffer=29000, ret=11.60, success=0.00]
Training episodes:  10%|▉         | 145/1500 [00:39<16:34,  1.36it/s, buffer=29000, ret=11.60, success=0.00]
Training episodes:  10%|▉         | 145/1500 [00:40<16:34,  1.36it/s, buffer=29200, ret=11.94, success=0.00]
Training episodes:  10%|▉         | 146/1500 [00:40<16:38,  1.36it/s, buffer=29200, ret=11.94, success=0.00]
Training episodes:  10%|▉         | 146/1500 [00:41<16:38,  1.36it/s, buffer=29400, ret=10.09, success=0.00]
Training episodes:  10%|▉         | 147/1500 [00:41<16:35,  1.36it/s, buffer=29400, ret=10.09, success=0.00]
Training episodes:  10%|▉         | 147/1500 [00:41<16:35,  1.36it/s, buffer=29600, ret=12.05, success=0.00]
Training episodes:  10%|▉         | 148/1500 [00:41<16:32,  1.36it/s, buffer=29600, ret=12.05, success=0.00]
Training episodes:  10%|▉         | 148/1500 [00:42<16:32,  1.36it/s, buffer=29800, ret=11.48, success=0.00]
Training episodes:  10%|▉         | 149/1500 [00:42<16:34,  1.36it/s, buffer=29800, ret=11.48, success=0.00]
Training episodes:  10%|▉         | 149/1500 [00:43<16:34,  1.36it/s, buffer=3e+4, ret=11.64, success=0.00] wandb: WARNING `fps` argument does not affect the frame rate of the video when providing a file path or raw bytes.

Training episodes:  10%|█         | 150/1500 [00:44<20:33,  1.09it/s, buffer=3e+4, ret=11.64, success=0.00]
Training episodes:  10%|█         | 150/1500 [00:44<20:33,  1.09it/s, buffer=30200, ret=12.96, success=0.00]
Training episodes:  10%|█         | 151/1500 [00:44<19:14,  1.17it/s, buffer=30200, ret=12.96, success=0.00]
Training episodes:  10%|█         | 151/1500 [00:45<19:14,  1.17it/s, buffer=30400, ret=10.87, success=0.00]
Training episodes:  10%|█         | 152/1500 [00:45<18:15,  1.23it/s, buffer=30400, ret=10.87, success=0.00]
Training episodes:  10%|█         | 152/1500 [00:46<18:15,  1.23it/s, buffer=30600, ret=12.21, success=0.00]
Training episodes:  10%|█         | 153/1500 [00:46<17:32,  1.28it/s, buffer=30600, ret=12.21, success=0.00]
Training episodes:  10%|█         | 153/1500 [00:46<17:32,  1.28it/s, buffer=30800, ret=11.72, success=0.00]
Training episodes:  10%|█         | 154/1500 [00:46<17:16,  1.30it/s, buffer=30800, ret=11.72, success=0.00]
Training episodes:  10%|█         | 154/1500 [00:47<17:16,  1.30it/s, buffer=31000, ret=11.37, success=0.00]
Training episodes:  10%|█         | 155/1500 [00:47<17:02,  1.31it/s, buffer=31000, ret=11.37, success=0.00]
Training episodes:  10%|█         | 155/1500 [00:48<17:02,  1.31it/s, buffer=31200, ret=11.86, success=0.00]
Training episodes:  10%|█         | 156/1500 [00:48<16:45,  1.34it/s, buffer=31200, ret=11.86, success=0.00]
Training episodes:  10%|█         | 156/1500 [00:49<16:45,  1.34it/s, buffer=31400, ret=11.57, success=0.00]
Training episodes:  10%|█         | 157/1500 [00:49<16:29,  1.36it/s, buffer=31400, ret=11.57, success=0.00]
Training episodes:  10%|█         | 157/1500 [00:49<16:29,  1.36it/s, buffer=31600, ret=11.71, success=0.00]
Training episodes:  11%|█         | 158/1500 [00:49<16:15,  1.38it/s, buffer=31600, ret=11.71, success=0.00]
Training episodes:  11%|█         | 158/1500 [00:50<16:15,  1.38it/s, buffer=31800, ret=10.38, success=0.00]
Training episodes:  11%|█         | 159/1500 [00:50<16:13,  1.38it/s, buffer=31800, ret=10.38, success=0.00]
Training episodes:  11%|█         | 159/1500 [00:51<16:13,  1.38it/s, buffer=32000, ret=12.70, success=0.00]
Training episodes:  11%|█         | 160/1500 [00:51<16:19,  1.37it/s, buffer=32000, ret=12.70, success=0.00]
Training episodes:  11%|█         | 160/1500 [00:51<16:19,  1.37it/s, buffer=32200, ret=12.31, success=0.00]
Training episodes:  11%|█         | 161/1500 [00:51<16:20,  1.37it/s, buffer=32200, ret=12.31, success=0.00]
Training episodes:  11%|█         | 161/1500 [00:52<16:20,  1.37it/s, buffer=32400, ret=9.42, success=0.00] 
Training episodes:  11%|█         | 162/1500 [00:52<16:16,  1.37it/s, buffer=32400, ret=9.42, success=0.00]
Training episodes:  11%|█         | 162/1500 [00:53<16:16,  1.37it/s, buffer=32600, ret=10.88, success=0.00]
Training episodes:  11%|█         | 163/1500 [00:53<16:19,  1.36it/s, buffer=32600, ret=10.88, success=0.00]
Training episodes:  11%|█         | 163/1500 [00:54<16:19,  1.36it/s, buffer=32800, ret=10.95, success=0.00]
Training episodes:  11%|█         | 164/1500 [00:54<16:23,  1.36it/s, buffer=32800, ret=10.95, success=0.00]
Training episodes:  11%|█         | 164/1500 [00:54<16:23,  1.36it/s, buffer=33000, ret=13.38, success=0.00]
Training episodes:  11%|█         | 165/1500 [00:54<16:22,  1.36it/s, buffer=33000, ret=13.38, success=0.00]
Training episodes:  11%|█         | 165/1500 [00:55<16:22,  1.36it/s, buffer=33200, ret=10.99, success=0.00]
Training episodes:  11%|█         | 166/1500 [00:55<16:19,  1.36it/s, buffer=33200, ret=10.99, success=0.00]
Training episodes:  11%|█         | 166/1500 [00:56<16:19,  1.36it/s, buffer=33400, ret=10.94, success=0.00]
Training episodes:  11%|█         | 167/1500 [00:56<16:16,  1.37it/s, buffer=33400, ret=10.94, success=0.00]
Training episodes:  11%|█         | 167/1500 [00:57<16:16,  1.37it/s, buffer=33600, ret=12.09, success=0.00]
Training episodes:  11%|█         | 168/1500 [00:57<16:16,  1.36it/s, buffer=33600, ret=12.09, success=0.00]
Training episodes:  11%|█         | 168/1500 [00:57<16:16,  1.36it/s, buffer=33800, ret=11.49, success=0.00]
Training episodes:  11%|█▏        | 169/1500 [00:57<16:05,  1.38it/s, buffer=33800, ret=11.49, success=0.00]
Training episodes:  11%|█▏        | 169/1500 [00:58<16:05,  1.38it/s, buffer=34000, ret=10.60, success=0.00]
Training episodes:  11%|█▏        | 170/1500 [00:58<16:00,  1.38it/s, buffer=34000, ret=10.60, success=0.00]
Training episodes:  11%|█▏        | 170/1500 [00:59<16:00,  1.38it/s, buffer=34200, ret=10.09, success=0.00]
Training episodes:  11%|█▏        | 171/1500 [00:59<15:59,  1.38it/s, buffer=34200, ret=10.09, success=0.00]
Training episodes:  11%|█▏        | 171/1500 [01:00<15:59,  1.38it/s, buffer=34400, ret=10.69, success=0.00]
Training episodes:  11%|█▏        | 172/1500 [01:00<16:02,  1.38it/s, buffer=34400, ret=10.69, success=0.00]
Training episodes:  11%|█▏        | 172/1500 [01:00<16:02,  1.38it/s, buffer=34600, ret=10.74, success=0.00]
Training episodes:  12%|█▏        | 173/1500 [01:00<16:07,  1.37it/s, buffer=34600, ret=10.74, success=0.00]
Training episodes:  12%|█▏        | 173/1500 [01:01<16:07,  1.37it/s, buffer=34800, ret=11.98, success=0.00]
Training episodes:  12%|█▏        | 174/1500 [01:01<16:12,  1.36it/s, buffer=34800, ret=11.98, success=0.00]
Training episodes:  12%|█▏        | 174/1500 [01:02<16:12,  1.36it/s, buffer=35000, ret=10.18, success=0.00]
Training episodes:  12%|█▏        | 175/1500 [01:02<16:26,  1.34it/s, buffer=35000, ret=10.18, success=0.00]
Training episodes:  12%|█▏        | 175/1500 [01:03<16:26,  1.34it/s, buffer=35200, ret=10.94, success=0.00]
Training episodes:  12%|█▏        | 176/1500 [01:03<16:47,  1.31it/s, buffer=35200, ret=10.94, success=0.00]
Training episodes:  12%|█▏        | 176/1500 [01:03<16:47,  1.31it/s, buffer=35400, ret=10.91, success=0.00]
Training episodes:  12%|█▏        | 177/1500 [01:03<17:00,  1.30it/s, buffer=35400, ret=10.91, success=0.00]
Training episodes:  12%|█▏        | 177/1500 [01:04<17:00,  1.30it/s, buffer=35600, ret=13.20, success=0.00]
Training episodes:  12%|█▏        | 178/1500 [01:04<17:04,  1.29it/s, buffer=35600, ret=13.20, success=0.00]
Training episodes:  12%|█▏        | 178/1500 [01:05<17:04,  1.29it/s, buffer=35800, ret=9.51, success=0.00] 
Training episodes:  12%|█▏        | 179/1500 [01:05<17:02,  1.29it/s, buffer=35800, ret=9.51, success=0.00]
Training episodes:  12%|█▏        | 179/1500 [01:06<17:02,  1.29it/s, buffer=36000, ret=10.30, success=0.00]
Training episodes:  12%|█▏        | 180/1500 [01:06<16:55,  1.30it/s, buffer=36000, ret=10.30, success=0.00]
Training episodes:  12%|█▏        | 180/1500 [01:06<16:55,  1.30it/s, buffer=36200, ret=10.85, success=0.00]
Training episodes:  12%|█▏        | 181/1500 [01:06<16:45,  1.31it/s, buffer=36200, ret=10.85, success=0.00]
Training episodes:  12%|█▏        | 181/1500 [01:07<16:45,  1.31it/s, buffer=36400, ret=12.26, success=0.00]
Training episodes:  12%|█▏        | 182/1500 [01:07<16:39,  1.32it/s, buffer=36400, ret=12.26, success=0.00]
Training episodes:  12%|█▏        | 182/1500 [01:08<16:39,  1.32it/s, buffer=36600, ret=10.65, success=0.00]
Training episodes:  12%|█▏        | 183/1500 [01:08<16:33,  1.33it/s, buffer=36600, ret=10.65, success=0.00]
Training episodes:  12%|█▏        | 183/1500 [01:09<16:33,  1.33it/s, buffer=36800, ret=10.93, success=0.00]
Training episodes:  12%|█▏        | 184/1500 [01:09<16:30,  1.33it/s, buffer=36800, ret=10.93, success=0.00]
Training episodes:  12%|█▏        | 184/1500 [01:09<16:30,  1.33it/s, buffer=37000, ret=11.06, success=0.00]
Training episodes:  12%|█▏        | 185/1500 [01:09<16:31,  1.33it/s, buffer=37000, ret=11.06, success=0.00]
Training episodes:  12%|█▏        | 185/1500 [01:10<16:31,  1.33it/s, buffer=37200, ret=11.43, success=0.00]
Training episodes:  12%|█▏        | 186/1500 [01:10<16:30,  1.33it/s, buffer=37200, ret=11.43, success=0.00]
Training episodes:  12%|█▏        | 186/1500 [01:11<16:30,  1.33it/s, buffer=37400, ret=12.66, success=0.00]
Training episodes:  12%|█▏        | 187/1500 [01:11<16:31,  1.32it/s, buffer=37400, ret=12.66, success=0.00]
Training episodes:  12%|█▏        | 187/1500 [01:12<16:31,  1.32it/s, buffer=37600, ret=11.77, success=0.00]
Training episodes:  13%|█▎        | 188/1500 [01:12<16:33,  1.32it/s, buffer=37600, ret=11.77, success=0.00]
Training episodes:  13%|█▎        | 188/1500 [01:12<16:33,  1.32it/s, buffer=37800, ret=12.70, success=0.00]
Training episodes:  13%|█▎        | 189/1500 [01:12<16:32,  1.32it/s, buffer=37800, ret=12.70, success=0.00]
Training episodes:  13%|█▎        | 189/1500 [01:13<16:32,  1.32it/s, buffer=38000, ret=10.98, success=0.00]
Training episodes:  13%|█▎        | 190/1500 [01:13<16:54,  1.29it/s, buffer=38000, ret=10.98, success=0.00]
Training episodes:  13%|█▎        | 190/1500 [01:14<16:54,  1.29it/s, buffer=38200, ret=9.47, success=0.00] 
Training episodes:  13%|█▎        | 191/1500 [01:14<17:13,  1.27it/s, buffer=38200, ret=9.47, success=0.00]
Training episodes:  13%|█▎        | 191/1500 [01:15<17:13,  1.27it/s, buffer=38400, ret=11.53, success=0.00]
Training episodes:  13%|█▎        | 192/1500 [01:15<16:47,  1.30it/s, buffer=38400, ret=11.53, success=0.00]
Training episodes:  13%|█▎        | 192/1500 [01:16<16:47,  1.30it/s, buffer=38600, ret=11.62, success=0.00]
Training episodes:  13%|█▎        | 193/1500 [01:16<16:34,  1.31it/s, buffer=38600, ret=11.62, success=0.00]
Training episodes:  13%|█▎        | 193/1500 [01:16<16:34,  1.31it/s, buffer=38800, ret=9.82, success=0.00] 
Training episodes:  13%|█▎        | 194/1500 [01:16<16:26,  1.32it/s, buffer=38800, ret=9.82, success=0.00]
Training episodes:  13%|█▎        | 194/1500 [01:17<16:26,  1.32it/s, buffer=39000, ret=12.36, success=0.00]
Training episodes:  13%|█▎        | 195/1500 [01:17<16:16,  1.34it/s, buffer=39000, ret=12.36, success=0.00]
Training episodes:  13%|█▎        | 195/1500 [01:18<16:16,  1.34it/s, buffer=39200, ret=11.27, success=0.00]
Training episodes:  13%|█▎        | 196/1500 [01:18<16:07,  1.35it/s, buffer=39200, ret=11.27, success=0.00]
Training episodes:  13%|█▎        | 196/1500 [01:18<16:07,  1.35it/s, buffer=39400, ret=11.74, success=0.00]
Training episodes:  13%|█▎        | 197/1500 [01:18<15:56,  1.36it/s, buffer=39400, ret=11.74, success=0.00]
Training episodes:  13%|█▎        | 197/1500 [01:19<15:56,  1.36it/s, buffer=39600, ret=9.44, success=0.00] 
Training episodes:  13%|█▎        | 198/1500 [01:19<15:56,  1.36it/s, buffer=39600, ret=9.44, success=0.00]
Training episodes:  13%|█▎        | 198/1500 [01:20<15:56,  1.36it/s, buffer=39800, ret=10.00, success=0.00]
Training episodes:  13%|█▎        | 199/1500 [01:20<15:55,  1.36it/s, buffer=39800, ret=10.00, success=0.00]
Training episodes:  13%|█▎        | 199/1500 [01:21<15:55,  1.36it/s, buffer=4e+4, ret=10.66, success=0.00] wandb: WARNING `fps` argument does not affect the frame rate of the video when providing a file path or raw bytes.

Training episodes:  13%|█▎        | 200/1500 [01:21<19:42,  1.10it/s, buffer=4e+4, ret=10.66, success=0.00]
Training episodes:  13%|█▎        | 200/1500 [01:22<19:42,  1.10it/s, buffer=40200, ret=10.90, success=0.00]
Training episodes:  13%|█▎        | 201/1500 [01:22<18:30,  1.17it/s, buffer=40200, ret=10.90, success=0.00]
Training episodes:  13%|█▎        | 201/1500 [01:23<18:30,  1.17it/s, buffer=40400, ret=13.86, success=0.00]
Training episodes:  13%|█▎        | 202/1500 [01:23<17:30,  1.24it/s, buffer=40400, ret=13.86, success=0.00]
Training episodes:  13%|█▎        | 202/1500 [01:23<17:30,  1.24it/s, buffer=40600, ret=10.73, success=0.00]
Training episodes:  14%|█▎        | 203/1500 [01:23<16:57,  1.27it/s, buffer=40600, ret=10.73, success=0.00]
Training episodes:  14%|█▎        | 203/1500 [01:24<16:57,  1.27it/s, buffer=40800, ret=11.86, success=0.00]
Training episodes:  14%|█▎        | 204/1500 [01:24<16:31,  1.31it/s, buffer=40800, ret=11.86, success=0.00]
Training episodes:  14%|█▎        | 204/1500 [01:25<16:31,  1.31it/s, buffer=41000, ret=11.27, success=0.00]
Training episodes:  14%|█▎        | 205/1500 [01:25<16:16,  1.33it/s, buffer=41000, ret=11.27, success=0.00]
Training episodes:  14%|█▎        | 205/1500 [01:26<16:16,  1.33it/s, buffer=41200, ret=10.49, success=0.00]
Training episodes:  14%|█▎        | 206/1500 [01:26<16:08,  1.34it/s, buffer=41200, ret=10.49, success=0.00]
Training episodes:  14%|█▎        | 206/1500 [01:26<16:08,  1.34it/s, buffer=41400, ret=10.54, success=0.00]
Training episodes:  14%|█▍        | 207/1500 [01:26<16:09,  1.33it/s, buffer=41400, ret=10.54, success=0.00]
Training episodes:  14%|█▍        | 207/1500 [01:27<16:09,  1.33it/s, buffer=41600, ret=11.70, success=0.00]
Training episodes:  14%|█▍        | 208/1500 [01:27<16:06,  1.34it/s, buffer=41600, ret=11.70, success=0.00]
Training episodes:  14%|█▍        | 208/1500 [01:28<16:06,  1.34it/s, buffer=41800, ret=12.73, success=0.00]
Training episodes:  14%|█▍        | 209/1500 [01:28<15:57,  1.35it/s, buffer=41800, ret=12.73, success=0.00]
Training episodes:  14%|█▍        | 209/1500 [01:29<15:57,  1.35it/s, buffer=42000, ret=12.33, success=0.00]
Training episodes:  14%|█▍        | 210/1500 [01:29<15:45,  1.36it/s, buffer=42000, ret=12.33, success=0.00]
Training episodes:  14%|█▍        | 210/1500 [01:29<15:45,  1.36it/s, buffer=42200, ret=12.09, success=0.00]
Training episodes:  14%|█▍        | 211/1500 [01:29<15:48,  1.36it/s, buffer=42200, ret=12.09, success=0.00]
Training episodes:  14%|█▍        | 211/1500 [01:30<15:48,  1.36it/s, buffer=42400, ret=13.37, success=0.00]
Training episodes:  14%|█▍        | 212/1500 [01:30<15:50,  1.36it/s, buffer=42400, ret=13.37, success=0.00]
Training episodes:  14%|█▍        | 212/1500 [01:31<15:50,  1.36it/s, buffer=42600, ret=12.55, success=0.00]
Training episodes:  14%|█▍        | 213/1500 [01:31<15:45,  1.36it/s, buffer=42600, ret=12.55, success=0.00]
Training episodes:  14%|█▍        | 213/1500 [01:31<15:45,  1.36it/s, buffer=42800, ret=12.40, success=0.00]
Training episodes:  14%|█▍        | 214/1500 [01:31<15:41,  1.37it/s, buffer=42800, ret=12.40, success=0.00]
Training episodes:  14%|█▍        | 214/1500 [01:32<15:41,  1.37it/s, buffer=43000, ret=11.87, success=0.00]
Training episodes:  14%|█▍        | 215/1500 [01:32<15:34,  1.37it/s, buffer=43000, ret=11.87, success=0.00]
Training episodes:  14%|█▍        | 215/1500 [01:33<15:34,  1.37it/s, buffer=43200, ret=11.84, success=0.00]
Training episodes:  14%|█▍        | 216/1500 [01:33<15:31,  1.38it/s, buffer=43200, ret=11.84, success=0.00]
Training episodes:  14%|█▍        | 216/1500 [01:34<15:31,  1.38it/s, buffer=43400, ret=11.33, success=0.00]
Training episodes:  14%|█▍        | 217/1500 [01:34<15:38,  1.37it/s, buffer=43400, ret=11.33, success=0.00]
Training episodes:  14%|█▍        | 217/1500 [01:34<15:38,  1.37it/s, buffer=43600, ret=10.28, success=0.00]
Training episodes:  15%|█▍        | 218/1500 [01:34<15:31,  1.38it/s, buffer=43600, ret=10.28, success=0.00]
Training episodes:  15%|█▍        | 218/1500 [01:35<15:31,  1.38it/s, buffer=43800, ret=10.68, success=0.00]
Training episodes:  15%|█▍        | 219/1500 [01:35<15:25,  1.38it/s, buffer=43800, ret=10.68, success=0.00]
Training episodes:  15%|█▍        | 219/1500 [01:36<15:25,  1.38it/s, buffer=44000, ret=11.66, success=0.00]
Training episodes:  15%|█▍        | 220/1500 [01:36<15:29,  1.38it/s, buffer=44000, ret=11.66, success=0.00]
Training episodes:  15%|█▍        | 220/1500 [01:37<15:29,  1.38it/s, buffer=44200, ret=11.67, success=0.00]
Training episodes:  15%|█▍        | 221/1500 [01:37<15:29,  1.38it/s, buffer=44200, ret=11.67, success=0.00]
Training episodes:  15%|█▍        | 221/1500 [01:37<15:29,  1.38it/s, buffer=44400, ret=10.99, success=0.00]
Training episodes:  15%|█▍        | 222/1500 [01:37<15:33,  1.37it/s, buffer=44400, ret=10.99, success=0.00]
Training episodes:  15%|█▍        | 222/1500 [01:38<15:33,  1.37it/s, buffer=44600, ret=9.59, success=0.00] 
Training episodes:  15%|█▍        | 223/1500 [01:38<15:32,  1.37it/s, buffer=44600, ret=9.59, success=0.00]
Training episodes:  15%|█▍        | 223/1500 [01:39<15:32,  1.37it/s, buffer=44800, ret=10.48, success=0.00]
Training episodes:  15%|█▍        | 224/1500 [01:39<15:22,  1.38it/s, buffer=44800, ret=10.48, success=0.00]
Training episodes:  15%|█▍        | 224/1500 [01:39<15:22,  1.38it/s, buffer=45000, ret=10.69, success=0.00]
Training episodes:  15%|█▌        | 225/1500 [01:39<15:28,  1.37it/s, buffer=45000, ret=10.69, success=0.00]
Training episodes:  15%|█▌        | 225/1500 [01:40<15:28,  1.37it/s, buffer=45200, ret=12.51, success=0.00]
Training episodes:  15%|█▌        | 226/1500 [01:40<15:36,  1.36it/s, buffer=45200, ret=12.51, success=0.00]
Training episodes:  15%|█▌        | 226/1500 [01:41<15:36,  1.36it/s, buffer=45400, ret=10.08, success=0.00]
Training episodes:  15%|█▌        | 227/1500 [01:41<15:29,  1.37it/s, buffer=45400, ret=10.08, success=0.00]
Training episodes:  15%|█▌        | 227/1500 [01:42<15:29,  1.37it/s, buffer=45600, ret=11.86, success=0.00]
Training episodes:  15%|█▌        | 228/1500 [01:42<15:20,  1.38it/s, buffer=45600, ret=11.86, success=0.00]
Training episodes:  15%|█▌        | 228/1500 [01:42<15:20,  1.38it/s, buffer=45800, ret=10.24, success=0.00]
Training episodes:  15%|█▌        | 229/1500 [01:42<15:27,  1.37it/s, buffer=45800, ret=10.24, success=0.00]
Training episodes:  15%|█▌        | 229/1500 [01:43<15:27,  1.37it/s, buffer=46000, ret=12.21, success=0.00]
Training episodes:  15%|█▌        | 230/1500 [01:43<15:23,  1.37it/s, buffer=46000, ret=12.21, success=0.00]
Training episodes:  15%|█▌        | 230/1500 [01:44<15:23,  1.37it/s, buffer=46200, ret=10.05, success=0.00]
Training episodes:  15%|█▌        | 231/1500 [01:44<15:25,  1.37it/s, buffer=46200, ret=10.05, success=0.00]
Training episodes:  15%|█▌        | 231/1500 [01:45<15:25,  1.37it/s, buffer=46400, ret=12.95, success=0.00]
Training episodes:  15%|█▌        | 232/1500 [01:45<15:32,  1.36it/s, buffer=46400, ret=12.95, success=0.00]
Training episodes:  15%|█▌        | 232/1500 [01:45<15:32,  1.36it/s, buffer=46600, ret=12.68, success=0.00]
Training episodes:  16%|█▌        | 233/1500 [01:45<15:32,  1.36it/s, buffer=46600, ret=12.68, success=0.00]
Training episodes:  16%|█▌        | 233/1500 [01:46<15:32,  1.36it/s, buffer=46800, ret=11.01, success=0.00]
Training episodes:  16%|█▌        | 234/1500 [01:46<15:32,  1.36it/s, buffer=46800, ret=11.01, success=0.00]
Training episodes:  16%|█▌        | 234/1500 [01:47<15:32,  1.36it/s, buffer=47000, ret=12.54, success=0.00]
Training episodes:  16%|█▌        | 235/1500 [01:47<15:32,  1.36it/s, buffer=47000, ret=12.54, success=0.00]
Training episodes:  16%|█▌        | 235/1500 [01:48<15:32,  1.36it/s, buffer=47200, ret=10.02, success=0.00]
Training episodes:  16%|█▌        | 236/1500 [01:48<15:34,  1.35it/s, buffer=47200, ret=10.02, success=0.00]
Training episodes:  16%|█▌        | 236/1500 [01:48<15:34,  1.35it/s, buffer=47400, ret=11.29, success=0.00]
Training episodes:  16%|█▌        | 237/1500 [01:48<15:29,  1.36it/s, buffer=47400, ret=11.29, success=0.00]
Training episodes:  16%|█▌        | 237/1500 [01:49<15:29,  1.36it/s, buffer=47600, ret=9.71, success=0.00] 
Training episodes:  16%|█▌        | 238/1500 [01:49<15:26,  1.36it/s, buffer=47600, ret=9.71, success=0.00]
Training episodes:  16%|█▌        | 238/1500 [01:50<15:26,  1.36it/s, buffer=47800, ret=11.31, success=0.00]
Training episodes:  16%|█▌        | 239/1500 [01:50<15:27,  1.36it/s, buffer=47800, ret=11.31, success=0.00]
Training episodes:  16%|█▌        | 239/1500 [01:50<15:27,  1.36it/s, buffer=48000, ret=11.85, success=0.00]
Training episodes:  16%|█▌        | 240/1500 [01:50<15:25,  1.36it/s, buffer=48000, ret=11.85, success=0.00]
Training episodes:  16%|█▌        | 240/1500 [01:51<15:25,  1.36it/s, buffer=48200, ret=11.93, success=0.00]
Training episodes:  16%|█▌        | 241/1500 [01:51<15:16,  1.37it/s, buffer=48200, ret=11.93, success=0.00]
Training episodes:  16%|█▌        | 241/1500 [01:52<15:16,  1.37it/s, buffer=48400, ret=11.38, success=0.00]
Training episodes:  16%|█▌        | 242/1500 [01:52<15:07,  1.39it/s, buffer=48400, ret=11.38, success=0.00]
Training episodes:  16%|█▌        | 242/1500 [01:53<15:07,  1.39it/s, buffer=48600, ret=12.34, success=0.00]
Training episodes:  16%|█▌        | 243/1500 [01:53<15:03,  1.39it/s, buffer=48600, ret=12.34, success=0.00]
Training episodes:  16%|█▌        | 243/1500 [01:53<15:03,  1.39it/s, buffer=48800, ret=11.64, success=0.00]
Training episodes:  16%|█▋        | 244/1500 [01:53<15:03,  1.39it/s, buffer=48800, ret=11.64, success=0.00]
Training episodes:  16%|█▋        | 244/1500 [01:54<15:03,  1.39it/s, buffer=49000, ret=12.31, success=0.00]
Training episodes:  16%|█▋        | 245/1500 [01:54<15:11,  1.38it/s, buffer=49000, ret=12.31, success=0.00]
Training episodes:  16%|█▋        | 245/1500 [01:55<15:11,  1.38it/s, buffer=49200, ret=13.55, success=0.00]
Training episodes:  16%|█▋        | 246/1500 [01:55<15:15,  1.37it/s, buffer=49200, ret=13.55, success=0.00]
Training episodes:  16%|█▋        | 246/1500 [01:56<15:15,  1.37it/s, buffer=49400, ret=11.69, success=0.00]
Training episodes:  16%|█▋        | 247/1500 [01:56<15:16,  1.37it/s, buffer=49400, ret=11.69, success=0.00]
Training episodes:  16%|█▋        | 247/1500 [01:56<15:16,  1.37it/s, buffer=49600, ret=10.65, success=0.00]
Training episodes:  17%|█▋        | 248/1500 [01:56<15:15,  1.37it/s, buffer=49600, ret=10.65, success=0.00]
Training episodes:  17%|█▋        | 248/1500 [01:57<15:15,  1.37it/s, buffer=49800, ret=10.37, success=0.00]
Training episodes:  17%|█▋        | 249/1500 [01:57<15:08,  1.38it/s, buffer=49800, ret=10.37, success=0.00]
Training episodes:  17%|█▋        | 249/1500 [01:58<15:08,  1.38it/s, buffer=5e+4, ret=11.87, success=0.00] wandb: WARNING `fps` argument does not affect the frame rate of the video when providing a file path or raw bytes.

Training episodes:  17%|█▋        | 250/1500 [01:58<18:45,  1.11it/s, buffer=5e+4, ret=11.87, success=0.00]
Training episodes:  17%|█▋        | 250/1500 [01:59<18:45,  1.11it/s, buffer=50200, ret=11.35, success=0.00]
Training episodes:  17%|█▋        | 251/1500 [01:59<17:46,  1.17it/s, buffer=50200, ret=11.35, success=0.00]
Training episodes:  17%|█▋        | 251/1500 [02:00<17:46,  1.17it/s, buffer=50400, ret=11.04, success=0.00]
Training episodes:  17%|█▋        | 252/1500 [02:00<16:53,  1.23it/s, buffer=50400, ret=11.04, success=0.00]
Training episodes:  17%|█▋        | 252/1500 [02:00<16:53,  1.23it/s, buffer=50600, ret=13.38, success=0.00]
Training episodes:  17%|█▋        | 253/1500 [02:00<16:25,  1.27it/s, buffer=50600, ret=13.38, success=0.00]
Training episodes:  17%|█▋        | 253/1500 [02:01<16:25,  1.27it/s, buffer=50800, ret=12.40, success=0.00]
Training episodes:  17%|█▋        | 254/1500 [02:01<16:05,  1.29it/s, buffer=50800, ret=12.40, success=0.00]
Training episodes:  17%|█▋        | 254/1500 [02:02<16:05,  1.29it/s, buffer=51000, ret=12.00, success=0.00]
Training episodes:  17%|█▋        | 255/1500 [02:02<15:56,  1.30it/s, buffer=51000, ret=12.00, success=0.00]
Training episodes:  17%|█▋        | 255/1500 [02:03<15:56,  1.30it/s, buffer=51200, ret=11.03, success=0.00]
Training episodes:  17%|█▋        | 256/1500 [02:03<15:43,  1.32it/s, buffer=51200, ret=11.03, success=0.00]
Training episodes:  17%|█▋        | 256/1500 [02:03<15:43,  1.32it/s, buffer=51400, ret=10.66, success=0.00]
Training episodes:  17%|█▋        | 257/1500 [02:03<15:38,  1.33it/s, buffer=51400, ret=10.66, success=0.00]
Training episodes:  17%|█▋        | 257/1500 [02:04<15:38,  1.33it/s, buffer=51600, ret=12.24, success=0.00]
Training episodes:  17%|█▋        | 258/1500 [02:04<15:30,  1.33it/s, buffer=51600, ret=12.24, success=0.00]
Training episodes:  17%|█▋        | 258/1500 [02:05<15:30,  1.33it/s, buffer=51800, ret=11.78, success=0.00]
Training episodes:  17%|█▋        | 259/1500 [02:05<15:24,  1.34it/s, buffer=51800, ret=11.78, success=0.00]
Training episodes:  17%|█▋        | 259/1500 [02:06<15:24,  1.34it/s, buffer=52000, ret=11.44, success=0.00]
Training episodes:  17%|█▋        | 260/1500 [02:06<15:27,  1.34it/s, buffer=52000, ret=11.44, success=0.00]
Training episodes:  17%|█▋        | 260/1500 [02:06<15:27,  1.34it/s, buffer=52200, ret=10.35, success=0.00]
Training episodes:  17%|█▋        | 261/1500 [02:06<15:28,  1.33it/s, buffer=52200, ret=10.35, success=0.00]
Training episodes:  17%|█▋        | 261/1500 [02:07<15:28,  1.33it/s, buffer=52400, ret=11.30, success=0.00]
Training episodes:  17%|█▋        | 262/1500 [02:07<15:19,  1.35it/s, buffer=52400, ret=11.30, success=0.00]
Training episodes:  17%|█▋        | 262/1500 [02:08<15:19,  1.35it/s, buffer=52600, ret=10.06, success=0.00]
Training episodes:  18%|█▊        | 263/1500 [02:08<15:14,  1.35it/s, buffer=52600, ret=10.06, success=0.00]
Training episodes:  18%|█▊        | 263/1500 [02:09<15:14,  1.35it/s, buffer=52800, ret=10.15, success=0.00]
Training episodes:  18%|█▊        | 264/1500 [02:09<15:20,  1.34it/s, buffer=52800, ret=10.15, success=0.00]
Training episodes:  18%|█▊        | 264/1500 [02:09<15:20,  1.34it/s, buffer=53000, ret=11.33, success=0.00]
Training episodes:  18%|█▊        | 265/1500 [02:09<15:20,  1.34it/s, buffer=53000, ret=11.33, success=0.00]
Training episodes:  18%|█▊        | 265/1500 [02:10<15:20,  1.34it/s, buffer=53200, ret=12.37, success=0.00]
Training episodes:  18%|█▊        | 266/1500 [02:10<15:16,  1.35it/s, buffer=53200, ret=12.37, success=0.00]
Training episodes:  18%|█▊        | 266/1500 [02:11<15:16,  1.35it/s, buffer=53400, ret=10.75, success=0.00]
Training episodes:  18%|█▊        | 267/1500 [02:11<15:13,  1.35it/s, buffer=53400, ret=10.75, success=0.00]
Training episodes:  18%|█▊        | 267/1500 [02:12<15:13,  1.35it/s, buffer=53600, ret=12.99, success=0.00]
Training episodes:  18%|█▊        | 268/1500 [02:12<15:10,  1.35it/s, buffer=53600, ret=12.99, success=0.00]
Training episodes:  18%|█▊        | 268/1500 [02:12<15:10,  1.35it/s, buffer=53800, ret=11.62, success=0.00]
Training episodes:  18%|█▊        | 269/1500 [02:12<15:04,  1.36it/s, buffer=53800, ret=11.62, success=0.00]
Training episodes:  18%|█▊        | 269/1500 [02:13<15:04,  1.36it/s, buffer=54000, ret=11.80, success=0.00]
Training episodes:  18%|█▊        | 270/1500 [02:13<15:00,  1.37it/s, buffer=54000, ret=11.80, success=0.00]
Training episodes:  18%|█▊        | 270/1500 [02:14<15:00,  1.37it/s, buffer=54200, ret=11.51, success=0.00]
Training episodes:  18%|█▊        | 271/1500 [02:14<14:57,  1.37it/s, buffer=54200, ret=11.51, success=0.00]
Training episodes:  18%|█▊        | 271/1500 [02:15<14:57,  1.37it/s, buffer=54400, ret=10.94, success=0.00]
Training episodes:  18%|█▊        | 272/1500 [02:15<14:59,  1.36it/s, buffer=54400, ret=10.94, success=0.00]
Training episodes:  18%|█▊        | 272/1500 [02:15<14:59,  1.36it/s, buffer=54600, ret=10.81, success=0.00]
Training episodes:  18%|█▊        | 273/1500 [02:15<15:00,  1.36it/s, buffer=54600, ret=10.81, success=0.00]
Training episodes:  18%|█▊        | 273/1500 [02:16<15:00,  1.36it/s, buffer=54800, ret=12.89, success=0.00]
Training episodes:  18%|█▊        | 274/1500 [02:16<14:55,  1.37it/s, buffer=54800, ret=12.89, success=0.00]
Training episodes:  18%|█▊        | 274/1500 [02:17<14:55,  1.37it/s, buffer=55000, ret=10.19, success=0.00]
Training episodes:  18%|█▊        | 275/1500 [02:17<14:56,  1.37it/s, buffer=55000, ret=10.19, success=0.00]
Training episodes:  18%|█▊        | 275/1500 [02:17<14:56,  1.37it/s, buffer=55200, ret=12.36, success=0.00]
Training episodes:  18%|█▊        | 276/1500 [02:17<14:54,  1.37it/s, buffer=55200, ret=12.36, success=0.00]
Training episodes:  18%|█▊        | 276/1500 [02:18<14:54,  1.37it/s, buffer=55400, ret=10.53, success=0.00]
Training episodes:  18%|█▊        | 277/1500 [02:18<14:55,  1.37it/s, buffer=55400, ret=10.53, success=0.00]
Training episodes:  18%|█▊        | 277/1500 [02:19<14:55,  1.37it/s, buffer=55600, ret=13.56, success=0.00]
Training episodes:  19%|█▊        | 278/1500 [02:19<14:53,  1.37it/s, buffer=55600, ret=13.56, success=0.00]
Training episodes:  19%|█▊        | 278/1500 [02:20<14:53,  1.37it/s, buffer=55800, ret=11.42, success=0.00]
Training episodes:  19%|█▊        | 279/1500 [02:20<14:55,  1.36it/s, buffer=55800, ret=11.42, success=0.00]
Training episodes:  19%|█▊        | 279/1500 [02:20<14:55,  1.36it/s, buffer=56000, ret=10.85, success=0.00]
Training episodes:  19%|█▊        | 280/1500 [02:20<14:48,  1.37it/s, buffer=56000, ret=10.85, success=0.00]
Training episodes:  19%|█▊        | 280/1500 [02:21<14:48,  1.37it/s, buffer=56200, ret=11.13, success=0.00]
Training episodes:  19%|█▊        | 281/1500 [02:21<14:46,  1.38it/s, buffer=56200, ret=11.13, success=0.00]
Training episodes:  19%|█▊        | 281/1500 [02:22<14:46,  1.38it/s, buffer=56400, ret=12.77, success=0.00]
Training episodes:  19%|█▉        | 282/1500 [02:22<14:46,  1.37it/s, buffer=56400, ret=12.77, success=0.00]
Training episodes:  19%|█▉        | 282/1500 [02:23<14:46,  1.37it/s, buffer=56600, ret=12.24, success=0.00]
Training episodes:  19%|█▉        | 283/1500 [02:23<14:43,  1.38it/s, buffer=56600, ret=12.24, success=0.00]
Training episodes:  19%|█▉        | 283/1500 [02:23<14:43,  1.38it/s, buffer=56800, ret=10.79, success=0.00]
Training episodes:  19%|█▉        | 284/1500 [02:23<14:41,  1.38it/s, buffer=56800, ret=10.79, success=0.00]
Training episodes:  19%|█▉        | 284/1500 [02:24<14:41,  1.38it/s, buffer=57000, ret=11.51, success=0.00]
Training episodes:  19%|█▉        | 285/1500 [02:24<14:45,  1.37it/s, buffer=57000, ret=11.51, success=0.00]
Training episodes:  19%|█▉        | 285/1500 [02:25<14:45,  1.37it/s, buffer=57200, ret=10.30, success=0.00]
Training episodes:  19%|█▉        | 286/1500 [02:25<14:45,  1.37it/s, buffer=57200, ret=10.30, success=0.00]
Training episodes:  19%|█▉        | 286/1500 [02:25<14:45,  1.37it/s, buffer=57400, ret=11.73, success=0.00]
Training episodes:  19%|█▉        | 287/1500 [02:25<14:43,  1.37it/s, buffer=57400, ret=11.73, success=0.00]
Training episodes:  19%|█▉        | 287/1500 [02:26<14:43,  1.37it/s, buffer=57600, ret=11.13, success=0.00]
Training episodes:  19%|█▉        | 288/1500 [02:26<14:42,  1.37it/s, buffer=57600, ret=11.13, success=0.00]
Training episodes:  19%|█▉        | 288/1500 [02:27<14:42,  1.37it/s, buffer=57800, ret=9.53, success=0.00] 
Training episodes:  19%|█▉        | 289/1500 [02:27<14:48,  1.36it/s, buffer=57800, ret=9.53, success=0.00]
Training episodes:  19%|█▉        | 289/1500 [02:28<14:48,  1.36it/s, buffer=58000, ret=12.33, success=0.00]
Training episodes:  19%|█▉        | 290/1500 [02:28<14:51,  1.36it/s, buffer=58000, ret=12.33, success=0.00]
Training episodes:  19%|█▉        | 290/1500 [02:28<14:51,  1.36it/s, buffer=58200, ret=12.24, success=0.00]
Training episodes:  19%|█▉        | 291/1500 [02:28<14:53,  1.35it/s, buffer=58200, ret=12.24, success=0.00]
Training episodes:  19%|█▉        | 291/1500 [02:29<14:53,  1.35it/s, buffer=58400, ret=9.81, success=0.00] 
Training episodes:  19%|█▉        | 292/1500 [02:29<14:51,  1.35it/s, buffer=58400, ret=9.81, success=0.00]
Training episodes:  19%|█▉        | 292/1500 [02:30<14:51,  1.35it/s, buffer=58600, ret=11.56, success=0.00]
Training episodes:  20%|█▉        | 293/1500 [02:30<14:54,  1.35it/s, buffer=58600, ret=11.56, success=0.00]
Training episodes:  20%|█▉        | 293/1500 [02:31<14:54,  1.35it/s, buffer=58800, ret=11.51, success=0.00]
Training episodes:  20%|█▉        | 294/1500 [02:31<14:56,  1.35it/s, buffer=58800, ret=11.51, success=0.00]
Training episodes:  20%|█▉        | 294/1500 [02:31<14:56,  1.35it/s, buffer=59000, ret=10.82, success=0.00]
Training episodes:  20%|█▉        | 295/1500 [02:31<14:48,  1.36it/s, buffer=59000, ret=10.82, success=0.00]
Training episodes:  20%|█▉        | 295/1500 [02:32<14:48,  1.36it/s, buffer=59200, ret=11.31, success=0.00]
Training episodes:  20%|█▉        | 296/1500 [02:32<14:40,  1.37it/s, buffer=59200, ret=11.31, success=0.00]
Training episodes:  20%|█▉        | 296/1500 [02:33<14:40,  1.37it/s, buffer=59400, ret=11.96, success=0.00]
Training episodes:  20%|█▉        | 297/1500 [02:33<14:38,  1.37it/s, buffer=59400, ret=11.96, success=0.00]
Training episodes:  20%|█▉        | 297/1500 [02:34<14:38,  1.37it/s, buffer=59600, ret=13.43, success=0.00]
Training episodes:  20%|█▉        | 298/1500 [02:34<14:32,  1.38it/s, buffer=59600, ret=13.43, success=0.00]
Training episodes:  20%|█▉        | 298/1500 [02:34<14:32,  1.38it/s, buffer=59800, ret=11.33, success=0.00]
Training episodes:  20%|█▉        | 299/1500 [02:34<14:36,  1.37it/s, buffer=59800, ret=11.33, success=0.00]
Training episodes:  20%|█▉        | 299/1500 [02:35<14:36,  1.37it/s, buffer=6e+4, ret=11.08, success=0.00] wandb: WARNING `fps` argument does not affect the frame rate of the video when providing a file path or raw bytes.

Training episodes:  20%|██        | 300/1500 [02:36<18:12,  1.10it/s, buffer=6e+4, ret=11.08, success=0.00]
Training episodes:  20%|██        | 300/1500 [02:36<18:12,  1.10it/s, buffer=60200, ret=10.10, success=0.00]
Training episodes:  20%|██        | 301/1500 [02:36<17:06,  1.17it/s, buffer=60200, ret=10.10, success=0.00]
Training episodes:  20%|██        | 301/1500 [02:37<17:06,  1.17it/s, buffer=60400, ret=10.48, success=0.00]
Training episodes:  20%|██        | 302/1500 [02:37<16:29,  1.21it/s, buffer=60400, ret=10.48, success=0.00]
Training episodes:  20%|██        | 302/1500 [02:38<16:29,  1.21it/s, buffer=60600, ret=10.96, success=0.00]
Training episodes:  20%|██        | 303/1500 [02:38<15:58,  1.25it/s, buffer=60600, ret=10.96, success=0.00]
Training episodes:  20%|██        | 303/1500 [02:39<15:58,  1.25it/s, buffer=60800, ret=12.36, success=0.00]
Training episodes:  20%|██        | 304/1500 [02:39<15:44,  1.27it/s, buffer=60800, ret=12.36, success=0.00]
Training episodes:  20%|██        | 304/1500 [02:39<15:44,  1.27it/s, buffer=61000, ret=10.19, success=0.00]
Training episodes:  20%|██        | 305/1500 [02:39<15:26,  1.29it/s, buffer=61000, ret=10.19, success=0.00]
Training episodes:  20%|██        | 305/1500 [02:40<15:26,  1.29it/s, buffer=61200, ret=12.52, success=0.00]
Training episodes:  20%|██        | 306/1500 [02:40<15:19,  1.30it/s, buffer=61200, ret=12.52, success=0.00]
Training episodes:  20%|██        | 306/1500 [02:41<15:19,  1.30it/s, buffer=61400, ret=9.94, success=0.00] 
Training episodes:  20%|██        | 307/1500 [02:41<15:10,  1.31it/s, buffer=61400, ret=9.94, success=0.00]
Training episodes:  20%|██        | 307/1500 [02:42<15:10,  1.31it/s, buffer=61600, ret=12.67, success=0.00]
Training episodes:  21%|██        | 308/1500 [02:42<14:56,  1.33it/s, buffer=61600, ret=12.67, success=0.00]
Training episodes:  21%|██        | 308/1500 [02:42<14:56,  1.33it/s, buffer=61800, ret=11.81, success=0.00]
Training episodes:  21%|██        | 309/1500 [02:42<14:53,  1.33it/s, buffer=61800, ret=11.81, success=0.00]
Training episodes:  21%|██        | 309/1500 [02:43<14:53,  1.33it/s, buffer=62000, ret=11.62, success=0.00]
Training episodes:  21%|██        | 310/1500 [02:43<14:56,  1.33it/s, buffer=62000, ret=11.62, success=0.00]
Training episodes:  21%|██        | 310/1500 [02:44<14:56,  1.33it/s, buffer=62200, ret=11.21, success=0.00]
Training episodes:  21%|██        | 311/1500 [02:44<14:49,  1.34it/s, buffer=62200, ret=11.21, success=0.00]
Training episodes:  21%|██        | 311/1500 [02:45<14:49,  1.34it/s, buffer=62400, ret=13.35, success=0.00]
Training episodes:  21%|██        | 312/1500 [02:45<14:47,  1.34it/s, buffer=62400, ret=13.35, success=0.00]
Training episodes:  21%|██        | 312/1500 [02:45<14:47,  1.34it/s, buffer=62600, ret=11.01, success=0.00]
Training episodes:  21%|██        | 313/1500 [02:45<14:38,  1.35it/s, buffer=62600, ret=11.01, success=0.00]
Training episodes:  21%|██        | 313/1500 [02:46<14:38,  1.35it/s, buffer=62800, ret=11.20, success=0.00]
Training episodes:  21%|██        | 314/1500 [02:46<14:41,  1.34it/s, buffer=62800, ret=11.20, success=0.00]
Training episodes:  21%|██        | 314/1500 [02:47<14:41,  1.34it/s, buffer=63000, ret=10.24, success=0.00]
Training episodes:  21%|██        | 315/1500 [02:47<14:43,  1.34it/s, buffer=63000, ret=10.24, success=0.00]
Training episodes:  21%|██        | 315/1500 [02:48<14:43,  1.34it/s, buffer=63200, ret=11.28, success=0.00]
Training episodes:  21%|██        | 316/1500 [02:48<14:39,  1.35it/s, buffer=63200, ret=11.28, success=0.00]
Training episodes:  21%|██        | 316/1500 [02:48<14:39,  1.35it/s, buffer=63400, ret=11.52, success=0.00]
Training episodes:  21%|██        | 317/1500 [02:48<14:42,  1.34it/s, buffer=63400, ret=11.52, success=0.00]
Training episodes:  21%|██        | 317/1500 [02:49<14:42,  1.34it/s, buffer=63600, ret=11.92, success=0.00]
Training episodes:  21%|██        | 318/1500 [02:49<14:39,  1.34it/s, buffer=63600, ret=11.92, success=0.00]
Training episodes:  21%|██        | 318/1500 [02:50<14:39,  1.34it/s, buffer=63800, ret=10.06, success=0.00]
Training episodes:  21%|██▏       | 319/1500 [02:50<14:36,  1.35it/s, buffer=63800, ret=10.06, success=0.00]
Training episodes:  21%|██▏       | 319/1500 [02:50<14:36,  1.35it/s, buffer=64000, ret=10.83, success=0.00]
Training episodes:  21%|██▏       | 320/1500 [02:50<14:34,  1.35it/s, buffer=64000, ret=10.83, success=0.00]
Training episodes:  21%|██▏       | 320/1500 [02:51<14:34,  1.35it/s, buffer=64200, ret=12.93, success=0.00]
Training episodes:  21%|██▏       | 321/1500 [02:51<14:34,  1.35it/s, buffer=64200, ret=12.93, success=0.00]
Training episodes:  21%|██▏       | 321/1500 [02:52<14:34,  1.35it/s, buffer=64400, ret=11.21, success=0.00]
Training episodes:  21%|██▏       | 322/1500 [02:52<14:32,  1.35it/s, buffer=64400, ret=11.21, success=0.00]
Training episodes:  21%|██▏       | 322/1500 [02:53<14:32,  1.35it/s, buffer=64600, ret=11.05, success=0.00]
Training episodes:  22%|██▏       | 323/1500 [02:53<14:32,  1.35it/s, buffer=64600, ret=11.05, success=0.00]
Training episodes:  22%|██▏       | 323/1500 [02:53<14:32,  1.35it/s, buffer=64800, ret=10.56, success=0.00]
Training episodes:  22%|██▏       | 324/1500 [02:53<14:37,  1.34it/s, buffer=64800, ret=10.56, success=0.00]
Training episodes:  22%|██▏       | 324/1500 [02:54<14:37,  1.34it/s, buffer=65000, ret=10.08, success=0.00]
Training episodes:  22%|██▏       | 325/1500 [02:54<14:49,  1.32it/s, buffer=65000, ret=10.08, success=0.00]
Training episodes:  22%|██▏       | 325/1500 [02:55<14:49,  1.32it/s, buffer=65200, ret=12.24, success=0.00]
Training episodes:  22%|██▏       | 326/1500 [02:55<14:45,  1.33it/s, buffer=65200, ret=12.24, success=0.00]
Training episodes:  22%|██▏       | 326/1500 [02:56<14:45,  1.33it/s, buffer=65400, ret=11.77, success=0.00]
Training episodes:  22%|██▏       | 327/1500 [02:56<14:44,  1.33it/s, buffer=65400, ret=11.77, success=0.00]
Training episodes:  22%|██▏       | 327/1500 [02:57<14:44,  1.33it/s, buffer=65600, ret=9.69, success=0.00] 
Training episodes:  22%|██▏       | 328/1500 [02:57<14:45,  1.32it/s, buffer=65600, ret=9.69, success=0.00]
Training episodes:  22%|██▏       | 328/1500 [02:57<14:45,  1.32it/s, buffer=65800, ret=9.49, success=0.00]
Training episodes:  22%|██▏       | 329/1500 [02:57<14:43,  1.32it/s, buffer=65800, ret=9.49, success=0.00]
Training episodes:  22%|██▏       | 329/1500 [02:58<14:43,  1.32it/s, buffer=66000, ret=10.69, success=0.00]
Training episodes:  22%|██▏       | 330/1500 [02:58<14:44,  1.32it/s, buffer=66000, ret=10.69, success=0.00]
Training episodes:  22%|██▏       | 330/1500 [02:59<14:44,  1.32it/s, buffer=66200, ret=12.32, success=0.00]
Training episodes:  22%|██▏       | 331/1500 [02:59<14:43,  1.32it/s, buffer=66200, ret=12.32, success=0.00]
Training episodes:  22%|██▏       | 331/1500 [03:00<14:43,  1.32it/s, buffer=66400, ret=10.38, success=0.00]
Training episodes:  22%|██▏       | 332/1500 [03:00<14:38,  1.33it/s, buffer=66400, ret=10.38, success=0.00]
Training episodes:  22%|██▏       | 332/1500 [03:00<14:38,  1.33it/s, buffer=66600, ret=11.98, success=0.00]
Training episodes:  22%|██▏       | 333/1500 [03:00<14:32,  1.34it/s, buffer=66600, ret=11.98, success=0.00]
Training episodes:  22%|██▏       | 333/1500 [03:01<14:32,  1.34it/s, buffer=66800, ret=11.78, success=0.00]
Training episodes:  22%|██▏       | 334/1500 [03:01<14:29,  1.34it/s, buffer=66800, ret=11.78, success=0.00]
Training episodes:  22%|██▏       | 334/1500 [03:02<14:29,  1.34it/s, buffer=67000, ret=12.08, success=0.00]
Training episodes:  22%|██▏       | 335/1500 [03:02<14:34,  1.33it/s, buffer=67000, ret=12.08, success=0.00]
Training episodes:  22%|██▏       | 335/1500 [03:03<14:34,  1.33it/s, buffer=67200, ret=11.83, success=0.00]
Training episodes:  22%|██▏       | 336/1500 [03:03<14:34,  1.33it/s, buffer=67200, ret=11.83, success=0.00]
Training episodes:  22%|██▏       | 336/1500 [03:03<14:34,  1.33it/s, buffer=67400, ret=9.72, success=0.00] 
Training episodes:  22%|██▏       | 337/1500 [03:03<14:35,  1.33it/s, buffer=67400, ret=9.72, success=0.00]
Training episodes:  22%|██▏       | 337/1500 [03:04<14:35,  1.33it/s, buffer=67600, ret=11.63, success=0.00]
Training episodes:  23%|██▎       | 338/1500 [03:04<14:38,  1.32it/s, buffer=67600, ret=11.63, success=0.00]
Training episodes:  23%|██▎       | 338/1500 [03:05<14:38,  1.32it/s, buffer=67800, ret=11.88, success=0.00]
Training episodes:  23%|██▎       | 339/1500 [03:05<14:40,  1.32it/s, buffer=67800, ret=11.88, success=0.00]
Training episodes:  23%|██▎       | 339/1500 [03:06<14:40,  1.32it/s, buffer=68000, ret=11.86, success=0.00]
Training episodes:  23%|██▎       | 340/1500 [03:06<14:44,  1.31it/s, buffer=68000, ret=11.86, success=0.00]
Training episodes:  23%|██▎       | 340/1500 [03:06<14:44,  1.31it/s, buffer=68200, ret=12.10, success=0.00]
Training episodes:  23%|██▎       | 341/1500 [03:06<14:45,  1.31it/s, buffer=68200, ret=12.10, success=0.00]
Training episodes:  23%|██▎       | 341/1500 [03:07<14:45,  1.31it/s, buffer=68400, ret=10.11, success=0.00]
Training episodes:  23%|██▎       | 342/1500 [03:07<14:42,  1.31it/s, buffer=68400, ret=10.11, success=0.00]
Training episodes:  23%|██▎       | 342/1500 [03:08<14:42,  1.31it/s, buffer=68600, ret=13.08, success=0.00]
Training episodes:  23%|██▎       | 343/1500 [03:08<14:42,  1.31it/s, buffer=68600, ret=13.08, success=0.00]
Training episodes:  23%|██▎       | 343/1500 [03:09<14:42,  1.31it/s, buffer=68800, ret=12.58, success=0.00]
Training episodes:  23%|██▎       | 344/1500 [03:09<14:40,  1.31it/s, buffer=68800, ret=12.58, success=0.00]
Training episodes:  23%|██▎       | 344/1500 [03:09<14:40,  1.31it/s, buffer=69000, ret=9.29, success=0.00] 
Training episodes:  23%|██▎       | 345/1500 [03:09<14:37,  1.32it/s, buffer=69000, ret=9.29, success=0.00]
Training episodes:  23%|██▎       | 345/1500 [03:10<14:37,  1.32it/s, buffer=69200, ret=10.42, success=0.00]
Training episodes:  23%|██▎       | 346/1500 [03:10<14:31,  1.32it/s, buffer=69200, ret=10.42, success=0.00]
Training episodes:  23%|██▎       | 346/1500 [03:11<14:31,  1.32it/s, buffer=69400, ret=9.48, success=0.00] 
Training episodes:  23%|██▎       | 347/1500 [03:11<14:32,  1.32it/s, buffer=69400, ret=9.48, success=0.00]
Training episodes:  23%|██▎       | 347/1500 [03:12<14:32,  1.32it/s, buffer=69600, ret=10.68, success=0.00]
Training episodes:  23%|██▎       | 348/1500 [03:12<14:34,  1.32it/s, buffer=69600, ret=10.68, success=0.00]
Training episodes:  23%|██▎       | 348/1500 [03:12<14:34,  1.32it/s, buffer=69800, ret=12.79, success=0.00]
Training episodes:  23%|██▎       | 349/1500 [03:12<14:35,  1.31it/s, buffer=69800, ret=12.79, success=0.00]
Training episodes:  23%|██▎       | 349/1500 [03:13<14:35,  1.31it/s, buffer=7e+4, ret=10.46, success=0.00] wandb: WARNING `fps` argument does not affect the frame rate of the video when providing a file path or raw bytes.

Training episodes:  23%|██▎       | 350/1500 [03:14<17:58,  1.07it/s, buffer=7e+4, ret=10.46, success=0.00]
Training episodes:  23%|██▎       | 350/1500 [03:15<17:58,  1.07it/s, buffer=70200, ret=11.41, success=0.00]
Training episodes:  23%|██▎       | 351/1500 [03:15<16:57,  1.13it/s, buffer=70200, ret=11.41, success=0.00]
Training episodes:  23%|██▎       | 351/1500 [03:15<16:57,  1.13it/s, buffer=70400, ret=11.02, success=0.00]
Training episodes:  23%|██▎       | 352/1500 [03:15<16:12,  1.18it/s, buffer=70400, ret=11.02, success=0.00]
Training episodes:  23%|██▎       | 352/1500 [03:16<16:12,  1.18it/s, buffer=70600, ret=11.97, success=0.00]
Training episodes:  24%|██▎       | 353/1500 [03:16<15:40,  1.22it/s, buffer=70600, ret=11.97, success=0.00]
Training episodes:  24%|██▎       | 353/1500 [03:17<15:40,  1.22it/s, buffer=70800, ret=10.58, success=0.00]
Training episodes:  24%|██▎       | 354/1500 [03:17<15:18,  1.25it/s, buffer=70800, ret=10.58, success=0.00]
Training episodes:  24%|██▎       | 354/1500 [03:18<15:18,  1.25it/s, buffer=71000, ret=11.49, success=0.00]
Training episodes:  24%|██▎       | 355/1500 [03:18<15:03,  1.27it/s, buffer=71000, ret=11.49, success=0.00]
Training episodes:  24%|██▎       | 355/1500 [03:18<15:03,  1.27it/s, buffer=71200, ret=11.83, success=0.00]
Training episodes:  24%|██▎       | 356/1500 [03:18<14:51,  1.28it/s, buffer=71200, ret=11.83, success=0.00]
Training episodes:  24%|██▎       | 356/1500 [03:19<14:51,  1.28it/s, buffer=71400, ret=10.97, success=0.00]
Training episodes:  24%|██▍       | 357/1500 [03:19<14:44,  1.29it/s, buffer=71400, ret=10.97, success=0.00]
Training episodes:  24%|██▍       | 357/1500 [03:20<14:44,  1.29it/s, buffer=71600, ret=9.60, success=0.00] 
Training episodes:  24%|██▍       | 358/1500 [03:20<14:40,  1.30it/s, buffer=71600, ret=9.60, success=0.00]
Training episodes:  24%|██▍       | 358/1500 [03:21<14:40,  1.30it/s, buffer=71800, ret=10.45, success=0.00]
Training episodes:  24%|██▍       | 359/1500 [03:21<14:37,  1.30it/s, buffer=71800, ret=10.45, success=0.00]
Training episodes:  24%|██▍       | 359/1500 [03:21<14:37,  1.30it/s, buffer=72000, ret=10.89, success=0.00]
Training episodes:  24%|██▍       | 360/1500 [03:21<14:31,  1.31it/s, buffer=72000, ret=10.89, success=0.00]
Training episodes:  24%|██▍       | 360/1500 [03:22<14:31,  1.31it/s, buffer=72200, ret=11.38, success=0.00]
Training episodes:  24%|██▍       | 361/1500 [03:22<14:29,  1.31it/s, buffer=72200, ret=11.38, success=0.00]
Training episodes:  24%|██▍       | 361/1500 [03:23<14:29,  1.31it/s, buffer=72400, ret=10.31, success=0.00]
Training episodes:  24%|██▍       | 362/1500 [03:23<14:26,  1.31it/s, buffer=72400, ret=10.31, success=0.00]
Training episodes:  24%|██▍       | 362/1500 [03:24<14:26,  1.31it/s, buffer=72600, ret=13.51, success=0.00]
Training episodes:  24%|██▍       | 363/1500 [03:24<14:26,  1.31it/s, buffer=72600, ret=13.51, success=0.00]
Training episodes:  24%|██▍       | 363/1500 [03:24<14:26,  1.31it/s, buffer=72800, ret=11.32, success=0.00]
Training episodes:  24%|██▍       | 364/1500 [03:24<14:20,  1.32it/s, buffer=72800, ret=11.32, success=0.00]
Training episodes:  24%|██▍       | 364/1500 [03:25<14:20,  1.32it/s, buffer=73000, ret=11.74, success=0.00]
Training episodes:  24%|██▍       | 365/1500 [03:25<14:15,  1.33it/s, buffer=73000, ret=11.74, success=0.00]
Training episodes:  24%|██▍       | 365/1500 [03:26<14:15,  1.33it/s, buffer=73200, ret=12.37, success=0.00]
Training episodes:  24%|██▍       | 366/1500 [03:26<14:14,  1.33it/s, buffer=73200, ret=12.37, success=0.00]
Training episodes:  24%|██▍       | 366/1500 [03:27<14:14,  1.33it/s, buffer=73400, ret=10.99, success=0.00]
Training episodes:  24%|██▍       | 367/1500 [03:27<14:13,  1.33it/s, buffer=73400, ret=10.99, success=0.00]
Training episodes:  24%|██▍       | 367/1500 [03:27<14:13,  1.33it/s, buffer=73600, ret=11.28, success=0.00]
Training episodes:  25%|██▍       | 368/1500 [03:27<14:09,  1.33it/s, buffer=73600, ret=11.28, success=0.00]
Training episodes:  25%|██▍       | 368/1500 [03:28<14:09,  1.33it/s, buffer=73800, ret=12.87, success=0.00]
Training episodes:  25%|██▍       | 369/1500 [03:28<14:07,  1.33it/s, buffer=73800, ret=12.87, success=0.00]
Training episodes:  25%|██▍       | 369/1500 [03:29<14:07,  1.33it/s, buffer=74000, ret=10.64, success=0.00]
Training episodes:  25%|██▍       | 370/1500 [03:29<14:07,  1.33it/s, buffer=74000, ret=10.64, success=0.00]
Training episodes:  25%|██▍       | 370/1500 [03:30<14:07,  1.33it/s, buffer=74200, ret=10.18, success=0.00]
Training episodes:  25%|██▍       | 371/1500 [03:30<14:19,  1.31it/s, buffer=74200, ret=10.18, success=0.00]
Training episodes:  25%|██▍       | 371/1500 [03:30<14:19,  1.31it/s, buffer=74400, ret=10.58, success=0.00]
Training episodes:  25%|██▍       | 372/1500 [03:30<14:17,  1.32it/s, buffer=74400, ret=10.58, success=0.00]
Training episodes:  25%|██▍       | 372/1500 [03:31<14:17,  1.32it/s, buffer=74600, ret=11.87, success=0.00]
Training episodes:  25%|██▍       | 373/1500 [03:31<14:19,  1.31it/s, buffer=74600, ret=11.87, success=0.00]
Training episodes:  25%|██▍       | 373/1500 [03:32<14:19,  1.31it/s, buffer=74800, ret=11.35, success=0.00]
Training episodes:  25%|██▍       | 374/1500 [03:32<14:16,  1.31it/s, buffer=74800, ret=11.35, success=0.00]
Training episodes:  25%|██▍       | 374/1500 [03:33<14:16,  1.31it/s, buffer=75000, ret=12.86, success=0.00]
Training episodes:  25%|██▌       | 375/1500 [03:33<14:10,  1.32it/s, buffer=75000, ret=12.86, success=0.00]
Training episodes:  25%|██▌       | 375/1500 [03:33<14:10,  1.32it/s, buffer=75200, ret=11.42, success=0.00]
Training episodes:  25%|██▌       | 376/1500 [03:33<14:11,  1.32it/s, buffer=75200, ret=11.42, success=0.00]
Training episodes:  25%|██▌       | 376/1500 [03:34<14:11,  1.32it/s, buffer=75400, ret=12.67, success=0.00]
Training episodes:  25%|██▌       | 377/1500 [03:34<14:06,  1.33it/s, buffer=75400, ret=12.67, success=0.00]
Training episodes:  25%|██▌       | 377/1500 [03:35<14:06,  1.33it/s, buffer=75600, ret=12.52, success=0.00]
Training episodes:  25%|██▌       | 378/1500 [03:35<14:05,  1.33it/s, buffer=75600, ret=12.52, success=0.00]
Training episodes:  25%|██▌       | 378/1500 [03:36<14:05,  1.33it/s, buffer=75800, ret=13.21, success=0.00]
Training episodes:  25%|██▌       | 379/1500 [03:36<14:06,  1.32it/s, buffer=75800, ret=13.21, success=0.00]
Training episodes:  25%|██▌       | 379/1500 [03:36<14:06,  1.32it/s, buffer=76000, ret=10.89, success=0.00]
Training episodes:  25%|██▌       | 380/1500 [03:36<14:03,  1.33it/s, buffer=76000, ret=10.89, success=0.00]
Training episodes:  25%|██▌       | 380/1500 [03:37<14:03,  1.33it/s, buffer=76200, ret=10.47, success=0.00]
Training episodes:  25%|██▌       | 381/1500 [03:37<14:04,  1.32it/s, buffer=76200, ret=10.47, success=0.00]
Training episodes:  25%|██▌       | 381/1500 [03:38<14:04,  1.32it/s, buffer=76400, ret=11.38, success=0.00]
Training episodes:  25%|██▌       | 382/1500 [03:38<14:04,  1.32it/s, buffer=76400, ret=11.38, success=0.00]
Training episodes:  25%|██▌       | 382/1500 [03:39<14:04,  1.32it/s, buffer=76600, ret=11.94, success=0.00]
Training episodes:  26%|██▌       | 383/1500 [03:39<14:09,  1.31it/s, buffer=76600, ret=11.94, success=0.00]
Training episodes:  26%|██▌       | 383/1500 [03:40<14:09,  1.31it/s, buffer=76800, ret=12.16, success=0.00]
Training episodes:  26%|██▌       | 384/1500 [03:40<14:07,  1.32it/s, buffer=76800, ret=12.16, success=0.00]
Training episodes:  26%|██▌       | 384/1500 [03:40<14:07,  1.32it/s, buffer=77000, ret=11.17, success=0.00]
Training episodes:  26%|██▌       | 385/1500 [03:40<14:07,  1.32it/s, buffer=77000, ret=11.17, success=0.00]
Training episodes:  26%|██▌       | 385/1500 [03:41<14:07,  1.32it/s, buffer=77200, ret=10.57, success=0.00]
Training episodes:  26%|██▌       | 386/1500 [03:41<14:06,  1.32it/s, buffer=77200, ret=10.57, success=0.00]
Training episodes:  26%|██▌       | 386/1500 [03:42<14:06,  1.32it/s, buffer=77400, ret=10.82, success=0.00]
Training episodes:  26%|██▌       | 387/1500 [03:42<14:04,  1.32it/s, buffer=77400, ret=10.82, success=0.00]
Training episodes:  26%|██▌       | 387/1500 [03:43<14:04,  1.32it/s, buffer=77600, ret=10.50, success=0.00]
Training episodes:  26%|██▌       | 388/1500 [03:43<14:03,  1.32it/s, buffer=77600, ret=10.50, success=0.00]
Training episodes:  26%|██▌       | 388/1500 [03:43<14:03,  1.32it/s, buffer=77800, ret=10.63, success=0.00]
Training episodes:  26%|██▌       | 389/1500 [03:43<14:05,  1.31it/s, buffer=77800, ret=10.63, success=0.00]
Training episodes:  26%|██▌       | 389/1500 [03:44<14:05,  1.31it/s, buffer=78000, ret=10.88, success=0.00]
Training episodes:  26%|██▌       | 390/1500 [03:44<14:04,  1.31it/s, buffer=78000, ret=10.88, success=0.00]
Training episodes:  26%|██▌       | 390/1500 [03:45<14:04,  1.31it/s, buffer=78200, ret=12.09, success=0.00]
Training episodes:  26%|██▌       | 391/1500 [03:45<14:02,  1.32it/s, buffer=78200, ret=12.09, success=0.00]
Training episodes:  26%|██▌       | 391/1500 [03:46<14:02,  1.32it/s, buffer=78400, ret=11.19, success=0.00]
Training episodes:  26%|██▌       | 392/1500 [03:46<13:59,  1.32it/s, buffer=78400, ret=11.19, success=0.00]
Training episodes:  26%|██▌       | 392/1500 [03:46<13:59,  1.32it/s, buffer=78600, ret=12.88, success=0.00]
Training episodes:  26%|██▌       | 393/1500 [03:46<13:59,  1.32it/s, buffer=78600, ret=12.88, success=0.00]
Training episodes:  26%|██▌       | 393/1500 [03:47<13:59,  1.32it/s, buffer=78800, ret=11.62, success=0.00]
Training episodes:  26%|██▋       | 394/1500 [03:47<13:59,  1.32it/s, buffer=78800, ret=11.62, success=0.00]
Training episodes:  26%|██▋       | 394/1500 [03:48<13:59,  1.32it/s, buffer=79000, ret=11.20, success=0.00]
Training episodes:  26%|██▋       | 395/1500 [03:48<13:59,  1.32it/s, buffer=79000, ret=11.20, success=0.00]
Training episodes:  26%|██▋       | 395/1500 [03:49<13:59,  1.32it/s, buffer=79200, ret=12.52, success=0.00]
Training episodes:  26%|██▋       | 396/1500 [03:49<13:57,  1.32it/s, buffer=79200, ret=12.52, success=0.00]
Training episodes:  26%|██▋       | 396/1500 [03:49<13:57,  1.32it/s, buffer=79400, ret=11.23, success=0.00]
Training episodes:  26%|██▋       | 397/1500 [03:49<13:54,  1.32it/s, buffer=79400, ret=11.23, success=0.00]
Training episodes:  26%|██▋       | 397/1500 [03:50<13:54,  1.32it/s, buffer=79600, ret=10.72, success=0.00]
Training episodes:  27%|██▋       | 398/1500 [03:50<13:55,  1.32it/s, buffer=79600, ret=10.72, success=0.00]
Training episodes:  27%|██▋       | 398/1500 [03:51<13:55,  1.32it/s, buffer=79800, ret=10.81, success=0.00]
Training episodes:  27%|██▋       | 399/1500 [03:51<13:51,  1.32it/s, buffer=79800, ret=10.81, success=0.00]
Training episodes:  27%|██▋       | 399/1500 [03:52<13:51,  1.32it/s, buffer=8e+4, ret=9.81, success=0.00]  wandb: WARNING `fps` argument does not affect the frame rate of the video when providing a file path or raw bytes.

Training episodes:  27%|██▋       | 400/1500 [03:52<17:18,  1.06it/s, buffer=8e+4, ret=9.81, success=0.00]
Training episodes:  27%|██▋       | 400/1500 [03:53<17:18,  1.06it/s, buffer=80200, ret=11.08, success=0.00]
Training episodes:  27%|██▋       | 401/1500 [03:53<16:15,  1.13it/s, buffer=80200, ret=11.08, success=0.00]
Training episodes:  27%|██▋       | 401/1500 [03:54<16:15,  1.13it/s, buffer=80400, ret=10.64, success=0.00]
Training episodes:  27%|██▋       | 402/1500 [03:54<15:29,  1.18it/s, buffer=80400, ret=10.64, success=0.00]
Training episodes:  27%|██▋       | 402/1500 [03:55<15:29,  1.18it/s, buffer=80600, ret=11.53, success=0.00]
Training episodes:  27%|██▋       | 403/1500 [03:55<14:56,  1.22it/s, buffer=80600, ret=11.53, success=0.00]
Training episodes:  27%|██▋       | 403/1500 [03:55<14:56,  1.22it/s, buffer=80800, ret=12.29, success=0.00]
Training episodes:  27%|██▋       | 404/1500 [03:55<14:37,  1.25it/s, buffer=80800, ret=12.29, success=0.00]
Training episodes:  27%|██▋       | 404/1500 [03:56<14:37,  1.25it/s, buffer=81000, ret=12.13, success=0.00]
Training episodes:  27%|██▋       | 405/1500 [03:56<14:18,  1.28it/s, buffer=81000, ret=12.13, success=0.00]
Training episodes:  27%|██▋       | 405/1500 [03:57<14:18,  1.28it/s, buffer=81200, ret=12.70, success=0.00]
Training episodes:  27%|██▋       | 406/1500 [03:57<14:11,  1.28it/s, buffer=81200, ret=12.70, success=0.00]
Training episodes:  27%|██▋       | 406/1500 [03:58<14:11,  1.28it/s, buffer=81400, ret=10.42, success=0.00]
Training episodes:  27%|██▋       | 407/1500 [03:58<14:05,  1.29it/s, buffer=81400, ret=10.42, success=0.00]
Training episodes:  27%|██▋       | 407/1500 [03:58<14:05,  1.29it/s, buffer=81600, ret=12.05, success=0.00]
Training episodes:  27%|██▋       | 408/1500 [03:58<14:00,  1.30it/s, buffer=81600, ret=12.05, success=0.00]
Training episodes:  27%|██▋       | 408/1500 [03:59<14:00,  1.30it/s, buffer=81800, ret=12.12, success=0.00]
Training episodes:  27%|██▋       | 409/1500 [03:59<13:55,  1.31it/s, buffer=81800, ret=12.12, success=0.00]
Training episodes:  27%|██▋       | 409/1500 [04:00<13:55,  1.31it/s, buffer=82000, ret=10.76, success=0.00]
Training episodes:  27%|██▋       | 410/1500 [04:00<13:53,  1.31it/s, buffer=82000, ret=10.76, success=0.00]
Training episodes:  27%|██▋       | 410/1500 [04:01<13:53,  1.31it/s, buffer=82200, ret=10.68, success=0.00]
Training episodes:  27%|██▋       | 411/1500 [04:01<13:50,  1.31it/s, buffer=82200, ret=10.68, success=0.00]
Training episodes:  27%|██▋       | 411/1500 [04:01<13:50,  1.31it/s, buffer=82400, ret=12.61, success=0.00]
Training episodes:  27%|██▋       | 412/1500 [04:01<13:47,  1.31it/s, buffer=82400, ret=12.61, success=0.00]
Training episodes:  27%|██▋       | 412/1500 [04:02<13:47,  1.31it/s, buffer=82600, ret=10.46, success=0.00]
Training episodes:  28%|██▊       | 413/1500 [04:02<13:44,  1.32it/s, buffer=82600, ret=10.46, success=0.00]
Training episodes:  28%|██▊       | 413/1500 [04:03<13:44,  1.32it/s, buffer=82800, ret=13.34, success=0.00]
Training episodes:  28%|██▊       | 414/1500 [04:03<13:40,  1.32it/s, buffer=82800, ret=13.34, success=0.00]
Training episodes:  28%|██▊       | 414/1500 [04:04<13:40,  1.32it/s, buffer=83000, ret=12.25, success=0.00]
Training episodes:  28%|██▊       | 415/1500 [04:04<13:42,  1.32it/s, buffer=83000, ret=12.25, success=0.00]
Training episodes:  28%|██▊       | 415/1500 [04:04<13:42,  1.32it/s, buffer=83200, ret=12.94, success=0.00]
Training episodes:  28%|██▊       | 416/1500 [04:04<13:45,  1.31it/s, buffer=83200, ret=12.94, success=0.00]
Training episodes:  28%|██▊       | 416/1500 [04:05<13:45,  1.31it/s, buffer=83400, ret=12.15, success=0.00]
Training episodes:  28%|██▊       | 417/1500 [04:05<13:41,  1.32it/s, buffer=83400, ret=12.15, success=0.00]
Training episodes:  28%|██▊       | 417/1500 [04:06<13:41,  1.32it/s, buffer=83600, ret=9.60, success=0.00] 
Training episodes:  28%|██▊       | 418/1500 [04:06<13:36,  1.33it/s, buffer=83600, ret=9.60, success=0.00]
Training episodes:  28%|██▊       | 418/1500 [04:07<13:36,  1.33it/s, buffer=83800, ret=11.12, success=0.00]
Training episodes:  28%|██▊       | 419/1500 [04:07<13:32,  1.33it/s, buffer=83800, ret=11.12, success=0.00]
Training episodes:  28%|██▊       | 419/1500 [04:07<13:32,  1.33it/s, buffer=84000, ret=12.72, success=0.00]
Training episodes:  28%|██▊       | 420/1500 [04:07<13:31,  1.33it/s, buffer=84000, ret=12.72, success=0.00]
Training episodes:  28%|██▊       | 420/1500 [04:08<13:31,  1.33it/s, buffer=84200, ret=10.58, success=0.00]
Training episodes:  28%|██▊       | 421/1500 [04:08<13:30,  1.33it/s, buffer=84200, ret=10.58, success=0.00]
Training episodes:  28%|██▊       | 421/1500 [04:09<13:30,  1.33it/s, buffer=84400, ret=10.30, success=0.00]
Training episodes:  28%|██▊       | 422/1500 [04:09<13:31,  1.33it/s, buffer=84400, ret=10.30, success=0.00]
Training episodes:  28%|██▊       | 422/1500 [04:10<13:31,  1.33it/s, buffer=84600, ret=11.94, success=0.00]
Training episodes:  28%|██▊       | 423/1500 [04:10<13:29,  1.33it/s, buffer=84600, ret=11.94, success=0.00]
Training episodes:  28%|██▊       | 423/1500 [04:10<13:29,  1.33it/s, buffer=84800, ret=11.67, success=0.00]
Training episodes:  28%|██▊       | 424/1500 [04:10<13:28,  1.33it/s, buffer=84800, ret=11.67, success=0.00]
Training episodes:  28%|██▊       | 424/1500 [04:11<13:28,  1.33it/s, buffer=85000, ret=12.43, success=0.00]
Training episodes:  28%|██▊       | 425/1500 [04:11<13:28,  1.33it/s, buffer=85000, ret=12.43, success=0.00]
Training episodes:  28%|██▊       | 425/1500 [04:12<13:28,  1.33it/s, buffer=85200, ret=12.97, success=0.00]
Training episodes:  28%|██▊       | 426/1500 [04:12<13:26,  1.33it/s, buffer=85200, ret=12.97, success=0.00]
Training episodes:  28%|██▊       | 426/1500 [04:13<13:26,  1.33it/s, buffer=85400, ret=10.94, success=0.00]
Training episodes:  28%|██▊       | 427/1500 [04:13<13:26,  1.33it/s, buffer=85400, ret=10.94, success=0.00]
Training episodes:  28%|██▊       | 427/1500 [04:13<13:26,  1.33it/s, buffer=85600, ret=11.84, success=0.00]
Training episodes:  29%|██▊       | 428/1500 [04:13<13:25,  1.33it/s, buffer=85600, ret=11.84, success=0.00]
Training episodes:  29%|██▊       | 428/1500 [04:14<13:25,  1.33it/s, buffer=85800, ret=11.00, success=0.00]
Training episodes:  29%|██▊       | 429/1500 [04:14<13:25,  1.33it/s, buffer=85800, ret=11.00, success=0.00]
Training episodes:  29%|██▊       | 429/1500 [04:15<13:25,  1.33it/s, buffer=86000, ret=10.38, success=0.00]
Training episodes:  29%|██▊       | 430/1500 [04:15<13:27,  1.32it/s, buffer=86000, ret=10.38, success=0.00]
Training episodes:  29%|██▊       | 430/1500 [04:16<13:27,  1.32it/s, buffer=86200, ret=9.54, success=0.00] 
Training episodes:  29%|██▊       | 431/1500 [04:16<13:26,  1.33it/s, buffer=86200, ret=9.54, success=0.00]
Training episodes:  29%|██▊       | 431/1500 [04:16<13:26,  1.33it/s, buffer=86400, ret=11.77, success=0.00]
Training episodes:  29%|██▉       | 432/1500 [04:16<13:25,  1.33it/s, buffer=86400, ret=11.77, success=0.00]
Training episodes:  29%|██▉       | 432/1500 [04:17<13:25,  1.33it/s, buffer=86600, ret=10.24, success=0.00]
Training episodes:  29%|██▉       | 433/1500 [04:17<13:24,  1.33it/s, buffer=86600, ret=10.24, success=0.00]
Training episodes:  29%|██▉       | 433/1500 [04:18<13:24,  1.33it/s, buffer=86800, ret=10.05, success=0.00]
Training episodes:  29%|██▉       | 434/1500 [04:18<13:22,  1.33it/s, buffer=86800, ret=10.05, success=0.00]
Training episodes:  29%|██▉       | 434/1500 [04:19<13:22,  1.33it/s, buffer=87000, ret=9.81, success=0.00] 
Training episodes:  29%|██▉       | 435/1500 [04:19<13:19,  1.33it/s, buffer=87000, ret=9.81, success=0.00]
Training episodes:  29%|██▉       | 435/1500 [04:19<13:19,  1.33it/s, buffer=87200, ret=11.66, success=0.00]
Training episodes:  29%|██▉       | 436/1500 [04:19<13:24,  1.32it/s, buffer=87200, ret=11.66, success=0.00]
Training episodes:  29%|██▉       | 436/1500 [04:20<13:24,  1.32it/s, buffer=87400, ret=11.76, success=0.00]
Training episodes:  29%|██▉       | 437/1500 [04:20<13:22,  1.32it/s, buffer=87400, ret=11.76, success=0.00]
Training episodes:  29%|██▉       | 437/1500 [04:21<13:22,  1.32it/s, buffer=87600, ret=12.05, success=0.00]
Training episodes:  29%|██▉       | 438/1500 [04:21<13:26,  1.32it/s, buffer=87600, ret=12.05, success=0.00]
Training episodes:  29%|██▉       | 438/1500 [04:22<13:26,  1.32it/s, buffer=87800, ret=11.80, success=0.00]
Training episodes:  29%|██▉       | 439/1500 [04:22<13:28,  1.31it/s, buffer=87800, ret=11.80, success=0.00]
Training episodes:  29%|██▉       | 439/1500 [04:22<13:28,  1.31it/s, buffer=88000, ret=11.17, success=0.00]
Training episodes:  29%|██▉       | 440/1500 [04:22<13:29,  1.31it/s, buffer=88000, ret=11.17, success=0.00]
Training episodes:  29%|██▉       | 440/1500 [04:23<13:29,  1.31it/s, buffer=88200, ret=10.83, success=0.00]
Training episodes:  29%|██▉       | 441/1500 [04:23<13:28,  1.31it/s, buffer=88200, ret=10.83, success=0.00]
Training episodes:  29%|██▉       | 441/1500 [04:24<13:28,  1.31it/s, buffer=88400, ret=11.71, success=0.00]
Training episodes:  29%|██▉       | 442/1500 [04:24<13:23,  1.32it/s, buffer=88400, ret=11.71, success=0.00]
Training episodes:  29%|██▉       | 442/1500 [04:25<13:23,  1.32it/s, buffer=88600, ret=12.42, success=0.00]
Training episodes:  30%|██▉       | 443/1500 [04:25<13:24,  1.31it/s, buffer=88600, ret=12.42, success=0.00]
Training episodes:  30%|██▉       | 443/1500 [04:26<13:24,  1.31it/s, buffer=88800, ret=11.22, success=0.00]
Training episodes:  30%|██▉       | 444/1500 [04:26<13:21,  1.32it/s, buffer=88800, ret=11.22, success=0.00]
Training episodes:  30%|██▉       | 444/1500 [04:26<13:21,  1.32it/s, buffer=89000, ret=12.92, success=0.00]
Training episodes:  30%|██▉       | 445/1500 [04:26<13:22,  1.31it/s, buffer=89000, ret=12.92, success=0.00]
Training episodes:  30%|██▉       | 445/1500 [04:27<13:22,  1.31it/s, buffer=89200, ret=11.96, success=0.00]
Training episodes:  30%|██▉       | 446/1500 [04:27<13:17,  1.32it/s, buffer=89200, ret=11.96, success=0.00]
Training episodes:  30%|██▉       | 446/1500 [04:28<13:17,  1.32it/s, buffer=89400, ret=10.52, success=0.00]
Training episodes:  30%|██▉       | 447/1500 [04:28<13:16,  1.32it/s, buffer=89400, ret=10.52, success=0.00]
Training episodes:  30%|██▉       | 447/1500 [04:29<13:16,  1.32it/s, buffer=89600, ret=12.22, success=0.00]
Training episodes:  30%|██▉       | 448/1500 [04:29<13:12,  1.33it/s, buffer=89600, ret=12.22, success=0.00]
Training episodes:  30%|██▉       | 448/1500 [04:29<13:12,  1.33it/s, buffer=89800, ret=10.54, success=0.00]
Training episodes:  30%|██▉       | 449/1500 [04:29<13:16,  1.32it/s, buffer=89800, ret=10.54, success=0.00]
Training episodes:  30%|██▉       | 449/1500 [04:30<13:16,  1.32it/s, buffer=9e+4, ret=11.29, success=0.00] wandb: WARNING `fps` argument does not affect the frame rate of the video when providing a file path or raw bytes.

Training episodes:  30%|███       | 450/1500 [04:31<16:37,  1.05it/s, buffer=9e+4, ret=11.29, success=0.00]
Training episodes:  30%|███       | 450/1500 [04:31<16:37,  1.05it/s, buffer=90200, ret=11.92, success=0.00]
Training episodes:  30%|███       | 451/1500 [04:31<15:38,  1.12it/s, buffer=90200, ret=11.92, success=0.00]
Training episodes:  30%|███       | 451/1500 [04:32<15:38,  1.12it/s, buffer=90400, ret=10.32, success=0.00]
Training episodes:  30%|███       | 452/1500 [04:32<14:47,  1.18it/s, buffer=90400, ret=10.32, success=0.00]
Training episodes:  30%|███       | 452/1500 [04:33<14:47,  1.18it/s, buffer=90600, ret=10.53, success=0.00]
Training episodes:  30%|███       | 453/1500 [04:33<14:19,  1.22it/s, buffer=90600, ret=10.53, success=0.00]
Training episodes:  30%|███       | 453/1500 [04:34<14:19,  1.22it/s, buffer=90800, ret=11.02, success=0.00]
Training episodes:  30%|███       | 454/1500 [04:34<14:08,  1.23it/s, buffer=90800, ret=11.02, success=0.00]
Training episodes:  30%|███       | 454/1500 [04:34<14:08,  1.23it/s, buffer=91000, ret=11.08, success=0.00]
Training episodes:  30%|███       | 455/1500 [04:34<13:47,  1.26it/s, buffer=91000, ret=11.08, success=0.00]
Training episodes:  30%|███       | 455/1500 [04:35<13:47,  1.26it/s, buffer=91200, ret=10.20, success=0.00]
Training episodes:  30%|███       | 456/1500 [04:35<13:39,  1.27it/s, buffer=91200, ret=10.20, success=0.00]
Training episodes:  30%|███       | 456/1500 [04:36<13:39,  1.27it/s, buffer=91400, ret=10.44, success=0.00]
Training episodes:  30%|███       | 457/1500 [04:36<13:32,  1.28it/s, buffer=91400, ret=10.44, success=0.00]
Training episodes:  30%|███       | 457/1500 [04:37<13:32,  1.28it/s, buffer=91600, ret=11.19, success=0.00]
Training episodes:  31%|███       | 458/1500 [04:37<13:28,  1.29it/s, buffer=91600, ret=11.19, success=0.00]
Training episodes:  31%|███       | 458/1500 [04:38<13:28,  1.29it/s, buffer=91800, ret=10.63, success=0.00]
Training episodes:  31%|███       | 459/1500 [04:38<13:18,  1.30it/s, buffer=91800, ret=10.63, success=0.00]
Training episodes:  31%|███       | 459/1500 [04:38<13:18,  1.30it/s, buffer=92000, ret=10.70, success=0.00]
Training episodes:  31%|███       | 460/1500 [04:38<13:11,  1.31it/s, buffer=92000, ret=10.70, success=0.00]
Training episodes:  31%|███       | 460/1500 [04:39<13:11,  1.31it/s, buffer=92200, ret=11.41, success=0.00]
Training episodes:  31%|███       | 461/1500 [04:39<13:10,  1.31it/s, buffer=92200, ret=11.41, success=0.00]
Training episodes:  31%|███       | 461/1500 [04:40<13:10,  1.31it/s, buffer=92400, ret=11.30, success=0.00]
Training episodes:  31%|███       | 462/1500 [04:40<13:11,  1.31it/s, buffer=92400, ret=11.30, success=0.00]
Training episodes:  31%|███       | 462/1500 [04:41<13:11,  1.31it/s, buffer=92600, ret=11.11, success=0.00]
Training episodes:  31%|███       | 463/1500 [04:41<13:08,  1.32it/s, buffer=92600, ret=11.11, success=0.00]
Training episodes:  31%|███       | 463/1500 [04:41<13:08,  1.32it/s, buffer=92800, ret=11.18, success=0.00]
Training episodes:  31%|███       | 464/1500 [04:41<13:04,  1.32it/s, buffer=92800, ret=11.18, success=0.00]
Training episodes:  31%|███       | 464/1500 [04:42<13:04,  1.32it/s, buffer=93000, ret=12.75, success=0.00]
Training episodes:  31%|███       | 465/1500 [04:42<13:02,  1.32it/s, buffer=93000, ret=12.75, success=0.00]
Training episodes:  31%|███       | 465/1500 [04:43<13:02,  1.32it/s, buffer=93200, ret=13.02, success=0.00]
Training episodes:  31%|███       | 466/1500 [04:43<12:59,  1.33it/s, buffer=93200, ret=13.02, success=0.00]
Training episodes:  31%|███       | 466/1500 [04:44<12:59,  1.33it/s, buffer=93400, ret=12.43, success=0.00]
Training episodes:  31%|███       | 467/1500 [04:44<13:04,  1.32it/s, buffer=93400, ret=12.43, success=0.00]
Training episodes:  31%|███       | 467/1500 [04:44<13:04,  1.32it/s, buffer=93600, ret=12.16, success=0.00]
Training episodes:  31%|███       | 468/1500 [04:44<13:04,  1.32it/s, buffer=93600, ret=12.16, success=0.00]
Training episodes:  31%|███       | 468/1500 [04:45<13:04,  1.32it/s, buffer=93800, ret=10.71, success=0.00]
Training episodes:  31%|███▏      | 469/1500 [04:45<13:06,  1.31it/s, buffer=93800, ret=10.71, success=0.00]
Training episodes:  31%|███▏      | 469/1500 [04:46<13:06,  1.31it/s, buffer=94000, ret=11.25, success=0.00]
Training episodes:  31%|███▏      | 470/1500 [04:46<13:04,  1.31it/s, buffer=94000, ret=11.25, success=0.00]
Training episodes:  31%|███▏      | 470/1500 [04:47<13:04,  1.31it/s, buffer=94200, ret=11.44, success=0.00]
Training episodes:  31%|███▏      | 471/1500 [04:47<13:03,  1.31it/s, buffer=94200, ret=11.44, success=0.00]
Training episodes:  31%|███▏      | 471/1500 [04:47<13:03,  1.31it/s, buffer=94400, ret=10.65, success=0.00]
Training episodes:  31%|███▏      | 472/1500 [04:47<13:02,  1.31it/s, buffer=94400, ret=10.65, success=0.00]
Training episodes:  31%|███▏      | 472/1500 [04:48<13:02,  1.31it/s, buffer=94600, ret=10.60, success=0.00]
Training episodes:  32%|███▏      | 473/1500 [04:48<12:58,  1.32it/s, buffer=94600, ret=10.60, success=0.00]
Training episodes:  32%|███▏      | 473/1500 [04:49<12:58,  1.32it/s, buffer=94800, ret=11.49, success=0.00]
Training episodes:  32%|███▏      | 474/1500 [04:49<13:00,  1.31it/s, buffer=94800, ret=11.49, success=0.00]
Training episodes:  32%|███▏      | 474/1500 [04:50<13:00,  1.31it/s, buffer=95000, ret=10.65, success=0.00]
Training episodes:  32%|███▏      | 475/1500 [04:50<13:03,  1.31it/s, buffer=95000, ret=10.65, success=0.00]
Training episodes:  32%|███▏      | 475/1500 [04:50<13:03,  1.31it/s, buffer=95200, ret=12.00, success=0.00]
Training episodes:  32%|███▏      | 476/1500 [04:50<13:01,  1.31it/s, buffer=95200, ret=12.00, success=0.00]
Training episodes:  32%|███▏      | 476/1500 [04:51<13:01,  1.31it/s, buffer=95400, ret=13.08, success=0.00]
Training episodes:  32%|███▏      | 477/1500 [04:51<12:55,  1.32it/s, buffer=95400, ret=13.08, success=0.00]
Training episodes:  32%|███▏      | 477/1500 [04:52<12:55,  1.32it/s, buffer=95600, ret=11.96, success=0.00]
Training episodes:  32%|███▏      | 478/1500 [04:52<12:51,  1.33it/s, buffer=95600, ret=11.96, success=0.00]
Training episodes:  32%|███▏      | 478/1500 [04:53<12:51,  1.33it/s, buffer=95800, ret=11.11, success=0.00]
Training episodes:  32%|███▏      | 479/1500 [04:53<12:49,  1.33it/s, buffer=95800, ret=11.11, success=0.00]
Training episodes:  32%|███▏      | 479/1500 [04:53<12:49,  1.33it/s, buffer=96000, ret=11.04, success=0.00]
Training episodes:  32%|███▏      | 480/1500 [04:53<12:52,  1.32it/s, buffer=96000, ret=11.04, success=0.00]
Training episodes:  32%|███▏      | 480/1500 [04:54<12:52,  1.32it/s, buffer=96200, ret=9.76, success=0.00] 
Training episodes:  32%|███▏      | 481/1500 [04:54<12:52,  1.32it/s, buffer=96200, ret=9.76, success=0.00]
Training episodes:  32%|███▏      | 481/1500 [04:55<12:52,  1.32it/s, buffer=96400, ret=10.89, success=0.00]
Training episodes:  32%|███▏      | 482/1500 [04:55<12:51,  1.32it/s, buffer=96400, ret=10.89, success=0.00]
Training episodes:  32%|███▏      | 482/1500 [04:56<12:51,  1.32it/s, buffer=96600, ret=13.08, success=0.00]
Training episodes:  32%|███▏      | 483/1500 [04:56<12:48,  1.32it/s, buffer=96600, ret=13.08, success=0.00]
Training episodes:  32%|███▏      | 483/1500 [04:57<12:48,  1.32it/s, buffer=96800, ret=12.54, success=0.00]
Training episodes:  32%|███▏      | 484/1500 [04:57<12:50,  1.32it/s, buffer=96800, ret=12.54, success=0.00]
Training episodes:  32%|███▏      | 484/1500 [04:57<12:50,  1.32it/s, buffer=97000, ret=11.81, success=0.00]
Training episodes:  32%|███▏      | 485/1500 [04:57<12:49,  1.32it/s, buffer=97000, ret=11.81, success=0.00]
Training episodes:  32%|███▏      | 485/1500 [04:58<12:49,  1.32it/s, buffer=97200, ret=11.63, success=0.00]
Training episodes:  32%|███▏      | 486/1500 [04:58<12:48,  1.32it/s, buffer=97200, ret=11.63, success=0.00]
Training episodes:  32%|███▏      | 486/1500 [04:59<12:48,  1.32it/s, buffer=97400, ret=13.50, success=0.00]
Training episodes:  32%|███▏      | 487/1500 [04:59<12:48,  1.32it/s, buffer=97400, ret=13.50, success=0.00]
Training episodes:  32%|███▏      | 487/1500 [05:00<12:48,  1.32it/s, buffer=97600, ret=11.78, success=0.00]
Training episodes:  33%|███▎      | 488/1500 [05:00<12:50,  1.31it/s, buffer=97600, ret=11.78, success=0.00]
Training episodes:  33%|███▎      | 488/1500 [05:00<12:50,  1.31it/s, buffer=97800, ret=10.00, success=0.00]
Training episodes:  33%|███▎      | 489/1500 [05:00<12:52,  1.31it/s, buffer=97800, ret=10.00, success=0.00]
Training episodes:  33%|███▎      | 489/1500 [05:01<12:52,  1.31it/s, buffer=98000, ret=11.76, success=0.00]
Training episodes:  33%|███▎      | 490/1500 [05:01<12:52,  1.31it/s, buffer=98000, ret=11.76, success=0.00]
Training episodes:  33%|███▎      | 490/1500 [05:02<12:52,  1.31it/s, buffer=98200, ret=9.61, success=0.00] 
Training episodes:  33%|███▎      | 491/1500 [05:02<12:55,  1.30it/s, buffer=98200, ret=9.61, success=0.00]
Training episodes:  33%|███▎      | 491/1500 [05:03<12:55,  1.30it/s, buffer=98400, ret=10.50, success=0.00]
Training episodes:  33%|███▎      | 492/1500 [05:03<12:49,  1.31it/s, buffer=98400, ret=10.50, success=0.00]
Training episodes:  33%|███▎      | 492/1500 [05:03<12:49,  1.31it/s, buffer=98600, ret=11.45, success=0.00]
Training episodes:  33%|███▎      | 493/1500 [05:03<12:47,  1.31it/s, buffer=98600, ret=11.45, success=0.00]
Training episodes:  33%|███▎      | 493/1500 [05:04<12:47,  1.31it/s, buffer=98800, ret=13.26, success=0.00]
Training episodes:  33%|███▎      | 494/1500 [05:04<12:46,  1.31it/s, buffer=98800, ret=13.26, success=0.00]
Training episodes:  33%|███▎      | 494/1500 [05:05<12:46,  1.31it/s, buffer=99000, ret=11.47, success=0.00]
Training episodes:  33%|███▎      | 495/1500 [05:05<12:48,  1.31it/s, buffer=99000, ret=11.47, success=0.00]
Training episodes:  33%|███▎      | 495/1500 [05:06<12:48,  1.31it/s, buffer=99200, ret=12.19, success=0.00]
Training episodes:  33%|███▎      | 496/1500 [05:06<12:42,  1.32it/s, buffer=99200, ret=12.19, success=0.00]
Training episodes:  33%|███▎      | 496/1500 [05:06<12:42,  1.32it/s, buffer=99400, ret=9.99, success=0.00] 
Training episodes:  33%|███▎      | 497/1500 [05:06<12:46,  1.31it/s, buffer=99400, ret=9.99, success=0.00]
Training episodes:  33%|███▎      | 497/1500 [05:07<12:46,  1.31it/s, buffer=99600, ret=9.76, success=0.00]
Training episodes:  33%|███▎      | 498/1500 [05:07<12:43,  1.31it/s, buffer=99600, ret=9.76, success=0.00]
Training episodes:  33%|███▎      | 498/1500 [05:08<12:43,  1.31it/s, buffer=99800, ret=10.80, success=0.00]
Training episodes:  33%|███▎      | 499/1500 [05:08<12:40,  1.32it/s, buffer=99800, ret=10.80, success=0.00]
Training episodes:  33%|███▎      | 499/1500 [05:09<12:40,  1.32it/s, buffer=1e+5, ret=10.90, success=0.00] wandb: WARNING `fps` argument does not affect the frame rate of the video when providing a file path or raw bytes.

Training episodes:  33%|███▎      | 500/1500 [05:09<15:41,  1.06it/s, buffer=1e+5, ret=10.90, success=0.00]
Training episodes:  33%|███▎      | 500/1500 [05:10<15:41,  1.06it/s, buffer=1e+5, ret=13.21, success=0.00]
Training episodes:  33%|███▎      | 501/1500 [05:10<14:50,  1.12it/s, buffer=1e+5, ret=13.21, success=0.00]
Training episodes:  33%|███▎      | 501/1500 [05:11<14:50,  1.12it/s, buffer=1e+5, ret=12.31, success=0.00]
Training episodes:  33%|███▎      | 502/1500 [05:11<14:07,  1.18it/s, buffer=1e+5, ret=12.31, success=0.00]
Training episodes:  33%|███▎      | 502/1500 [05:12<14:07,  1.18it/s, buffer=100600, ret=11.11, success=0.00]
Training episodes:  34%|███▎      | 503/1500 [05:12<13:39,  1.22it/s, buffer=100600, ret=11.11, success=0.00]
Training episodes:  34%|███▎      | 503/1500 [05:12<13:39,  1.22it/s, buffer=100800, ret=10.28, success=0.00]
Training episodes:  34%|███▎      | 504/1500 [05:12<13:21,  1.24it/s, buffer=100800, ret=10.28, success=0.00]
Training episodes:  34%|███▎      | 504/1500 [05:13<13:21,  1.24it/s, buffer=101000, ret=10.67, success=0.00]
Training episodes:  34%|███▎      | 505/1500 [05:13<13:07,  1.26it/s, buffer=101000, ret=10.67, success=0.00]
Training episodes:  34%|███▎      | 505/1500 [05:14<13:07,  1.26it/s, buffer=101200, ret=11.25, success=0.00]
Training episodes:  34%|███▎      | 506/1500 [05:14<12:57,  1.28it/s, buffer=101200, ret=11.25, success=0.00]
Training episodes:  34%|███▎      | 506/1500 [05:15<12:57,  1.28it/s, buffer=101400, ret=11.54, success=0.00]
Training episodes:  34%|███▍      | 507/1500 [05:15<12:52,  1.29it/s, buffer=101400, ret=11.54, success=0.00]
Training episodes:  34%|███▍      | 507/1500 [05:15<12:52,  1.29it/s, buffer=101600, ret=10.60, success=0.00]
Training episodes:  34%|███▍      | 508/1500 [05:15<12:49,  1.29it/s, buffer=101600, ret=10.60, success=0.00]
Training episodes:  34%|███▍      | 508/1500 [05:16<12:49,  1.29it/s, buffer=101800, ret=9.60, success=0.00] 
Training episodes:  34%|███▍      | 509/1500 [05:16<12:45,  1.30it/s, buffer=101800, ret=9.60, success=0.00]
Training episodes:  34%|███▍      | 509/1500 [05:17<12:45,  1.30it/s, buffer=102000, ret=11.32, success=0.00]
Training episodes:  34%|███▍      | 510/1500 [05:17<12:44,  1.29it/s, buffer=102000, ret=11.32, success=0.00]
Training episodes:  34%|███▍      | 510/1500 [05:18<12:44,  1.29it/s, buffer=102200, ret=9.98, success=0.00] 
Training episodes:  34%|███▍      | 511/1500 [05:18<12:41,  1.30it/s, buffer=102200, ret=9.98, success=0.00]
Training episodes:  34%|███▍      | 511/1500 [05:18<12:41,  1.30it/s, buffer=102400, ret=11.69, success=0.00]
Training episodes:  34%|███▍      | 512/1500 [05:18<12:36,  1.31it/s, buffer=102400, ret=11.69, success=0.00]
Training episodes:  34%|███▍      | 512/1500 [05:19<12:36,  1.31it/s, buffer=102600, ret=12.39, success=0.00]
Training episodes:  34%|███▍      | 513/1500 [05:19<12:37,  1.30it/s, buffer=102600, ret=12.39, success=0.00]
Training episodes:  34%|███▍      | 513/1500 [05:20<12:37,  1.30it/s, buffer=102800, ret=12.01, success=0.00]
Training episodes:  34%|███▍      | 514/1500 [05:20<12:37,  1.30it/s, buffer=102800, ret=12.01, success=0.00]
Training episodes:  34%|███▍      | 514/1500 [05:21<12:37,  1.30it/s, buffer=103000, ret=11.40, success=0.00]
Training episodes:  34%|███▍      | 515/1500 [05:21<12:34,  1.31it/s, buffer=103000, ret=11.40, success=0.00]
Training episodes:  34%|███▍      | 515/1500 [05:22<12:34,  1.31it/s, buffer=103200, ret=11.66, success=0.00]
Training episodes:  34%|███▍      | 516/1500 [05:22<12:34,  1.30it/s, buffer=103200, ret=11.66, success=0.00]
Training episodes:  34%|███▍      | 516/1500 [05:22<12:34,  1.30it/s, buffer=103400, ret=11.39, success=0.00]
Training episodes:  34%|███▍      | 517/1500 [05:22<12:32,  1.31it/s, buffer=103400, ret=11.39, success=0.00]
Training episodes:  34%|███▍      | 517/1500 [05:23<12:32,  1.31it/s, buffer=103600, ret=12.32, success=0.00]
Training episodes:  35%|███▍      | 518/1500 [05:23<12:26,  1.32it/s, buffer=103600, ret=12.32, success=0.00]
Training episodes:  35%|███▍      | 518/1500 [05:24<12:26,  1.32it/s, buffer=103800, ret=11.25, success=0.00]
Training episodes:  35%|███▍      | 519/1500 [05:24<12:27,  1.31it/s, buffer=103800, ret=11.25, success=0.00]
Training episodes:  35%|███▍      | 519/1500 [05:25<12:27,  1.31it/s, buffer=104000, ret=11.08, success=0.00]
Training episodes:  35%|███▍      | 520/1500 [05:25<12:28,  1.31it/s, buffer=104000, ret=11.08, success=0.00]
Training episodes:  35%|███▍      | 520/1500 [05:25<12:28,  1.31it/s, buffer=104200, ret=10.94, success=0.00]
Training episodes:  35%|███▍      | 521/1500 [05:25<12:28,  1.31it/s, buffer=104200, ret=10.94, success=0.00]
Training episodes:  35%|███▍      | 521/1500 [05:26<12:28,  1.31it/s, buffer=104400, ret=10.58, success=0.00]
Training episodes:  35%|███▍      | 522/1500 [05:26<12:30,  1.30it/s, buffer=104400, ret=10.58, success=0.00]
Training episodes:  35%|███▍      | 522/1500 [05:27<12:30,  1.30it/s, buffer=104600, ret=10.82, success=0.00]
Training episodes:  35%|███▍      | 523/1500 [05:27<12:22,  1.32it/s, buffer=104600, ret=10.82, success=0.00]
Training episodes:  35%|███▍      | 523/1500 [05:28<12:22,  1.32it/s, buffer=104800, ret=11.81, success=0.00]
Training episodes:  35%|███▍      | 524/1500 [05:28<12:21,  1.32it/s, buffer=104800, ret=11.81, success=0.00]
Training episodes:  35%|███▍      | 524/1500 [05:28<12:21,  1.32it/s, buffer=105000, ret=9.61, success=0.00] 
Training episodes:  35%|███▌      | 525/1500 [05:28<12:21,  1.31it/s, buffer=105000, ret=9.61, success=0.00]
Training episodes:  35%|███▌      | 525/1500 [05:29<12:21,  1.31it/s, buffer=105200, ret=11.00, success=0.00]
Training episodes:  35%|███▌      | 526/1500 [05:29<12:27,  1.30it/s, buffer=105200, ret=11.00, success=0.00]
Training episodes:  35%|███▌      | 526/1500 [05:30<12:27,  1.30it/s, buffer=105400, ret=10.35, success=0.00]
Training episodes:  35%|███▌      | 527/1500 [05:30<12:26,  1.30it/s, buffer=105400, ret=10.35, success=0.00]
Training episodes:  35%|███▌      | 527/1500 [05:31<12:26,  1.30it/s, buffer=105600, ret=10.86, success=0.00]
Training episodes:  35%|███▌      | 528/1500 [05:31<12:21,  1.31it/s, buffer=105600, ret=10.86, success=0.00]
Training episodes:  35%|███▌      | 528/1500 [05:31<12:21,  1.31it/s, buffer=105800, ret=10.55, success=0.00]
Training episodes:  35%|███▌      | 529/1500 [05:31<12:17,  1.32it/s, buffer=105800, ret=10.55, success=0.00]
Training episodes:  35%|███▌      | 529/1500 [05:32<12:17,  1.32it/s, buffer=106000, ret=10.61, success=0.00]
Training episodes:  35%|███▌      | 530/1500 [05:32<12:15,  1.32it/s, buffer=106000, ret=10.61, success=0.00]
Training episodes:  35%|███▌      | 530/1500 [05:33<12:15,  1.32it/s, buffer=106200, ret=11.33, success=0.00]
Training episodes:  35%|███▌      | 531/1500 [05:33<12:17,  1.31it/s, buffer=106200, ret=11.33, success=0.00]
Training episodes:  35%|███▌      | 531/1500 [05:34<12:17,  1.31it/s, buffer=106400, ret=9.64, success=0.00] 
Training episodes:  35%|███▌      | 532/1500 [05:34<12:23,  1.30it/s, buffer=106400, ret=9.64, success=0.00]
Training episodes:  35%|███▌      | 532/1500 [05:34<12:23,  1.30it/s, buffer=106600, ret=12.49, success=0.00]
Training episodes:  36%|███▌      | 533/1500 [05:34<12:17,  1.31it/s, buffer=106600, ret=12.49, success=0.00]
Training episodes:  36%|███▌      | 533/1500 [05:35<12:17,  1.31it/s, buffer=106800, ret=11.43, success=0.00]
Training episodes:  36%|███▌      | 534/1500 [05:35<12:18,  1.31it/s, buffer=106800, ret=11.43, success=0.00]
Training episodes:  36%|███▌      | 534/1500 [05:36<12:18,  1.31it/s, buffer=107000, ret=10.58, success=0.00]
Training episodes:  36%|███▌      | 535/1500 [05:36<12:15,  1.31it/s, buffer=107000, ret=10.58, success=0.00]
Training episodes:  36%|███▌      | 535/1500 [05:37<12:15,  1.31it/s, buffer=107200, ret=11.62, success=0.00]
Training episodes:  36%|███▌      | 536/1500 [05:37<12:12,  1.32it/s, buffer=107200, ret=11.62, success=0.00]
Training episodes:  36%|███▌      | 536/1500 [05:38<12:12,  1.32it/s, buffer=107400, ret=11.06, success=0.00]
Training episodes:  36%|███▌      | 537/1500 [05:38<12:06,  1.33it/s, buffer=107400, ret=11.06, success=0.00]
Training episodes:  36%|███▌      | 537/1500 [05:38<12:06,  1.33it/s, buffer=107600, ret=11.50, success=0.00]
Training episodes:  36%|███▌      | 538/1500 [05:38<12:06,  1.32it/s, buffer=107600, ret=11.50, success=0.00]
Training episodes:  36%|███▌      | 538/1500 [05:39<12:06,  1.32it/s, buffer=107800, ret=11.54, success=0.00]
Training episodes:  36%|███▌      | 539/1500 [05:39<12:04,  1.33it/s, buffer=107800, ret=11.54, success=0.00]
Training episodes:  36%|███▌      | 539/1500 [05:40<12:04,  1.33it/s, buffer=108000, ret=10.82, success=0.00]
Training episodes:  36%|███▌      | 540/1500 [05:40<11:58,  1.34it/s, buffer=108000, ret=10.82, success=0.00]
Training episodes:  36%|███▌      | 540/1500 [05:41<11:58,  1.34it/s, buffer=108200, ret=10.83, success=0.00]
Training episodes:  36%|███▌      | 541/1500 [05:41<11:55,  1.34it/s, buffer=108200, ret=10.83, success=0.00]
Training episodes:  36%|███▌      | 541/1500 [05:41<11:55,  1.34it/s, buffer=108400, ret=11.80, success=0.00]
Training episodes:  36%|███▌      | 542/1500 [05:41<11:53,  1.34it/s, buffer=108400, ret=11.80, success=0.00]
Training episodes:  36%|███▌      | 542/1500 [05:42<11:53,  1.34it/s, buffer=108600, ret=10.27, success=0.00]
Training episodes:  36%|███▌      | 543/1500 [05:42<11:45,  1.36it/s, buffer=108600, ret=10.27, success=0.00]
Training episodes:  36%|███▌      | 543/1500 [05:43<11:45,  1.36it/s, buffer=108800, ret=11.36, success=0.00]
Training episodes:  36%|███▋      | 544/1500 [05:43<11:40,  1.36it/s, buffer=108800, ret=11.36, success=0.00]
Training episodes:  36%|███▋      | 544/1500 [05:43<11:40,  1.36it/s, buffer=109000, ret=13.52, success=0.00]
Training episodes:  36%|███▋      | 545/1500 [05:43<11:41,  1.36it/s, buffer=109000, ret=13.52, success=0.00]
Training episodes:  36%|███▋      | 545/1500 [05:44<11:41,  1.36it/s, buffer=109200, ret=10.28, success=0.00]
Training episodes:  36%|███▋      | 546/1500 [05:44<11:45,  1.35it/s, buffer=109200, ret=10.28, success=0.00]
Training episodes:  36%|███▋      | 546/1500 [05:45<11:45,  1.35it/s, buffer=109400, ret=12.48, success=0.00]
Training episodes:  36%|███▋      | 547/1500 [05:45<11:40,  1.36it/s, buffer=109400, ret=12.48, success=0.00]
Training episodes:  36%|███▋      | 547/1500 [05:46<11:40,  1.36it/s, buffer=109600, ret=9.62, success=0.00] 
Training episodes:  37%|███▋      | 548/1500 [05:46<11:43,  1.35it/s, buffer=109600, ret=9.62, success=0.00]
Training episodes:  37%|███▋      | 548/1500 [05:46<11:43,  1.35it/s, buffer=109800, ret=11.05, success=0.00]
Training episodes:  37%|███▋      | 549/1500 [05:46<11:43,  1.35it/s, buffer=109800, ret=11.05, success=0.00]
Training episodes:  37%|███▋      | 549/1500 [05:47<11:43,  1.35it/s, buffer=110000, ret=13.21, success=0.00]wandb: WARNING `fps` argument does not affect the frame rate of the video when providing a file path or raw bytes.

Training episodes:  37%|███▋      | 550/1500 [05:48<14:50,  1.07it/s, buffer=110000, ret=13.21, success=0.00]
Training episodes:  37%|███▋      | 550/1500 [05:49<14:50,  1.07it/s, buffer=110200, ret=11.67, success=0.00]
Training episodes:  37%|███▋      | 551/1500 [05:49<13:59,  1.13it/s, buffer=110200, ret=11.67, success=0.00]
Training episodes:  37%|███▋      | 551/1500 [05:49<13:59,  1.13it/s, buffer=110400, ret=10.26, success=0.00]
Training episodes:  37%|███▋      | 552/1500 [05:49<13:20,  1.18it/s, buffer=110400, ret=10.26, success=0.00]
Training episodes:  37%|███▋      | 552/1500 [05:50<13:20,  1.18it/s, buffer=110600, ret=12.08, success=0.00]
Training episodes:  37%|███▋      | 553/1500 [05:50<12:45,  1.24it/s, buffer=110600, ret=12.08, success=0.00]
Training episodes:  37%|███▋      | 553/1500 [05:51<12:45,  1.24it/s, buffer=110800, ret=12.89, success=0.00]
Training episodes:  37%|███▋      | 554/1500 [05:51<12:25,  1.27it/s, buffer=110800, ret=12.89, success=0.00]
Training episodes:  37%|███▋      | 554/1500 [05:52<12:25,  1.27it/s, buffer=111000, ret=11.79, success=0.00]
Training episodes:  37%|███▋      | 555/1500 [05:52<12:11,  1.29it/s, buffer=111000, ret=11.79, success=0.00]
Training episodes:  37%|███▋      | 555/1500 [05:52<12:11,  1.29it/s, buffer=111200, ret=11.44, success=0.00]
Training episodes:  37%|███▋      | 556/1500 [05:52<11:59,  1.31it/s, buffer=111200, ret=11.44, success=0.00]
Training episodes:  37%|███▋      | 556/1500 [05:53<11:59,  1.31it/s, buffer=111400, ret=11.45, success=0.00]
Training episodes:  37%|███▋      | 557/1500 [05:53<11:48,  1.33it/s, buffer=111400, ret=11.45, success=0.00]
Training episodes:  37%|███▋      | 557/1500 [05:54<11:48,  1.33it/s, buffer=111600, ret=11.84, success=0.00]
Training episodes:  37%|███▋      | 558/1500 [05:54<11:41,  1.34it/s, buffer=111600, ret=11.84, success=0.00]
Training episodes:  37%|███▋      | 558/1500 [05:54<11:41,  1.34it/s, buffer=111800, ret=10.75, success=0.00]
Training episodes:  37%|███▋      | 559/1500 [05:54<11:37,  1.35it/s, buffer=111800, ret=10.75, success=0.00]
Training episodes:  37%|███▋      | 559/1500 [05:55<11:37,  1.35it/s, buffer=112000, ret=10.58, success=0.00]
Training episodes:  37%|███▋      | 560/1500 [05:55<11:31,  1.36it/s, buffer=112000, ret=10.58, success=0.00]
Training episodes:  37%|███▋      | 560/1500 [05:56<11:31,  1.36it/s, buffer=112200, ret=10.29, success=0.00]
Training episodes:  37%|███▋      | 561/1500 [05:56<11:34,  1.35it/s, buffer=112200, ret=10.29, success=0.00]
Training episodes:  37%|███▋      | 561/1500 [05:57<11:34,  1.35it/s, buffer=112400, ret=10.42, success=0.00]
Training episodes:  37%|███▋      | 562/1500 [05:57<11:30,  1.36it/s, buffer=112400, ret=10.42, success=0.00]
Training episodes:  37%|███▋      | 562/1500 [05:57<11:30,  1.36it/s, buffer=112600, ret=11.50, success=0.00]
Training episodes:  38%|███▊      | 563/1500 [05:57<11:34,  1.35it/s, buffer=112600, ret=11.50, success=0.00]
Training episodes:  38%|███▊      | 563/1500 [05:58<11:34,  1.35it/s, buffer=112800, ret=12.22, success=0.00]
Training episodes:  38%|███▊      | 564/1500 [05:58<11:35,  1.35it/s, buffer=112800, ret=12.22, success=0.00]
Training episodes:  38%|███▊      | 564/1500 [05:59<11:35,  1.35it/s, buffer=113000, ret=13.68, success=0.00]
Training episodes:  38%|███▊      | 565/1500 [05:59<11:41,  1.33it/s, buffer=113000, ret=13.68, success=0.00]
Training episodes:  38%|███▊      | 565/1500 [06:00<11:41,  1.33it/s, buffer=113200, ret=10.31, success=0.00]
Training episodes:  38%|███▊      | 566/1500 [06:00<11:41,  1.33it/s, buffer=113200, ret=10.31, success=0.00]
Training episodes:  38%|███▊      | 566/1500 [06:00<11:41,  1.33it/s, buffer=113400, ret=12.19, success=0.00]
Training episodes:  38%|███▊      | 567/1500 [06:00<11:43,  1.33it/s, buffer=113400, ret=12.19, success=0.00]
Training episodes:  38%|███▊      | 567/1500 [06:01<11:43,  1.33it/s, buffer=113600, ret=13.34, success=0.00]
Training episodes:  38%|███▊      | 568/1500 [06:01<11:45,  1.32it/s, buffer=113600, ret=13.34, success=0.00]
Training episodes:  38%|███▊      | 568/1500 [06:02<11:45,  1.32it/s, buffer=113800, ret=10.29, success=0.00]
Training episodes:  38%|███▊      | 569/1500 [06:02<11:45,  1.32it/s, buffer=113800, ret=10.29, success=0.00]
Training episodes:  38%|███▊      | 569/1500 [06:03<11:45,  1.32it/s, buffer=114000, ret=10.13, success=0.00]
Training episodes:  38%|███▊      | 570/1500 [06:03<11:41,  1.33it/s, buffer=114000, ret=10.13, success=0.00]
Training episodes:  38%|███▊      | 570/1500 [06:03<11:41,  1.33it/s, buffer=114200, ret=9.74, success=0.00] 
Training episodes:  38%|███▊      | 571/1500 [06:03<11:46,  1.31it/s, buffer=114200, ret=9.74, success=0.00]
Training episodes:  38%|███▊      | 571/1500 [06:04<11:46,  1.31it/s, buffer=114400, ret=10.32, success=0.00]
Training episodes:  38%|███▊      | 572/1500 [06:04<11:42,  1.32it/s, buffer=114400, ret=10.32, success=0.00]
Training episodes:  38%|███▊      | 572/1500 [06:05<11:42,  1.32it/s, buffer=114600, ret=11.65, success=0.00]
Training episodes:  38%|███▊      | 573/1500 [06:05<11:34,  1.33it/s, buffer=114600, ret=11.65, success=0.00]
Training episodes:  38%|███▊      | 573/1500 [06:06<11:34,  1.33it/s, buffer=114800, ret=9.68, success=0.00] 
Training episodes:  38%|███▊      | 574/1500 [06:06<11:28,  1.35it/s, buffer=114800, ret=9.68, success=0.00]
Training episodes:  38%|███▊      | 574/1500 [06:06<11:28,  1.35it/s, buffer=115000, ret=12.06, success=0.00]
Training episodes:  38%|███▊      | 575/1500 [06:06<11:30,  1.34it/s, buffer=115000, ret=12.06, success=0.00]
Training episodes:  38%|███▊      | 575/1500 [06:07<11:30,  1.34it/s, buffer=115200, ret=10.97, success=0.00]
Training episodes:  38%|███▊      | 576/1500 [06:07<11:24,  1.35it/s, buffer=115200, ret=10.97, success=0.00]
Training episodes:  38%|███▊      | 576/1500 [06:08<11:24,  1.35it/s, buffer=115400, ret=13.41, success=0.00]
Training episodes:  38%|███▊      | 577/1500 [06:08<11:27,  1.34it/s, buffer=115400, ret=13.41, success=0.00]
Training episodes:  38%|███▊      | 577/1500 [06:09<11:27,  1.34it/s, buffer=115600, ret=10.84, success=0.00]
Training episodes:  39%|███▊      | 578/1500 [06:09<11:25,  1.35it/s, buffer=115600, ret=10.84, success=0.00]
Training episodes:  39%|███▊      | 578/1500 [06:09<11:25,  1.35it/s, buffer=115800, ret=11.27, success=0.00]
Training episodes:  39%|███▊      | 579/1500 [06:09<11:30,  1.33it/s, buffer=115800, ret=11.27, success=0.00]
Training episodes:  39%|███▊      | 579/1500 [06:10<11:30,  1.33it/s, buffer=116000, ret=10.87, success=0.00]
Training episodes:  39%|███▊      | 580/1500 [06:10<11:25,  1.34it/s, buffer=116000, ret=10.87, success=0.00]
Training episodes:  39%|███▊      | 580/1500 [06:11<11:25,  1.34it/s, buffer=116200, ret=13.46, success=0.00]
Training episodes:  39%|███▊      | 581/1500 [06:11<11:26,  1.34it/s, buffer=116200, ret=13.46, success=0.00]
Training episodes:  39%|███▊      | 581/1500 [06:12<11:26,  1.34it/s, buffer=116400, ret=11.56, success=0.00]
Training episodes:  39%|███▉      | 582/1500 [06:12<11:16,  1.36it/s, buffer=116400, ret=11.56, success=0.00]
Training episodes:  39%|███▉      | 582/1500 [06:12<11:16,  1.36it/s, buffer=116600, ret=10.01, success=0.00]
Training episodes:  39%|███▉      | 583/1500 [06:12<11:12,  1.36it/s, buffer=116600, ret=10.01, success=0.00]
Training episodes:  39%|███▉      | 583/1500 [06:13<11:12,  1.36it/s, buffer=116800, ret=11.76, success=0.00]
Training episodes:  39%|███▉      | 584/1500 [06:13<11:17,  1.35it/s, buffer=116800, ret=11.76, success=0.00]
Training episodes:  39%|███▉      | 584/1500 [06:14<11:17,  1.35it/s, buffer=117000, ret=10.50, success=0.00]
Training episodes:  39%|███▉      | 585/1500 [06:14<11:22,  1.34it/s, buffer=117000, ret=10.50, success=0.00]
Training episodes:  39%|███▉      | 585/1500 [06:15<11:22,  1.34it/s, buffer=117200, ret=9.62, success=0.00] 
Training episodes:  39%|███▉      | 586/1500 [06:15<11:25,  1.33it/s, buffer=117200, ret=9.62, success=0.00]
Training episodes:  39%|███▉      | 586/1500 [06:15<11:25,  1.33it/s, buffer=117400, ret=9.48, success=0.00]
Training episodes:  39%|███▉      | 587/1500 [06:15<11:28,  1.33it/s, buffer=117400, ret=9.48, success=0.00]
Training episodes:  39%|███▉      | 587/1500 [06:16<11:28,  1.33it/s, buffer=117600, ret=10.91, success=0.00]
Training episodes:  39%|███▉      | 588/1500 [06:16<11:32,  1.32it/s, buffer=117600, ret=10.91, success=0.00]
Training episodes:  39%|███▉      | 588/1500 [06:17<11:32,  1.32it/s, buffer=117800, ret=11.99, success=0.00]
Training episodes:  39%|███▉      | 589/1500 [06:17<11:24,  1.33it/s, buffer=117800, ret=11.99, success=0.00]
Training episodes:  39%|███▉      | 589/1500 [06:18<11:24,  1.33it/s, buffer=118000, ret=9.48, success=0.00] 
Training episodes:  39%|███▉      | 590/1500 [06:18<11:17,  1.34it/s, buffer=118000, ret=9.48, success=0.00]
Training episodes:  39%|███▉      | 590/1500 [06:18<11:17,  1.34it/s, buffer=118200, ret=12.01, success=0.00]
Training episodes:  39%|███▉      | 591/1500 [06:18<11:20,  1.33it/s, buffer=118200, ret=12.01, success=0.00]
Training episodes:  39%|███▉      | 591/1500 [06:19<11:20,  1.33it/s, buffer=118400, ret=11.72, success=0.00]
Training episodes:  39%|███▉      | 592/1500 [06:19<11:19,  1.34it/s, buffer=118400, ret=11.72, success=0.00]
Training episodes:  39%|███▉      | 592/1500 [06:20<11:19,  1.34it/s, buffer=118600, ret=11.29, success=0.00]
Training episodes:  40%|███▉      | 593/1500 [06:20<11:19,  1.33it/s, buffer=118600, ret=11.29, success=0.00]
Training episodes:  40%|███▉      | 593/1500 [06:21<11:19,  1.33it/s, buffer=118800, ret=11.18, success=0.00]
Training episodes:  40%|███▉      | 594/1500 [06:21<11:20,  1.33it/s, buffer=118800, ret=11.18, success=0.00]
Training episodes:  40%|███▉      | 594/1500 [06:21<11:20,  1.33it/s, buffer=119000, ret=11.45, success=0.00]
Training episodes:  40%|███▉      | 595/1500 [06:21<11:21,  1.33it/s, buffer=119000, ret=11.45, success=0.00]
Training episodes:  40%|███▉      | 595/1500 [06:22<11:21,  1.33it/s, buffer=119200, ret=12.89, success=0.00]
Training episodes:  40%|███▉      | 596/1500 [06:22<11:18,  1.33it/s, buffer=119200, ret=12.89, success=0.00]
Training episodes:  40%|███▉      | 596/1500 [06:23<11:18,  1.33it/s, buffer=119400, ret=9.75, success=0.00] 
Training episodes:  40%|███▉      | 597/1500 [06:23<11:12,  1.34it/s, buffer=119400, ret=9.75, success=0.00]
Training episodes:  40%|███▉      | 597/1500 [06:24<11:12,  1.34it/s, buffer=119600, ret=9.23, success=0.00]
Training episodes:  40%|███▉      | 598/1500 [06:24<11:05,  1.36it/s, buffer=119600, ret=9.23, success=0.00]
Training episodes:  40%|███▉      | 598/1500 [06:24<11:05,  1.36it/s, buffer=119800, ret=10.39, success=0.00]
Training episodes:  40%|███▉      | 599/1500 [06:24<11:05,  1.35it/s, buffer=119800, ret=10.39, success=0.00]
Training episodes:  40%|███▉      | 599/1500 [06:25<11:05,  1.35it/s, buffer=120000, ret=11.42, success=0.00]wandb: WARNING `fps` argument does not affect the frame rate of the video when providing a file path or raw bytes.

Training episodes:  40%|████      | 600/1500 [06:26<13:58,  1.07it/s, buffer=120000, ret=11.42, success=0.00]
Training episodes:  40%|████      | 600/1500 [06:26<13:58,  1.07it/s, buffer=120200, ret=10.99, success=0.00]
Training episodes:  40%|████      | 601/1500 [06:26<13:03,  1.15it/s, buffer=120200, ret=10.99, success=0.00]
Training episodes:  40%|████      | 601/1500 [06:27<13:03,  1.15it/s, buffer=120400, ret=11.65, success=0.00]
Training episodes:  40%|████      | 602/1500 [06:27<12:25,  1.20it/s, buffer=120400, ret=11.65, success=0.00]
Training episodes:  40%|████      | 602/1500 [06:28<12:25,  1.20it/s, buffer=120600, ret=12.21, success=0.00]
Training episodes:  40%|████      | 603/1500 [06:28<12:01,  1.24it/s, buffer=120600, ret=12.21, success=0.00]
Training episodes:  40%|████      | 603/1500 [06:29<12:01,  1.24it/s, buffer=120800, ret=10.62, success=0.00]
Training episodes:  40%|████      | 604/1500 [06:29<11:46,  1.27it/s, buffer=120800, ret=10.62, success=0.00]
Training episodes:  40%|████      | 604/1500 [06:29<11:46,  1.27it/s, buffer=121000, ret=11.17, success=0.00]
Training episodes:  40%|████      | 605/1500 [06:29<11:40,  1.28it/s, buffer=121000, ret=11.17, success=0.00]
Training episodes:  40%|████      | 605/1500 [06:30<11:40,  1.28it/s, buffer=121200, ret=11.51, success=0.00]
Training episodes:  40%|████      | 606/1500 [06:30<11:33,  1.29it/s, buffer=121200, ret=11.51, success=0.00]
Training episodes:  40%|████      | 606/1500 [06:31<11:33,  1.29it/s, buffer=121400, ret=11.65, success=0.00]
Training episodes:  40%|████      | 607/1500 [06:31<11:27,  1.30it/s, buffer=121400, ret=11.65, success=0.00]
Training episodes:  40%|████      | 607/1500 [06:32<11:27,  1.30it/s, buffer=121600, ret=10.05, success=0.00]
Training episodes:  41%|████      | 608/1500 [06:32<11:23,  1.30it/s, buffer=121600, ret=10.05, success=0.00]
Training episodes:  41%|████      | 608/1500 [06:32<11:23,  1.30it/s, buffer=121800, ret=11.31, success=0.00]
Training episodes:  41%|████      | 609/1500 [06:32<11:26,  1.30it/s, buffer=121800, ret=11.31, success=0.00]
Training episodes:  41%|████      | 609/1500 [06:33<11:26,  1.30it/s, buffer=122000, ret=10.25, success=0.00]
Training episodes:  41%|████      | 610/1500 [06:33<11:23,  1.30it/s, buffer=122000, ret=10.25, success=0.00]
Training episodes:  41%|████      | 610/1500 [06:34<11:23,  1.30it/s, buffer=122200, ret=11.70, success=0.00]
Training episodes:  41%|████      | 611/1500 [06:34<11:22,  1.30it/s, buffer=122200, ret=11.70, success=0.00]
Training episodes:  41%|████      | 611/1500 [06:35<11:22,  1.30it/s, buffer=122400, ret=11.16, success=0.00]
Training episodes:  41%|████      | 612/1500 [06:35<11:22,  1.30it/s, buffer=122400, ret=11.16, success=0.00]
Training episodes:  41%|████      | 612/1500 [06:36<11:22,  1.30it/s, buffer=122600, ret=12.11, success=0.00]
Training episodes:  41%|████      | 613/1500 [06:36<11:25,  1.29it/s, buffer=122600, ret=12.11, success=0.00]
Training episodes:  41%|████      | 613/1500 [06:36<11:25,  1.29it/s, buffer=122800, ret=10.20, success=0.00]
Training episodes:  41%|████      | 614/1500 [06:36<11:26,  1.29it/s, buffer=122800, ret=10.20, success=0.00]
Training episodes:  41%|████      | 614/1500 [06:37<11:26,  1.29it/s, buffer=123000, ret=11.58, success=0.00]
Training episodes:  41%|████      | 615/1500 [06:37<11:27,  1.29it/s, buffer=123000, ret=11.58, success=0.00]
Training episodes:  41%|████      | 615/1500 [06:38<11:27,  1.29it/s, buffer=123200, ret=11.77, success=0.00]
Training episodes:  41%|████      | 616/1500 [06:38<11:19,  1.30it/s, buffer=123200, ret=11.77, success=0.00]
Training episodes:  41%|████      | 616/1500 [06:39<11:19,  1.30it/s, buffer=123400, ret=10.24, success=0.00]
Training episodes:  41%|████      | 617/1500 [06:39<11:17,  1.30it/s, buffer=123400, ret=10.24, success=0.00]
Training episodes:  41%|████      | 617/1500 [06:39<11:17,  1.30it/s, buffer=123600, ret=12.25, success=0.00]
Training episodes:  41%|████      | 618/1500 [06:39<11:16,  1.30it/s, buffer=123600, ret=12.25, success=0.00]
Training episodes:  41%|████      | 618/1500 [06:40<11:16,  1.30it/s, buffer=123800, ret=9.73, success=0.00] 
Training episodes:  41%|████▏     | 619/1500 [06:40<11:13,  1.31it/s, buffer=123800, ret=9.73, success=0.00]
Training episodes:  41%|████▏     | 619/1500 [06:41<11:13,  1.31it/s, buffer=124000, ret=10.88, success=0.00]
Training episodes:  41%|████▏     | 620/1500 [06:41<11:15,  1.30it/s, buffer=124000, ret=10.88, success=0.00]
Training episodes:  41%|████▏     | 620/1500 [06:42<11:15,  1.30it/s, buffer=124200, ret=10.46, success=0.00]
Training episodes:  41%|████▏     | 621/1500 [06:42<11:09,  1.31it/s, buffer=124200, ret=10.46, success=0.00]
Training episodes:  41%|████▏     | 621/1500 [06:42<11:09,  1.31it/s, buffer=124400, ret=11.73, success=0.00]
Training episodes:  41%|████▏     | 622/1500 [06:42<11:08,  1.31it/s, buffer=124400, ret=11.73, success=0.00]
Training episodes:  41%|████▏     | 622/1500 [06:43<11:08,  1.31it/s, buffer=124600, ret=12.43, success=0.00]
Training episodes:  42%|████▏     | 623/1500 [06:43<11:11,  1.31it/s, buffer=124600, ret=12.43, success=0.00]
Training episodes:  42%|████▏     | 623/1500 [06:44<11:11,  1.31it/s, buffer=124800, ret=10.54, success=0.00]
Training episodes:  42%|████▏     | 624/1500 [06:44<11:17,  1.29it/s, buffer=124800, ret=10.54, success=0.00]
Training episodes:  42%|████▏     | 624/1500 [06:45<11:17,  1.29it/s, buffer=125000, ret=11.11, success=0.00]
Training episodes:  42%|████▏     | 625/1500 [06:45<11:15,  1.30it/s, buffer=125000, ret=11.11, success=0.00]
Training episodes:  42%|████▏     | 625/1500 [06:46<11:15,  1.30it/s, buffer=125200, ret=9.38, success=0.00] 
Training episodes:  42%|████▏     | 626/1500 [06:46<11:16,  1.29it/s, buffer=125200, ret=9.38, success=0.00]
Training episodes:  42%|████▏     | 626/1500 [06:46<11:16,  1.29it/s, buffer=125400, ret=11.90, success=0.00]
Training episodes:  42%|████▏     | 627/1500 [06:46<11:14,  1.29it/s, buffer=125400, ret=11.90, success=0.00]
Training episodes:  42%|████▏     | 627/1500 [06:47<11:14,  1.29it/s, buffer=125600, ret=9.68, success=0.00] 
Training episodes:  42%|████▏     | 628/1500 [06:47<11:11,  1.30it/s, buffer=125600, ret=9.68, success=0.00]
Training episodes:  42%|████▏     | 628/1500 [06:48<11:11,  1.30it/s, buffer=125800, ret=11.07, success=0.00]
Training episodes:  42%|████▏     | 629/1500 [06:48<11:13,  1.29it/s, buffer=125800, ret=11.07, success=0.00]
Training episodes:  42%|████▏     | 629/1500 [06:49<11:13,  1.29it/s, buffer=126000, ret=11.26, success=0.00]
Training episodes:  42%|████▏     | 630/1500 [06:49<11:15,  1.29it/s, buffer=126000, ret=11.26, success=0.00]
Training episodes:  42%|████▏     | 630/1500 [06:49<11:15,  1.29it/s, buffer=126200, ret=9.71, success=0.00] 
Training episodes:  42%|████▏     | 631/1500 [06:49<11:11,  1.29it/s, buffer=126200, ret=9.71, success=0.00]
Training episodes:  42%|████▏     | 631/1500 [06:50<11:11,  1.29it/s, buffer=126400, ret=11.43, success=0.00]
Training episodes:  42%|████▏     | 632/1500 [06:50<11:08,  1.30it/s, buffer=126400, ret=11.43, success=0.00]
Training episodes:  42%|████▏     | 632/1500 [06:51<11:08,  1.30it/s, buffer=126600, ret=9.90, success=0.00] 
Training episodes:  42%|████▏     | 633/1500 [06:51<11:07,  1.30it/s, buffer=126600, ret=9.90, success=0.00]
Training episodes:  42%|████▏     | 633/1500 [06:52<11:07,  1.30it/s, buffer=126800, ret=10.90, success=0.00]
Training episodes:  42%|████▏     | 634/1500 [06:52<11:06,  1.30it/s, buffer=126800, ret=10.90, success=0.00]
Training episodes:  42%|████▏     | 634/1500 [06:52<11:06,  1.30it/s, buffer=127000, ret=11.63, success=0.00]
Training episodes:  42%|████▏     | 635/1500 [06:52<11:01,  1.31it/s, buffer=127000, ret=11.63, success=0.00]
Training episodes:  42%|████▏     | 635/1500 [06:53<11:01,  1.31it/s, buffer=127200, ret=11.58, success=0.00]
Training episodes:  42%|████▏     | 636/1500 [06:53<11:00,  1.31it/s, buffer=127200, ret=11.58, success=0.00]
Training episodes:  42%|████▏     | 636/1500 [06:54<11:00,  1.31it/s, buffer=127400, ret=10.76, success=0.00]
Training episodes:  42%|████▏     | 637/1500 [06:54<11:02,  1.30it/s, buffer=127400, ret=10.76, success=0.00]
Training episodes:  42%|████▏     | 637/1500 [06:55<11:02,  1.30it/s, buffer=127600, ret=12.26, success=0.00]
Training episodes:  43%|████▎     | 638/1500 [06:55<11:00,  1.30it/s, buffer=127600, ret=12.26, success=0.00]
Training episodes:  43%|████▎     | 638/1500 [06:56<11:00,  1.30it/s, buffer=127800, ret=11.50, success=0.00]
Training episodes:  43%|████▎     | 639/1500 [06:56<10:56,  1.31it/s, buffer=127800, ret=11.50, success=0.00]
Training episodes:  43%|████▎     | 639/1500 [06:56<10:56,  1.31it/s, buffer=128000, ret=11.82, success=0.00]
Training episodes:  43%|████▎     | 640/1500 [06:56<10:55,  1.31it/s, buffer=128000, ret=11.82, success=0.00]
Training episodes:  43%|████▎     | 640/1500 [06:57<10:55,  1.31it/s, buffer=128200, ret=11.77, success=0.00]
Training episodes:  43%|████▎     | 641/1500 [06:57<10:56,  1.31it/s, buffer=128200, ret=11.77, success=0.00]
Training episodes:  43%|████▎     | 641/1500 [06:58<10:56,  1.31it/s, buffer=128400, ret=12.65, success=0.00]
Training episodes:  43%|████▎     | 642/1500 [06:58<10:57,  1.30it/s, buffer=128400, ret=12.65, success=0.00]
Training episodes:  43%|████▎     | 642/1500 [06:59<10:57,  1.30it/s, buffer=128600, ret=12.04, success=0.00]
Training episodes:  43%|████▎     | 643/1500 [06:59<10:57,  1.30it/s, buffer=128600, ret=12.04, success=0.00]
Training episodes:  43%|████▎     | 643/1500 [06:59<10:57,  1.30it/s, buffer=128800, ret=11.50, success=0.00]
Training episodes:  43%|████▎     | 644/1500 [06:59<10:52,  1.31it/s, buffer=128800, ret=11.50, success=0.00]
Training episodes:  43%|████▎     | 644/1500 [07:00<10:52,  1.31it/s, buffer=129000, ret=12.96, success=0.00]
Training episodes:  43%|████▎     | 645/1500 [07:00<10:47,  1.32it/s, buffer=129000, ret=12.96, success=0.00]
Training episodes:  43%|████▎     | 645/1500 [07:01<10:47,  1.32it/s, buffer=129200, ret=11.78, success=0.00]
Training episodes:  43%|████▎     | 646/1500 [07:01<10:49,  1.32it/s, buffer=129200, ret=11.78, success=0.00]
Training episodes:  43%|████▎     | 646/1500 [07:02<10:49,  1.32it/s, buffer=129400, ret=10.35, success=0.00]
Training episodes:  43%|████▎     | 647/1500 [07:02<10:50,  1.31it/s, buffer=129400, ret=10.35, success=0.00]
Training episodes:  43%|████▎     | 647/1500 [07:02<10:50,  1.31it/s, buffer=129600, ret=9.62, success=0.00] 
Training episodes:  43%|████▎     | 648/1500 [07:02<10:56,  1.30it/s, buffer=129600, ret=9.62, success=0.00]
Training episodes:  43%|████▎     | 648/1500 [07:03<10:56,  1.30it/s, buffer=129800, ret=10.18, success=0.00]
Training episodes:  43%|████▎     | 649/1500 [07:03<10:59,  1.29it/s, buffer=129800, ret=10.18, success=0.00]
Training episodes:  43%|████▎     | 649/1500 [07:04<10:59,  1.29it/s, buffer=130000, ret=11.33, success=0.00]wandb: WARNING `fps` argument does not affect the frame rate of the video when providing a file path or raw bytes.

Training episodes:  43%|████▎     | 650/1500 [07:05<13:33,  1.05it/s, buffer=130000, ret=11.33, success=0.00]
Training episodes:  43%|████▎     | 650/1500 [07:05<13:33,  1.05it/s, buffer=130200, ret=10.78, success=0.00]
Training episodes:  43%|████▎     | 651/1500 [07:05<12:47,  1.11it/s, buffer=130200, ret=10.78, success=0.00]
Training episodes:  43%|████▎     | 651/1500 [07:06<12:47,  1.11it/s, buffer=130400, ret=10.35, success=0.00]
Training episodes:  43%|████▎     | 652/1500 [07:06<12:08,  1.16it/s, buffer=130400, ret=10.35, success=0.00]
Training episodes:  43%|████▎     | 652/1500 [07:07<12:08,  1.16it/s, buffer=130600, ret=12.14, success=0.00]
Training episodes:  44%|████▎     | 653/1500 [07:07<11:46,  1.20it/s, buffer=130600, ret=12.14, success=0.00]
Training episodes:  44%|████▎     | 653/1500 [07:08<11:46,  1.20it/s, buffer=130800, ret=11.54, success=0.00]
Training episodes:  44%|████▎     | 654/1500 [07:08<11:30,  1.22it/s, buffer=130800, ret=11.54, success=0.00]
Training episodes:  44%|████▎     | 654/1500 [07:08<11:30,  1.22it/s, buffer=131000, ret=11.76, success=0.00]
Training episodes:  44%|████▎     | 655/1500 [07:08<11:18,  1.25it/s, buffer=131000, ret=11.76, success=0.00]
Training episodes:  44%|████▎     | 655/1500 [07:09<11:18,  1.25it/s, buffer=131200, ret=11.41, success=0.00]
Training episodes:  44%|████▎     | 656/1500 [07:09<11:11,  1.26it/s, buffer=131200, ret=11.41, success=0.00]
Training episodes:  44%|████▎     | 656/1500 [07:10<11:11,  1.26it/s, buffer=131400, ret=10.63, success=0.00]
Training episodes:  44%|████▍     | 657/1500 [07:10<11:04,  1.27it/s, buffer=131400, ret=10.63, success=0.00]
Training episodes:  44%|████▍     | 657/1500 [07:11<11:04,  1.27it/s, buffer=131600, ret=11.82, success=0.00]
Training episodes:  44%|████▍     | 658/1500 [07:11<10:58,  1.28it/s, buffer=131600, ret=11.82, success=0.00]
Training episodes:  44%|████▍     | 658/1500 [07:12<10:58,  1.28it/s, buffer=131800, ret=11.07, success=0.00]
Training episodes:  44%|████▍     | 659/1500 [07:12<10:55,  1.28it/s, buffer=131800, ret=11.07, success=0.00]
Training episodes:  44%|████▍     | 659/1500 [07:12<10:55,  1.28it/s, buffer=132000, ret=11.38, success=0.00]
Training episodes:  44%|████▍     | 660/1500 [07:12<10:53,  1.29it/s, buffer=132000, ret=11.38, success=0.00]
Training episodes:  44%|████▍     | 660/1500 [07:13<10:53,  1.29it/s, buffer=132200, ret=11.83, success=0.00]
Training episodes:  44%|████▍     | 661/1500 [07:13<10:55,  1.28it/s, buffer=132200, ret=11.83, success=0.00]
Training episodes:  44%|████▍     | 661/1500 [07:14<10:55,  1.28it/s, buffer=132400, ret=12.52, success=0.00]
Training episodes:  44%|████▍     | 662/1500 [07:14<10:54,  1.28it/s, buffer=132400, ret=12.52, success=0.00]
Training episodes:  44%|████▍     | 662/1500 [07:15<10:54,  1.28it/s, buffer=132600, ret=11.19, success=0.00]
Training episodes:  44%|████▍     | 663/1500 [07:15<10:53,  1.28it/s, buffer=132600, ret=11.19, success=0.00]
Training episodes:  44%|████▍     | 663/1500 [07:15<10:53,  1.28it/s, buffer=132800, ret=12.05, success=0.00]
Training episodes:  44%|████▍     | 664/1500 [07:15<10:51,  1.28it/s, buffer=132800, ret=12.05, success=0.00]
Training episodes:  44%|████▍     | 664/1500 [07:16<10:51,  1.28it/s, buffer=133000, ret=11.48, success=0.00]
Training episodes:  44%|████▍     | 665/1500 [07:16<10:49,  1.28it/s, buffer=133000, ret=11.48, success=0.00]
Training episodes:  44%|████▍     | 665/1500 [07:17<10:49,  1.28it/s, buffer=133200, ret=13.12, success=0.00]
Training episodes:  44%|████▍     | 666/1500 [07:17<10:49,  1.28it/s, buffer=133200, ret=13.12, success=0.00]
Training episodes:  44%|████▍     | 666/1500 [07:18<10:49,  1.28it/s, buffer=133400, ret=11.34, success=0.00]
Training episodes:  44%|████▍     | 667/1500 [07:18<10:48,  1.28it/s, buffer=133400, ret=11.34, success=0.00]
Training episodes:  44%|████▍     | 667/1500 [07:19<10:48,  1.28it/s, buffer=133600, ret=11.25, success=0.00]
Training episodes:  45%|████▍     | 668/1500 [07:19<10:45,  1.29it/s, buffer=133600, ret=11.25, success=0.00]
Training episodes:  45%|████▍     | 668/1500 [07:19<10:45,  1.29it/s, buffer=133800, ret=12.59, success=0.00]
Training episodes:  45%|████▍     | 669/1500 [07:19<10:39,  1.30it/s, buffer=133800, ret=12.59, success=0.00]
Training episodes:  45%|████▍     | 669/1500 [07:20<10:39,  1.30it/s, buffer=134000, ret=12.14, success=0.00]
Training episodes:  45%|████▍     | 670/1500 [07:20<10:37,  1.30it/s, buffer=134000, ret=12.14, success=0.00]
Training episodes:  45%|████▍     | 670/1500 [07:21<10:37,  1.30it/s, buffer=134200, ret=11.69, success=0.00]
Training episodes:  45%|████▍     | 671/1500 [07:21<10:34,  1.31it/s, buffer=134200, ret=11.69, success=0.00]
Training episodes:  45%|████▍     | 671/1500 [07:22<10:34,  1.31it/s, buffer=134400, ret=11.53, success=0.00]
Training episodes:  45%|████▍     | 672/1500 [07:22<10:34,  1.31it/s, buffer=134400, ret=11.53, success=0.00]
Training episodes:  45%|████▍     | 672/1500 [07:22<10:34,  1.31it/s, buffer=134600, ret=13.53, success=0.00]
Training episodes:  45%|████▍     | 673/1500 [07:22<10:26,  1.32it/s, buffer=134600, ret=13.53, success=0.00]
Training episodes:  45%|████▍     | 673/1500 [07:23<10:26,  1.32it/s, buffer=134800, ret=9.45, success=0.00] 
Training episodes:  45%|████▍     | 674/1500 [07:23<10:30,  1.31it/s, buffer=134800, ret=9.45, success=0.00]
Training episodes:  45%|████▍     | 674/1500 [07:24<10:30,  1.31it/s, buffer=135000, ret=10.83, success=0.00]
Training episodes:  45%|████▌     | 675/1500 [07:24<10:40,  1.29it/s, buffer=135000, ret=10.83, success=0.00]
Training episodes:  45%|████▌     | 675/1500 [07:25<10:40,  1.29it/s, buffer=135200, ret=11.76, success=0.00]
Training episodes:  45%|████▌     | 676/1500 [07:25<10:39,  1.29it/s, buffer=135200, ret=11.76, success=0.00]
Training episodes:  45%|████▌     | 676/1500 [07:25<10:39,  1.29it/s, buffer=135400, ret=12.15, success=0.00]
Training episodes:  45%|████▌     | 677/1500 [07:25<10:34,  1.30it/s, buffer=135400, ret=12.15, success=0.00]
Training episodes:  45%|████▌     | 677/1500 [07:26<10:34,  1.30it/s, buffer=135600, ret=10.79, success=0.00]
Training episodes:  45%|████▌     | 678/1500 [07:26<10:31,  1.30it/s, buffer=135600, ret=10.79, success=0.00]
Training episodes:  45%|████▌     | 678/1500 [07:27<10:31,  1.30it/s, buffer=135800, ret=12.66, success=0.00]
Training episodes:  45%|████▌     | 679/1500 [07:27<10:33,  1.30it/s, buffer=135800, ret=12.66, success=0.00]
Training episodes:  45%|████▌     | 679/1500 [07:28<10:33,  1.30it/s, buffer=136000, ret=12.42, success=0.00]
Training episodes:  45%|████▌     | 680/1500 [07:28<10:24,  1.31it/s, buffer=136000, ret=12.42, success=0.00]
Training episodes:  45%|████▌     | 680/1500 [07:28<10:24,  1.31it/s, buffer=136200, ret=12.72, success=0.00]
Training episodes:  45%|████▌     | 681/1500 [07:28<10:23,  1.31it/s, buffer=136200, ret=12.72, success=0.00]
Training episodes:  45%|████▌     | 681/1500 [07:29<10:23,  1.31it/s, buffer=136400, ret=12.92, success=0.00]
Training episodes:  45%|████▌     | 682/1500 [07:29<10:26,  1.31it/s, buffer=136400, ret=12.92, success=0.00]
Training episodes:  45%|████▌     | 682/1500 [07:30<10:26,  1.31it/s, buffer=136600, ret=10.94, success=0.00]
Training episodes:  46%|████▌     | 683/1500 [07:30<10:22,  1.31it/s, buffer=136600, ret=10.94, success=0.00]
Training episodes:  46%|████▌     | 683/1500 [07:31<10:22,  1.31it/s, buffer=136800, ret=11.23, success=0.00]
Training episodes:  46%|████▌     | 684/1500 [07:31<10:21,  1.31it/s, buffer=136800, ret=11.23, success=0.00]
Training episodes:  46%|████▌     | 684/1500 [07:32<10:21,  1.31it/s, buffer=137000, ret=11.81, success=0.00]
Training episodes:  46%|████▌     | 685/1500 [07:32<10:14,  1.33it/s, buffer=137000, ret=11.81, success=0.00]
Training episodes:  46%|████▌     | 685/1500 [07:32<10:14,  1.33it/s, buffer=137200, ret=12.81, success=0.00]
Training episodes:  46%|████▌     | 686/1500 [07:32<10:10,  1.33it/s, buffer=137200, ret=12.81, success=0.00]
Training episodes:  46%|████▌     | 686/1500 [07:33<10:10,  1.33it/s, buffer=137400, ret=9.71, success=0.00] 
Training episodes:  46%|████▌     | 687/1500 [07:33<10:10,  1.33it/s, buffer=137400, ret=9.71, success=0.00]
Training episodes:  46%|████▌     | 687/1500 [07:34<10:10,  1.33it/s, buffer=137600, ret=9.71, success=0.00]
Training episodes:  46%|████▌     | 688/1500 [07:34<10:15,  1.32it/s, buffer=137600, ret=9.71, success=0.00]
Training episodes:  46%|████▌     | 688/1500 [07:35<10:15,  1.32it/s, buffer=137800, ret=11.84, success=0.00]
Training episodes:  46%|████▌     | 689/1500 [07:35<10:17,  1.31it/s, buffer=137800, ret=11.84, success=0.00]
Training episodes:  46%|████▌     | 689/1500 [07:35<10:17,  1.31it/s, buffer=138000, ret=12.93, success=0.00]
Training episodes:  46%|████▌     | 690/1500 [07:35<10:14,  1.32it/s, buffer=138000, ret=12.93, success=0.00]
Training episodes:  46%|████▌     | 690/1500 [07:36<10:14,  1.32it/s, buffer=138200, ret=12.26, success=0.00]
Training episodes:  46%|████▌     | 691/1500 [07:36<10:14,  1.32it/s, buffer=138200, ret=12.26, success=0.00]
Training episodes:  46%|████▌     | 691/1500 [07:37<10:14,  1.32it/s, buffer=138400, ret=12.11, success=0.00]
Training episodes:  46%|████▌     | 692/1500 [07:37<10:19,  1.30it/s, buffer=138400, ret=12.11, success=0.00]
Training episodes:  46%|████▌     | 692/1500 [07:38<10:19,  1.30it/s, buffer=138600, ret=10.36, success=0.00]
Training episodes:  46%|████▌     | 693/1500 [07:38<10:22,  1.30it/s, buffer=138600, ret=10.36, success=0.00]
Training episodes:  46%|████▌     | 693/1500 [07:38<10:22,  1.30it/s, buffer=138800, ret=12.06, success=0.00]
Training episodes:  46%|████▋     | 694/1500 [07:38<10:20,  1.30it/s, buffer=138800, ret=12.06, success=0.00]
Training episodes:  46%|████▋     | 694/1500 [07:39<10:20,  1.30it/s, buffer=139000, ret=10.48, success=0.00]
Training episodes:  46%|████▋     | 695/1500 [07:39<10:16,  1.31it/s, buffer=139000, ret=10.48, success=0.00]
Training episodes:  46%|████▋     | 695/1500 [07:40<10:16,  1.31it/s, buffer=139200, ret=11.77, success=0.00]
Training episodes:  46%|████▋     | 696/1500 [07:40<10:11,  1.31it/s, buffer=139200, ret=11.77, success=0.00]
Training episodes:  46%|████▋     | 696/1500 [07:41<10:11,  1.31it/s, buffer=139400, ret=11.81, success=0.00]
Training episodes:  46%|████▋     | 697/1500 [07:41<10:04,  1.33it/s, buffer=139400, ret=11.81, success=0.00]
Training episodes:  46%|████▋     | 697/1500 [07:41<10:04,  1.33it/s, buffer=139600, ret=12.64, success=0.00]
Training episodes:  47%|████▋     | 698/1500 [07:41<10:04,  1.33it/s, buffer=139600, ret=12.64, success=0.00]
Training episodes:  47%|████▋     | 698/1500 [07:42<10:04,  1.33it/s, buffer=139800, ret=10.44, success=0.00]
Training episodes:  47%|████▋     | 699/1500 [07:42<10:01,  1.33it/s, buffer=139800, ret=10.44, success=0.00]
Training episodes:  47%|████▋     | 699/1500 [07:43<10:01,  1.33it/s, buffer=140000, ret=11.00, success=0.00]wandb: WARNING `fps` argument does not affect the frame rate of the video when providing a file path or raw bytes.

Training episodes:  47%|████▋     | 700/1500 [07:44<12:30,  1.07it/s, buffer=140000, ret=11.00, success=0.00]
Training episodes:  47%|████▋     | 700/1500 [07:44<12:30,  1.07it/s, buffer=140200, ret=10.22, success=0.00]
Training episodes:  47%|████▋     | 701/1500 [07:44<11:50,  1.12it/s, buffer=140200, ret=10.22, success=0.00]
Training episodes:  47%|████▋     | 701/1500 [07:45<11:50,  1.12it/s, buffer=140400, ret=9.80, success=0.00] 
Training episodes:  47%|████▋     | 702/1500 [07:45<11:19,  1.17it/s, buffer=140400, ret=9.80, success=0.00]
Training episodes:  47%|████▋     | 702/1500 [07:46<11:19,  1.17it/s, buffer=140600, ret=9.96, success=0.00]
Training episodes:  47%|████▋     | 703/1500 [07:46<11:01,  1.21it/s, buffer=140600, ret=9.96, success=0.00]
Training episodes:  47%|████▋     | 703/1500 [07:47<11:01,  1.21it/s, buffer=140800, ret=10.81, success=0.00]
Training episodes:  47%|████▋     | 704/1500 [07:47<10:43,  1.24it/s, buffer=140800, ret=10.81, success=0.00]
Training episodes:  47%|████▋     | 704/1500 [07:47<10:43,  1.24it/s, buffer=141000, ret=10.98, success=0.00]
Training episodes:  47%|████▋     | 705/1500 [07:47<10:31,  1.26it/s, buffer=141000, ret=10.98, success=0.00]
Training episodes:  47%|████▋     | 705/1500 [07:48<10:31,  1.26it/s, buffer=141200, ret=12.54, success=0.00]
Training episodes:  47%|████▋     | 706/1500 [07:48<10:22,  1.27it/s, buffer=141200, ret=12.54, success=0.00]
Training episodes:  47%|████▋     | 706/1500 [07:49<10:22,  1.27it/s, buffer=141400, ret=12.06, success=0.00]
Training episodes:  47%|████▋     | 707/1500 [07:49<10:14,  1.29it/s, buffer=141400, ret=12.06, success=0.00]
Training episodes:  47%|████▋     | 707/1500 [07:50<10:14,  1.29it/s, buffer=141600, ret=12.00, success=0.00]
Training episodes:  47%|████▋     | 708/1500 [07:50<10:11,  1.30it/s, buffer=141600, ret=12.00, success=0.00]
Training episodes:  47%|████▋     | 708/1500 [07:50<10:11,  1.30it/s, buffer=141800, ret=11.53, success=0.00]
Training episodes:  47%|████▋     | 709/1500 [07:50<10:11,  1.29it/s, buffer=141800, ret=11.53, success=0.00]
Training episodes:  47%|████▋     | 709/1500 [07:51<10:11,  1.29it/s, buffer=142000, ret=11.60, success=0.00]
Training episodes:  47%|████▋     | 710/1500 [07:51<10:11,  1.29it/s, buffer=142000, ret=11.60, success=0.00]
Training episodes:  47%|████▋     | 710/1500 [07:52<10:11,  1.29it/s, buffer=142200, ret=12.45, success=0.00]
Training episodes:  47%|████▋     | 711/1500 [07:52<10:12,  1.29it/s, buffer=142200, ret=12.45, success=0.00]
Training episodes:  47%|████▋     | 711/1500 [07:53<10:12,  1.29it/s, buffer=142400, ret=11.09, success=0.00]
Training episodes:  47%|████▋     | 712/1500 [07:53<10:10,  1.29it/s, buffer=142400, ret=11.09, success=0.00]
Training episodes:  47%|████▋     | 712/1500 [07:54<10:10,  1.29it/s, buffer=142600, ret=10.07, success=0.00]
Training episodes:  48%|████▊     | 713/1500 [07:54<10:11,  1.29it/s, buffer=142600, ret=10.07, success=0.00]
Training episodes:  48%|████▊     | 713/1500 [07:54<10:11,  1.29it/s, buffer=142800, ret=11.22, success=0.00]
Training episodes:  48%|████▊     | 714/1500 [07:54<10:11,  1.29it/s, buffer=142800, ret=11.22, success=0.00]
Training episodes:  48%|████▊     | 714/1500 [07:55<10:11,  1.29it/s, buffer=143000, ret=12.18, success=0.00]
Training episodes:  48%|████▊     | 715/1500 [07:55<10:10,  1.29it/s, buffer=143000, ret=12.18, success=0.00]
Training episodes:  48%|████▊     | 715/1500 [07:56<10:10,  1.29it/s, buffer=143200, ret=10.22, success=0.00]
Training episodes:  48%|████▊     | 716/1500 [07:56<10:06,  1.29it/s, buffer=143200, ret=10.22, success=0.00]
Training episodes:  48%|████▊     | 716/1500 [07:57<10:06,  1.29it/s, buffer=143400, ret=10.14, success=0.00]
Training episodes:  48%|████▊     | 717/1500 [07:57<10:04,  1.30it/s, buffer=143400, ret=10.14, success=0.00]
Training episodes:  48%|████▊     | 717/1500 [07:57<10:04,  1.30it/s, buffer=143600, ret=11.15, success=0.00]
Training episodes:  48%|████▊     | 718/1500 [07:57<10:02,  1.30it/s, buffer=143600, ret=11.15, success=0.00]
Training episodes:  48%|████▊     | 718/1500 [07:58<10:02,  1.30it/s, buffer=143800, ret=12.00, success=0.00]
Training episodes:  48%|████▊     | 719/1500 [07:58<10:03,  1.29it/s, buffer=143800, ret=12.00, success=0.00]
Training episodes:  48%|████▊     | 719/1500 [07:59<10:03,  1.29it/s, buffer=144000, ret=10.51, success=0.00]
Training episodes:  48%|████▊     | 720/1500 [07:59<10:09,  1.28it/s, buffer=144000, ret=10.51, success=0.00]
Training episodes:  48%|████▊     | 720/1500 [08:00<10:09,  1.28it/s, buffer=144200, ret=9.80, success=0.00] 
Training episodes:  48%|████▊     | 721/1500 [08:00<10:10,  1.28it/s, buffer=144200, ret=9.80, success=0.00]
Training episodes:  48%|████▊     | 721/1500 [08:01<10:10,  1.28it/s, buffer=144400, ret=9.52, success=0.00]
Training episodes:  48%|████▊     | 722/1500 [08:01<10:08,  1.28it/s, buffer=144400, ret=9.52, success=0.00]
Training episodes:  48%|████▊     | 722/1500 [08:01<10:08,  1.28it/s, buffer=144600, ret=12.47, success=0.00]
Training episodes:  48%|████▊     | 723/1500 [08:01<10:08,  1.28it/s, buffer=144600, ret=12.47, success=0.00]
Training episodes:  48%|████▊     | 723/1500 [08:02<10:08,  1.28it/s, buffer=144800, ret=10.64, success=0.00]
Training episodes:  48%|████▊     | 724/1500 [08:02<10:06,  1.28it/s, buffer=144800, ret=10.64, success=0.00]
Training episodes:  48%|████▊     | 724/1500 [08:03<10:06,  1.28it/s, buffer=145000, ret=11.62, success=0.00]
Training episodes:  48%|████▊     | 725/1500 [08:03<10:07,  1.28it/s, buffer=145000, ret=11.62, success=0.00]
Training episodes:  48%|████▊     | 725/1500 [08:04<10:07,  1.28it/s, buffer=145200, ret=12.61, success=0.00]
Training episodes:  48%|████▊     | 726/1500 [08:04<10:04,  1.28it/s, buffer=145200, ret=12.61, success=0.00]
Training episodes:  48%|████▊     | 726/1500 [08:04<10:04,  1.28it/s, buffer=145400, ret=12.20, success=0.00]
Training episodes:  48%|████▊     | 727/1500 [08:04<10:04,  1.28it/s, buffer=145400, ret=12.20, success=0.00]
Training episodes:  48%|████▊     | 727/1500 [08:05<10:04,  1.28it/s, buffer=145600, ret=12.53, success=0.00]
Training episodes:  49%|████▊     | 728/1500 [08:05<10:09,  1.27it/s, buffer=145600, ret=12.53, success=0.00]
Training episodes:  49%|████▊     | 728/1500 [08:06<10:09,  1.27it/s, buffer=145800, ret=11.96, success=0.00]
Training episodes:  49%|████▊     | 729/1500 [08:06<10:04,  1.28it/s, buffer=145800, ret=11.96, success=0.00]
Training episodes:  49%|████▊     | 729/1500 [08:07<10:04,  1.28it/s, buffer=146000, ret=9.65, success=0.00] 
Training episodes:  49%|████▊     | 730/1500 [08:07<10:02,  1.28it/s, buffer=146000, ret=9.65, success=0.00]
Training episodes:  49%|████▊     | 730/1500 [08:08<10:02,  1.28it/s, buffer=146200, ret=11.35, success=0.00]
Training episodes:  49%|████▊     | 731/1500 [08:08<10:02,  1.28it/s, buffer=146200, ret=11.35, success=0.00]
Training episodes:  49%|████▊     | 731/1500 [08:08<10:02,  1.28it/s, buffer=146400, ret=12.49, success=0.00]
Training episodes:  49%|████▉     | 732/1500 [08:08<09:58,  1.28it/s, buffer=146400, ret=12.49, success=0.00]
Training episodes:  49%|████▉     | 732/1500 [08:09<09:58,  1.28it/s, buffer=146600, ret=12.53, success=0.00]
Training episodes:  49%|████▉     | 733/1500 [08:09<09:58,  1.28it/s, buffer=146600, ret=12.53, success=0.00]
Training episodes:  49%|████▉     | 733/1500 [08:10<09:58,  1.28it/s, buffer=146800, ret=11.09, success=0.00]
Training episodes:  49%|████▉     | 734/1500 [08:10<09:57,  1.28it/s, buffer=146800, ret=11.09, success=0.00]
Training episodes:  49%|████▉     | 734/1500 [08:11<09:57,  1.28it/s, buffer=147000, ret=11.16, success=0.00]
Training episodes:  49%|████▉     | 735/1500 [08:11<09:54,  1.29it/s, buffer=147000, ret=11.16, success=0.00]
Training episodes:  49%|████▉     | 735/1500 [08:11<09:54,  1.29it/s, buffer=147200, ret=10.56, success=0.00]
Training episodes:  49%|████▉     | 736/1500 [08:11<09:54,  1.29it/s, buffer=147200, ret=10.56, success=0.00]
Training episodes:  49%|████▉     | 736/1500 [08:12<09:54,  1.29it/s, buffer=147400, ret=11.78, success=0.00]
Training episodes:  49%|████▉     | 737/1500 [08:12<09:52,  1.29it/s, buffer=147400, ret=11.78, success=0.00]
Training episodes:  49%|████▉     | 737/1500 [08:13<09:52,  1.29it/s, buffer=147600, ret=12.88, success=0.00]
Training episodes:  49%|████▉     | 738/1500 [08:13<09:50,  1.29it/s, buffer=147600, ret=12.88, success=0.00]
Training episodes:  49%|████▉     | 738/1500 [08:14<09:50,  1.29it/s, buffer=147800, ret=9.36, success=0.00] 
Training episodes:  49%|████▉     | 739/1500 [08:14<09:50,  1.29it/s, buffer=147800, ret=9.36, success=0.00]
Training episodes:  49%|████▉     | 739/1500 [08:15<09:50,  1.29it/s, buffer=148000, ret=12.11, success=0.00]
Training episodes:  49%|████▉     | 740/1500 [08:15<09:54,  1.28it/s, buffer=148000, ret=12.11, success=0.00]
Training episodes:  49%|████▉     | 740/1500 [08:15<09:54,  1.28it/s, buffer=148200, ret=11.87, success=0.00]
Training episodes:  49%|████▉     | 741/1500 [08:15<09:51,  1.28it/s, buffer=148200, ret=11.87, success=0.00]
Training episodes:  49%|████▉     | 741/1500 [08:16<09:51,  1.28it/s, buffer=148400, ret=10.21, success=0.00]
Training episodes:  49%|████▉     | 742/1500 [08:16<09:53,  1.28it/s, buffer=148400, ret=10.21, success=0.00]
Training episodes:  49%|████▉     | 742/1500 [08:17<09:53,  1.28it/s, buffer=148600, ret=11.93, success=0.00]
Training episodes:  50%|████▉     | 743/1500 [08:17<09:54,  1.27it/s, buffer=148600, ret=11.93, success=0.00]
Training episodes:  50%|████▉     | 743/1500 [08:18<09:54,  1.27it/s, buffer=148800, ret=11.22, success=0.00]
Training episodes:  50%|████▉     | 744/1500 [08:18<09:51,  1.28it/s, buffer=148800, ret=11.22, success=0.00]
Training episodes:  50%|████▉     | 744/1500 [08:18<09:51,  1.28it/s, buffer=149000, ret=10.51, success=0.00]
Training episodes:  50%|████▉     | 745/1500 [08:18<09:47,  1.29it/s, buffer=149000, ret=10.51, success=0.00]
Training episodes:  50%|████▉     | 745/1500 [08:19<09:47,  1.29it/s, buffer=149200, ret=10.53, success=0.00]
Training episodes:  50%|████▉     | 746/1500 [08:19<09:49,  1.28it/s, buffer=149200, ret=10.53, success=0.00]
Training episodes:  50%|████▉     | 746/1500 [08:20<09:49,  1.28it/s, buffer=149400, ret=9.65, success=0.00] 
Training episodes:  50%|████▉     | 747/1500 [08:20<09:50,  1.28it/s, buffer=149400, ret=9.65, success=0.00]
Training episodes:  50%|████▉     | 747/1500 [08:21<09:50,  1.28it/s, buffer=149600, ret=11.51, success=0.00]
Training episodes:  50%|████▉     | 748/1500 [08:21<09:46,  1.28it/s, buffer=149600, ret=11.51, success=0.00]
Training episodes:  50%|████▉     | 748/1500 [08:22<09:46,  1.28it/s, buffer=149800, ret=11.26, success=0.00]
Training episodes:  50%|████▉     | 749/1500 [08:22<09:44,  1.28it/s, buffer=149800, ret=11.26, success=0.00]
Training episodes:  50%|████▉     | 749/1500 [08:22<09:44,  1.28it/s, buffer=150000, ret=11.09, success=0.00]wandb: WARNING `fps` argument does not affect the frame rate of the video when providing a file path or raw bytes.

Training episodes:  50%|█████     | 750/1500 [08:23<11:56,  1.05it/s, buffer=150000, ret=11.09, success=0.00]
Training episodes:  50%|█████     | 750/1500 [08:24<11:56,  1.05it/s, buffer=150200, ret=12.89, success=0.00]
Training episodes:  50%|█████     | 751/1500 [08:24<11:18,  1.10it/s, buffer=150200, ret=12.89, success=0.00]
Training episodes:  50%|█████     | 751/1500 [08:25<11:18,  1.10it/s, buffer=150400, ret=11.29, success=0.00]
Training episodes:  50%|█████     | 752/1500 [08:25<10:50,  1.15it/s, buffer=150400, ret=11.29, success=0.00]
Training episodes:  50%|█████     | 752/1500 [08:25<10:50,  1.15it/s, buffer=150600, ret=11.46, success=0.00]
Training episodes:  50%|█████     | 753/1500 [08:25<10:31,  1.18it/s, buffer=150600, ret=11.46, success=0.00]
Training episodes:  50%|█████     | 753/1500 [08:26<10:31,  1.18it/s, buffer=150800, ret=10.63, success=0.00]
Training episodes:  50%|█████     | 754/1500 [08:26<10:15,  1.21it/s, buffer=150800, ret=10.63, success=0.00]
Training episodes:  50%|█████     | 754/1500 [08:27<10:15,  1.21it/s, buffer=151000, ret=11.90, success=0.00]
Training episodes:  50%|█████     | 755/1500 [08:27<10:03,  1.23it/s, buffer=151000, ret=11.90, success=0.00]
Training episodes:  50%|█████     | 755/1500 [08:28<10:03,  1.23it/s, buffer=151200, ret=9.76, success=0.00] 
Training episodes:  50%|█████     | 756/1500 [08:28<09:57,  1.24it/s, buffer=151200, ret=9.76, success=0.00]
Training episodes:  50%|█████     | 756/1500 [08:28<09:57,  1.24it/s, buffer=151400, ret=11.02, success=0.00]
Training episodes:  50%|█████     | 757/1500 [08:28<09:51,  1.26it/s, buffer=151400, ret=11.02, success=0.00]
Training episodes:  50%|█████     | 757/1500 [08:29<09:51,  1.26it/s, buffer=151600, ret=10.18, success=0.00]
Training episodes:  51%|█████     | 758/1500 [08:29<09:46,  1.26it/s, buffer=151600, ret=10.18, success=0.00]
Training episodes:  51%|█████     | 758/1500 [08:30<09:46,  1.26it/s, buffer=151800, ret=9.77, success=0.00] 
Training episodes:  51%|█████     | 759/1500 [08:30<09:47,  1.26it/s, buffer=151800, ret=9.77, success=0.00]
Training episodes:  51%|█████     | 759/1500 [08:31<09:47,  1.26it/s, buffer=152000, ret=12.69, success=0.00]
Training episodes:  51%|█████     | 760/1500 [08:31<09:45,  1.26it/s, buffer=152000, ret=12.69, success=0.00]
Training episodes:  51%|█████     | 760/1500 [08:32<09:45,  1.26it/s, buffer=152200, ret=12.44, success=0.00]
Training episodes:  51%|█████     | 761/1500 [08:32<09:45,  1.26it/s, buffer=152200, ret=12.44, success=0.00]
Training episodes:  51%|█████     | 761/1500 [08:32<09:45,  1.26it/s, buffer=152400, ret=11.38, success=0.00]
Training episodes:  51%|█████     | 762/1500 [08:32<09:43,  1.26it/s, buffer=152400, ret=11.38, success=0.00]
Training episodes:  51%|█████     | 762/1500 [08:33<09:43,  1.26it/s, buffer=152600, ret=12.17, success=0.00]
Training episodes:  51%|█████     | 763/1500 [08:33<09:44,  1.26it/s, buffer=152600, ret=12.17, success=0.00]
Training episodes:  51%|█████     | 763/1500 [08:34<09:44,  1.26it/s, buffer=152800, ret=10.77, success=0.00]
Training episodes:  51%|█████     | 764/1500 [08:34<09:44,  1.26it/s, buffer=152800, ret=10.77, success=0.00]
Training episodes:  51%|█████     | 764/1500 [08:35<09:44,  1.26it/s, buffer=153000, ret=10.47, success=0.00]
Training episodes:  51%|█████     | 765/1500 [08:35<09:44,  1.26it/s, buffer=153000, ret=10.47, success=0.00]
Training episodes:  51%|█████     | 765/1500 [08:36<09:44,  1.26it/s, buffer=153200, ret=11.79, success=0.00]
Training episodes:  51%|█████     | 766/1500 [08:36<09:42,  1.26it/s, buffer=153200, ret=11.79, success=0.00]
Training episodes:  51%|█████     | 766/1500 [08:36<09:42,  1.26it/s, buffer=153400, ret=10.30, success=0.00]
Training episodes:  51%|█████     | 767/1500 [08:36<09:42,  1.26it/s, buffer=153400, ret=10.30, success=0.00]
Training episodes:  51%|█████     | 767/1500 [08:37<09:42,  1.26it/s, buffer=153600, ret=11.20, success=0.00]
Training episodes:  51%|█████     | 768/1500 [08:37<09:40,  1.26it/s, buffer=153600, ret=11.20, success=0.00]
Training episodes:  51%|█████     | 768/1500 [08:38<09:40,  1.26it/s, buffer=153800, ret=12.10, success=0.00]
Training episodes:  51%|█████▏    | 769/1500 [08:38<09:38,  1.26it/s, buffer=153800, ret=12.10, success=0.00]
Training episodes:  51%|█████▏    | 769/1500 [08:39<09:38,  1.26it/s, buffer=154000, ret=9.79, success=0.00] 
Training episodes:  51%|█████▏    | 770/1500 [08:39<09:32,  1.28it/s, buffer=154000, ret=9.79, success=0.00]
Training episodes:  51%|█████▏    | 770/1500 [08:40<09:32,  1.28it/s, buffer=154200, ret=10.87, success=0.00]
Training episodes:  51%|█████▏    | 771/1500 [08:40<09:32,  1.27it/s, buffer=154200, ret=10.87, success=0.00]
Training episodes:  51%|█████▏    | 771/1500 [08:40<09:32,  1.27it/s, buffer=154400, ret=11.73, success=0.00]
Training episodes:  51%|█████▏    | 772/1500 [08:40<09:31,  1.27it/s, buffer=154400, ret=11.73, success=0.00]
Training episodes:  51%|█████▏    | 772/1500 [08:41<09:31,  1.27it/s, buffer=154600, ret=13.68, success=0.00]
Training episodes:  52%|█████▏    | 773/1500 [08:41<09:25,  1.28it/s, buffer=154600, ret=13.68, success=0.00]
Training episodes:  52%|█████▏    | 773/1500 [08:42<09:25,  1.28it/s, buffer=154800, ret=11.64, success=0.00]
Training episodes:  52%|█████▏    | 774/1500 [08:42<09:23,  1.29it/s, buffer=154800, ret=11.64, success=0.00]
Training episodes:  52%|█████▏    | 774/1500 [08:43<09:23,  1.29it/s, buffer=155000, ret=10.05, success=0.00]
Training episodes:  52%|█████▏    | 775/1500 [08:43<09:27,  1.28it/s, buffer=155000, ret=10.05, success=0.00]
Training episodes:  52%|█████▏    | 775/1500 [08:43<09:27,  1.28it/s, buffer=155200, ret=11.54, success=0.00]
Training episodes:  52%|█████▏    | 776/1500 [08:43<09:25,  1.28it/s, buffer=155200, ret=11.54, success=0.00]
Training episodes:  52%|█████▏    | 776/1500 [08:44<09:25,  1.28it/s, buffer=155400, ret=13.16, success=0.00]
Training episodes:  52%|█████▏    | 777/1500 [08:44<09:26,  1.28it/s, buffer=155400, ret=13.16, success=0.00]
Training episodes:  52%|█████▏    | 777/1500 [08:45<09:26,  1.28it/s, buffer=155600, ret=11.51, success=0.00]
Training episodes:  52%|█████▏    | 778/1500 [08:45<09:26,  1.27it/s, buffer=155600, ret=11.51, success=0.00]
Training episodes:  52%|█████▏    | 778/1500 [08:46<09:26,  1.27it/s, buffer=155800, ret=12.28, success=0.00]
Training episodes:  52%|█████▏    | 779/1500 [08:46<09:24,  1.28it/s, buffer=155800, ret=12.28, success=0.00]
Training episodes:  52%|█████▏    | 779/1500 [08:47<09:24,  1.28it/s, buffer=156000, ret=10.94, success=0.00]
Training episodes:  52%|█████▏    | 780/1500 [08:47<09:24,  1.27it/s, buffer=156000, ret=10.94, success=0.00]
Training episodes:  52%|█████▏    | 780/1500 [08:47<09:24,  1.27it/s, buffer=156200, ret=11.14, success=0.00]
Training episodes:  52%|█████▏    | 781/1500 [08:47<09:28,  1.26it/s, buffer=156200, ret=11.14, success=0.00]
Training episodes:  52%|█████▏    | 781/1500 [08:48<09:28,  1.26it/s, buffer=156400, ret=11.83, success=0.00]
Training episodes:  52%|█████▏    | 782/1500 [08:48<09:31,  1.26it/s, buffer=156400, ret=11.83, success=0.00]
Training episodes:  52%|█████▏    | 782/1500 [08:49<09:31,  1.26it/s, buffer=156600, ret=9.63, success=0.00] 
Training episodes:  52%|█████▏    | 783/1500 [08:49<09:26,  1.27it/s, buffer=156600, ret=9.63, success=0.00]
Training episodes:  52%|█████▏    | 783/1500 [08:50<09:26,  1.27it/s, buffer=156800, ret=10.35, success=0.00]
Training episodes:  52%|█████▏    | 784/1500 [08:50<09:26,  1.26it/s, buffer=156800, ret=10.35, success=0.00]
Training episodes:  52%|█████▏    | 784/1500 [08:51<09:26,  1.26it/s, buffer=157000, ret=11.17, success=0.00]
Training episodes:  52%|█████▏    | 785/1500 [08:51<09:28,  1.26it/s, buffer=157000, ret=11.17, success=0.00]
Training episodes:  52%|█████▏    | 785/1500 [08:51<09:28,  1.26it/s, buffer=157200, ret=11.32, success=0.00]
Training episodes:  52%|█████▏    | 786/1500 [08:51<09:26,  1.26it/s, buffer=157200, ret=11.32, success=0.00]
Training episodes:  52%|█████▏    | 786/1500 [08:52<09:26,  1.26it/s, buffer=157400, ret=10.21, success=0.00]
Training episodes:  52%|█████▏    | 787/1500 [08:52<09:24,  1.26it/s, buffer=157400, ret=10.21, success=0.00]
Training episodes:  52%|█████▏    | 787/1500 [08:53<09:24,  1.26it/s, buffer=157600, ret=10.61, success=0.00]
Training episodes:  53%|█████▎    | 788/1500 [08:53<09:25,  1.26it/s, buffer=157600, ret=10.61, success=0.00]
Training episodes:  53%|█████▎    | 788/1500 [08:54<09:25,  1.26it/s, buffer=157800, ret=10.37, success=0.00]
Training episodes:  53%|█████▎    | 789/1500 [08:54<09:27,  1.25it/s, buffer=157800, ret=10.37, success=0.00]
Training episodes:  53%|█████▎    | 789/1500 [08:55<09:27,  1.25it/s, buffer=158000, ret=12.16, success=0.00]
Training episodes:  53%|█████▎    | 790/1500 [08:55<09:24,  1.26it/s, buffer=158000, ret=12.16, success=0.00]
Training episodes:  53%|█████▎    | 790/1500 [08:55<09:24,  1.26it/s, buffer=158200, ret=12.48, success=0.00]
Training episodes:  53%|█████▎    | 791/1500 [08:55<09:20,  1.26it/s, buffer=158200, ret=12.48, success=0.00]
Training episodes:  53%|█████▎    | 791/1500 [08:56<09:20,  1.26it/s, buffer=158400, ret=11.19, success=0.00]
Training episodes:  53%|█████▎    | 792/1500 [08:56<09:18,  1.27it/s, buffer=158400, ret=11.19, success=0.00]
Training episodes:  53%|█████▎    | 792/1500 [08:57<09:18,  1.27it/s, buffer=158600, ret=13.81, success=0.00]
Training episodes:  53%|█████▎    | 793/1500 [08:57<09:16,  1.27it/s, buffer=158600, ret=13.81, success=0.00]
Training episodes:  53%|█████▎    | 793/1500 [08:58<09:16,  1.27it/s, buffer=158800, ret=11.22, success=0.00]
Training episodes:  53%|█████▎    | 794/1500 [08:58<09:14,  1.27it/s, buffer=158800, ret=11.22, success=0.00]
Training episodes:  53%|█████▎    | 794/1500 [08:58<09:14,  1.27it/s, buffer=159000, ret=11.22, success=0.00]
Training episodes:  53%|█████▎    | 795/1500 [08:58<09:16,  1.27it/s, buffer=159000, ret=11.22, success=0.00]
Training episodes:  53%|█████▎    | 795/1500 [08:59<09:16,  1.27it/s, buffer=159200, ret=9.55, success=0.00] 
Training episodes:  53%|█████▎    | 796/1500 [08:59<09:19,  1.26it/s, buffer=159200, ret=9.55, success=0.00]
Training episodes:  53%|█████▎    | 796/1500 [09:00<09:19,  1.26it/s, buffer=159400, ret=11.63, success=0.00]
Training episodes:  53%|█████▎    | 797/1500 [09:00<09:18,  1.26it/s, buffer=159400, ret=11.63, success=0.00]
Training episodes:  53%|█████▎    | 797/1500 [09:01<09:18,  1.26it/s, buffer=159600, ret=12.14, success=0.00]
Training episodes:  53%|█████▎    | 798/1500 [09:01<09:18,  1.26it/s, buffer=159600, ret=12.14, success=0.00]
Training episodes:  53%|█████▎    | 798/1500 [09:02<09:18,  1.26it/s, buffer=159800, ret=9.51, success=0.00] 
Training episodes:  53%|█████▎    | 799/1500 [09:02<09:15,  1.26it/s, buffer=159800, ret=9.51, success=0.00]
Training episodes:  53%|█████▎    | 799/1500 [09:02<09:15,  1.26it/s, buffer=160000, ret=12.29, success=0.00]wandb: WARNING `fps` argument does not affect the frame rate of the video when providing a file path or raw bytes.

Training episodes:  53%|█████▎    | 800/1500 [09:03<11:25,  1.02it/s, buffer=160000, ret=12.29, success=0.00]
Training episodes:  53%|█████▎    | 800/1500 [09:04<11:25,  1.02it/s, buffer=160000, ret=11.81, success=0.00]
Training episodes:  53%|█████▎    | 801/1500 [09:04<10:47,  1.08it/s, buffer=160000, ret=11.81, success=0.00]
Training episodes:  53%|█████▎    | 801/1500 [09:05<10:47,  1.08it/s, buffer=160000, ret=9.89, success=0.00] 
Training episodes:  53%|█████▎    | 802/1500 [09:05<10:20,  1.13it/s, buffer=160000, ret=9.89, success=0.00]
Training episodes:  53%|█████▎    | 802/1500 [09:05<10:20,  1.13it/s, buffer=160000, ret=11.06, success=0.00]
Training episodes:  54%|█████▎    | 803/1500 [09:05<10:01,  1.16it/s, buffer=160000, ret=11.06, success=0.00]
Training episodes:  54%|█████▎    | 803/1500 [09:06<10:01,  1.16it/s, buffer=160000, ret=8.14, success=0.00] 
Training episodes:  54%|█████▎    | 804/1500 [09:06<09:48,  1.18it/s, buffer=160000, ret=8.14, success=0.00]
Training episodes:  54%|█████▎    | 804/1500 [09:07<09:48,  1.18it/s, buffer=160000, ret=11.82, success=0.00]
Training episodes:  54%|█████▎    | 805/1500 [09:07<09:37,  1.20it/s, buffer=160000, ret=11.82, success=0.00]
Training episodes:  54%|█████▎    | 805/1500 [09:08<09:37,  1.20it/s, buffer=160000, ret=12.82, success=0.00]
Training episodes:  54%|█████▎    | 806/1500 [09:08<09:31,  1.21it/s, buffer=160000, ret=12.82, success=0.00]
Training episodes:  54%|█████▎    | 806/1500 [09:09<09:31,  1.21it/s, buffer=160000, ret=10.40, success=0.00]
Training episodes:  54%|█████▍    | 807/1500 [09:09<09:26,  1.22it/s, buffer=160000, ret=10.40, success=0.00]
Training episodes:  54%|█████▍    | 807/1500 [09:09<09:26,  1.22it/s, buffer=160000, ret=10.89, success=0.00]
Training episodes:  54%|█████▍    | 808/1500 [09:09<09:20,  1.23it/s, buffer=160000, ret=10.89, success=0.00]
Training episodes:  54%|█████▍    | 808/1500 [09:10<09:20,  1.23it/s, buffer=160000, ret=11.00, success=0.00]
Training episodes:  54%|█████▍    | 809/1500 [09:10<09:14,  1.25it/s, buffer=160000, ret=11.00, success=0.00]
Training episodes:  54%|█████▍    | 809/1500 [09:11<09:14,  1.25it/s, buffer=160000, ret=11.90, success=0.00]
Training episodes:  54%|█████▍    | 810/1500 [09:11<09:15,  1.24it/s, buffer=160000, ret=11.90, success=0.00]
Training episodes:  54%|█████▍    | 810/1500 [09:12<09:15,  1.24it/s, buffer=160000, ret=10.91, success=0.00]
Training episodes:  54%|█████▍    | 811/1500 [09:12<09:10,  1.25it/s, buffer=160000, ret=10.91, success=0.00]
Training episodes:  54%|█████▍    | 811/1500 [09:13<09:10,  1.25it/s, buffer=160000, ret=11.16, success=0.00]
Training episodes:  54%|█████▍    | 812/1500 [09:13<09:08,  1.25it/s, buffer=160000, ret=11.16, success=0.00]
Training episodes:  54%|█████▍    | 812/1500 [09:13<09:08,  1.25it/s, buffer=160000, ret=10.73, success=0.00]
Training episodes:  54%|█████▍    | 813/1500 [09:13<09:07,  1.26it/s, buffer=160000, ret=10.73, success=0.00]
Training episodes:  54%|█████▍    | 813/1500 [09:14<09:07,  1.26it/s, buffer=160000, ret=11.62, success=0.00]
Training episodes:  54%|█████▍    | 814/1500 [09:14<09:07,  1.25it/s, buffer=160000, ret=11.62, success=0.00]
Training episodes:  54%|█████▍    | 814/1500 [09:15<09:07,  1.25it/s, buffer=160000, ret=11.94, success=0.00]
Training episodes:  54%|█████▍    | 815/1500 [09:15<09:03,  1.26it/s, buffer=160000, ret=11.94, success=0.00]
Training episodes:  54%|█████▍    | 815/1500 [09:16<09:03,  1.26it/s, buffer=160000, ret=10.13, success=0.00]
Training episodes:  54%|█████▍    | 816/1500 [09:16<09:03,  1.26it/s, buffer=160000, ret=10.13, success=0.00]
Training episodes:  54%|█████▍    | 816/1500 [09:17<09:03,  1.26it/s, buffer=160000, ret=10.19, success=0.00]
Training episodes:  54%|█████▍    | 817/1500 [09:17<09:00,  1.26it/s, buffer=160000, ret=10.19, success=0.00]
Training episodes:  54%|█████▍    | 817/1500 [09:17<09:00,  1.26it/s, buffer=160000, ret=11.32, success=0.00]
Training episodes:  55%|█████▍    | 818/1500 [09:17<08:56,  1.27it/s, buffer=160000, ret=11.32, success=0.00]
Training episodes:  55%|█████▍    | 818/1500 [09:18<08:56,  1.27it/s, buffer=160000, ret=12.20, success=0.00]
Training episodes:  55%|█████▍    | 819/1500 [09:18<08:50,  1.28it/s, buffer=160000, ret=12.20, success=0.00]
Training episodes:  55%|█████▍    | 819/1500 [09:19<08:50,  1.28it/s, buffer=160000, ret=10.77, success=0.00]
Training episodes:  55%|█████▍    | 820/1500 [09:19<08:47,  1.29it/s, buffer=160000, ret=10.77, success=0.00]
Training episodes:  55%|█████▍    | 820/1500 [09:20<08:47,  1.29it/s, buffer=160000, ret=11.85, success=0.00]
Training episodes:  55%|█████▍    | 821/1500 [09:20<08:49,  1.28it/s, buffer=160000, ret=11.85, success=0.00]
Training episodes:  55%|█████▍    | 821/1500 [09:20<08:49,  1.28it/s, buffer=160000, ret=10.72, success=0.00]
Training episodes:  55%|█████▍    | 822/1500 [09:20<08:54,  1.27it/s, buffer=160000, ret=10.72, success=0.00]
Training episodes:  55%|█████▍    | 822/1500 [09:21<08:54,  1.27it/s, buffer=160000, ret=10.46, success=0.00]
Training episodes:  55%|█████▍    | 823/1500 [09:21<08:58,  1.26it/s, buffer=160000, ret=10.46, success=0.00]
Training episodes:  55%|█████▍    | 823/1500 [09:22<08:58,  1.26it/s, buffer=160000, ret=12.24, success=0.00]
Training episodes:  55%|█████▍    | 824/1500 [09:22<08:58,  1.25it/s, buffer=160000, ret=12.24, success=0.00]
Training episodes:  55%|█████▍    | 824/1500 [09:23<08:58,  1.25it/s, buffer=160000, ret=9.90, success=0.00] 
Training episodes:  55%|█████▌    | 825/1500 [09:23<08:58,  1.25it/s, buffer=160000, ret=9.90, success=0.00]
Training episodes:  55%|█████▌    | 825/1500 [09:24<08:58,  1.25it/s, buffer=160000, ret=10.90, success=0.00]
Training episodes:  55%|█████▌    | 826/1500 [09:24<08:56,  1.26it/s, buffer=160000, ret=10.90, success=0.00]
Training episodes:  55%|█████▌    | 826/1500 [09:24<08:56,  1.26it/s, buffer=160000, ret=9.46, success=0.00] 
Training episodes:  55%|█████▌    | 827/1500 [09:24<08:57,  1.25it/s, buffer=160000, ret=9.46, success=0.00]
Training episodes:  55%|█████▌    | 827/1500 [09:25<08:57,  1.25it/s, buffer=160000, ret=12.54, success=0.00]
Training episodes:  55%|█████▌    | 828/1500 [09:25<08:58,  1.25it/s, buffer=160000, ret=12.54, success=0.00]
Training episodes:  55%|█████▌    | 828/1500 [09:26<08:58,  1.25it/s, buffer=160000, ret=10.54, success=0.00]
Training episodes:  55%|█████▌    | 829/1500 [09:26<08:53,  1.26it/s, buffer=160000, ret=10.54, success=0.00]
Training episodes:  55%|█████▌    | 829/1500 [09:27<08:53,  1.26it/s, buffer=160000, ret=10.53, success=0.00]
Training episodes:  55%|█████▌    | 830/1500 [09:27<08:48,  1.27it/s, buffer=160000, ret=10.53, success=0.00]
Training episodes:  55%|█████▌    | 830/1500 [09:28<08:48,  1.27it/s, buffer=160000, ret=11.66, success=0.00]
Training episodes:  55%|█████▌    | 831/1500 [09:28<08:42,  1.28it/s, buffer=160000, ret=11.66, success=0.00]
Training episodes:  55%|█████▌    | 831/1500 [09:28<08:42,  1.28it/s, buffer=160000, ret=11.00, success=0.00]
Training episodes:  55%|█████▌    | 832/1500 [09:28<08:43,  1.28it/s, buffer=160000, ret=11.00, success=0.00]
Training episodes:  55%|█████▌    | 832/1500 [09:29<08:43,  1.28it/s, buffer=160000, ret=10.86, success=0.00]
Training episodes:  56%|█████▌    | 833/1500 [09:29<08:46,  1.27it/s, buffer=160000, ret=10.86, success=0.00]
Training episodes:  56%|█████▌    | 833/1500 [09:30<08:46,  1.27it/s, buffer=160000, ret=12.42, success=0.00]
Training episodes:  56%|█████▌    | 834/1500 [09:30<08:42,  1.27it/s, buffer=160000, ret=12.42, success=0.00]
Training episodes:  56%|█████▌    | 834/1500 [09:31<08:42,  1.27it/s, buffer=160000, ret=13.12, success=0.00]
Training episodes:  56%|█████▌    | 835/1500 [09:31<08:40,  1.28it/s, buffer=160000, ret=13.12, success=0.00]
Training episodes:  56%|█████▌    | 835/1500 [09:32<08:40,  1.28it/s, buffer=160000, ret=11.65, success=0.00]
Training episodes:  56%|█████▌    | 836/1500 [09:32<08:40,  1.28it/s, buffer=160000, ret=11.65, success=0.00]
Training episodes:  56%|█████▌    | 836/1500 [09:32<08:40,  1.28it/s, buffer=160000, ret=11.68, success=0.00]
Training episodes:  56%|█████▌    | 837/1500 [09:32<08:39,  1.28it/s, buffer=160000, ret=11.68, success=0.00]
Training episodes:  56%|█████▌    | 837/1500 [09:33<08:39,  1.28it/s, buffer=160000, ret=11.08, success=0.00]
Training episodes:  56%|█████▌    | 838/1500 [09:33<08:40,  1.27it/s, buffer=160000, ret=11.08, success=0.00]
Training episodes:  56%|█████▌    | 838/1500 [09:34<08:40,  1.27it/s, buffer=160000, ret=10.97, success=0.00]
Training episodes:  56%|█████▌    | 839/1500 [09:34<08:40,  1.27it/s, buffer=160000, ret=10.97, success=0.00]
Training episodes:  56%|█████▌    | 839/1500 [09:35<08:40,  1.27it/s, buffer=160000, ret=10.72, success=0.00]
Training episodes:  56%|█████▌    | 840/1500 [09:35<08:40,  1.27it/s, buffer=160000, ret=10.72, success=0.00]
Training episodes:  56%|█████▌    | 840/1500 [09:36<08:40,  1.27it/s, buffer=160000, ret=10.58, success=0.00]
Training episodes:  56%|█████▌    | 841/1500 [09:36<08:43,  1.26it/s, buffer=160000, ret=10.58, success=0.00]
Training episodes:  56%|█████▌    | 841/1500 [09:36<08:43,  1.26it/s, buffer=160000, ret=11.97, success=0.00]
Training episodes:  56%|█████▌    | 842/1500 [09:36<08:39,  1.27it/s, buffer=160000, ret=11.97, success=0.00]
Training episodes:  56%|█████▌    | 842/1500 [09:37<08:39,  1.27it/s, buffer=160000, ret=10.53, success=0.00]
Training episodes:  56%|█████▌    | 843/1500 [09:37<08:40,  1.26it/s, buffer=160000, ret=10.53, success=0.00]
Training episodes:  56%|█████▌    | 843/1500 [09:38<08:40,  1.26it/s, buffer=160000, ret=11.61, success=0.00]
Training episodes:  56%|█████▋    | 844/1500 [09:38<08:37,  1.27it/s, buffer=160000, ret=11.61, success=0.00]
Training episodes:  56%|█████▋    | 844/1500 [09:39<08:37,  1.27it/s, buffer=160000, ret=12.24, success=0.00]
Training episodes:  56%|█████▋    | 845/1500 [09:39<08:32,  1.28it/s, buffer=160000, ret=12.24, success=0.00]
Training episodes:  56%|█████▋    | 845/1500 [09:39<08:32,  1.28it/s, buffer=160000, ret=11.00, success=0.00]
Training episodes:  56%|█████▋    | 846/1500 [09:39<08:30,  1.28it/s, buffer=160000, ret=11.00, success=0.00]
Training episodes:  56%|█████▋    | 846/1500 [09:40<08:30,  1.28it/s, buffer=160000, ret=10.34, success=0.00]
Training episodes:  56%|█████▋    | 847/1500 [09:40<08:33,  1.27it/s, buffer=160000, ret=10.34, success=0.00]
Training episodes:  56%|█████▋    | 847/1500 [09:41<08:33,  1.27it/s, buffer=160000, ret=9.36, success=0.00] 
Training episodes:  57%|█████▋    | 848/1500 [09:41<08:35,  1.27it/s, buffer=160000, ret=9.36, success=0.00]
Training episodes:  57%|█████▋    | 848/1500 [09:42<08:35,  1.27it/s, buffer=160000, ret=9.98, success=0.00]
Training episodes:  57%|█████▋    | 849/1500 [09:42<08:36,  1.26it/s, buffer=160000, ret=9.98, success=0.00]
Training episodes:  57%|█████▋    | 849/1500 [09:43<08:36,  1.26it/s, buffer=160000, ret=11.47, success=0.00]wandb: WARNING `fps` argument does not affect the frame rate of the video when providing a file path or raw bytes.

Training episodes:  57%|█████▋    | 850/1500 [09:43<10:40,  1.01it/s, buffer=160000, ret=11.47, success=0.00]
Training episodes:  57%|█████▋    | 850/1500 [09:44<10:40,  1.01it/s, buffer=160000, ret=12.74, success=0.00]
Training episodes:  57%|█████▋    | 851/1500 [09:44<10:02,  1.08it/s, buffer=160000, ret=12.74, success=0.00]
Training episodes:  57%|█████▋    | 851/1500 [09:45<10:02,  1.08it/s, buffer=160000, ret=10.90, success=0.00]
Training episodes:  57%|█████▋    | 852/1500 [09:45<09:35,  1.13it/s, buffer=160000, ret=10.90, success=0.00]
Training episodes:  57%|█████▋    | 852/1500 [09:46<09:35,  1.13it/s, buffer=160000, ret=10.60, success=0.00]
Training episodes:  57%|█████▋    | 853/1500 [09:46<09:14,  1.17it/s, buffer=160000, ret=10.60, success=0.00]
Training episodes:  57%|█████▋    | 853/1500 [09:46<09:14,  1.17it/s, buffer=160000, ret=11.45, success=0.00]
Training episodes:  57%|█████▋    | 854/1500 [09:46<09:00,  1.19it/s, buffer=160000, ret=11.45, success=0.00]
Training episodes:  57%|█████▋    | 854/1500 [09:47<09:00,  1.19it/s, buffer=160000, ret=11.06, success=0.00]
Training episodes:  57%|█████▋    | 855/1500 [09:47<08:51,  1.21it/s, buffer=160000, ret=11.06, success=0.00]
Training episodes:  57%|█████▋    | 855/1500 [09:48<08:51,  1.21it/s, buffer=160000, ret=10.72, success=0.00]
Training episodes:  57%|█████▋    | 856/1500 [09:48<08:46,  1.22it/s, buffer=160000, ret=10.72, success=0.00]
Training episodes:  57%|█████▋    | 856/1500 [09:49<08:46,  1.22it/s, buffer=160000, ret=12.13, success=0.00]
Training episodes:  57%|█████▋    | 857/1500 [09:49<08:45,  1.22it/s, buffer=160000, ret=12.13, success=0.00]
Training episodes:  57%|█████▋    | 857/1500 [09:50<08:45,  1.22it/s, buffer=160000, ret=10.42, success=0.00]
Training episodes:  57%|█████▋    | 858/1500 [09:50<08:43,  1.23it/s, buffer=160000, ret=10.42, success=0.00]
Training episodes:  57%|█████▋    | 858/1500 [09:50<08:43,  1.23it/s, buffer=160000, ret=10.66, success=0.00]
Training episodes:  57%|█████▋    | 859/1500 [09:50<08:40,  1.23it/s, buffer=160000, ret=10.66, success=0.00]
Training episodes:  57%|█████▋    | 859/1500 [09:51<08:40,  1.23it/s, buffer=160000, ret=10.72, success=0.00]
Training episodes:  57%|█████▋    | 860/1500 [09:51<08:39,  1.23it/s, buffer=160000, ret=10.72, success=0.00]
Training episodes:  57%|█████▋    | 860/1500 [09:52<08:39,  1.23it/s, buffer=160000, ret=10.41, success=0.00]
Training episodes:  57%|█████▋    | 861/1500 [09:52<08:35,  1.24it/s, buffer=160000, ret=10.41, success=0.00]
Training episodes:  57%|█████▋    | 861/1500 [09:53<08:35,  1.24it/s, buffer=160000, ret=12.14, success=0.00]
Training episodes:  57%|█████▋    | 862/1500 [09:53<08:32,  1.25it/s, buffer=160000, ret=12.14, success=0.00]
Training episodes:  57%|█████▋    | 862/1500 [09:54<08:32,  1.25it/s, buffer=160000, ret=9.51, success=0.00] 
Training episodes:  58%|█████▊    | 863/1500 [09:54<08:32,  1.24it/s, buffer=160000, ret=9.51, success=0.00]
Training episodes:  58%|█████▊    | 863/1500 [09:54<08:32,  1.24it/s, buffer=160000, ret=11.81, success=0.00]
Training episodes:  58%|█████▊    | 864/1500 [09:54<08:31,  1.24it/s, buffer=160000, ret=11.81, success=0.00]
Training episodes:  58%|█████▊    | 864/1500 [09:55<08:31,  1.24it/s, buffer=160000, ret=12.60, success=0.00]
Training episodes:  58%|█████▊    | 865/1500 [09:55<08:32,  1.24it/s, buffer=160000, ret=12.60, success=0.00]
Training episodes:  58%|█████▊    | 865/1500 [09:56<08:32,  1.24it/s, buffer=160000, ret=12.60, success=0.00]
Training episodes:  58%|█████▊    | 866/1500 [09:56<08:38,  1.22it/s, buffer=160000, ret=12.60, success=0.00]
Training episodes:  58%|█████▊    | 866/1500 [09:57<08:38,  1.22it/s, buffer=160000, ret=12.84, success=0.00]
Training episodes:  58%|█████▊    | 867/1500 [09:57<08:34,  1.23it/s, buffer=160000, ret=12.84, success=0.00]
Training episodes:  58%|█████▊    | 867/1500 [09:58<08:34,  1.23it/s, buffer=160000, ret=11.20, success=0.00]
Training episodes:  58%|█████▊    | 868/1500 [09:58<08:34,  1.23it/s, buffer=160000, ret=11.20, success=0.00]
Training episodes:  58%|█████▊    | 868/1500 [09:59<08:34,  1.23it/s, buffer=160000, ret=12.42, success=0.00]
Training episodes:  58%|█████▊    | 869/1500 [09:59<08:31,  1.23it/s, buffer=160000, ret=12.42, success=0.00]
Training episodes:  58%|█████▊    | 869/1500 [09:59<08:31,  1.23it/s, buffer=160000, ret=11.79, success=0.00]
Training episodes:  58%|█████▊    | 870/1500 [09:59<08:28,  1.24it/s, buffer=160000, ret=11.79, success=0.00]
Training episodes:  58%|█████▊    | 870/1500 [10:00<08:28,  1.24it/s, buffer=160000, ret=11.58, success=0.00]
Training episodes:  58%|█████▊    | 871/1500 [10:00<08:29,  1.24it/s, buffer=160000, ret=11.58, success=0.00]
Training episodes:  58%|█████▊    | 871/1500 [10:01<08:29,  1.24it/s, buffer=160000, ret=12.28, success=0.00]
Training episodes:  58%|█████▊    | 872/1500 [10:01<08:25,  1.24it/s, buffer=160000, ret=12.28, success=0.00]
Training episodes:  58%|█████▊    | 872/1500 [10:02<08:25,  1.24it/s, buffer=160000, ret=10.98, success=0.00]
Training episodes:  58%|█████▊    | 873/1500 [10:02<08:25,  1.24it/s, buffer=160000, ret=10.98, success=0.00]
Training episodes:  58%|█████▊    | 873/1500 [10:03<08:25,  1.24it/s, buffer=160000, ret=11.38, success=0.00]
Training episodes:  58%|█████▊    | 874/1500 [10:03<08:26,  1.24it/s, buffer=160000, ret=11.38, success=0.00]
Training episodes:  58%|█████▊    | 874/1500 [10:03<08:26,  1.24it/s, buffer=160000, ret=11.25, success=0.00]
Training episodes:  58%|█████▊    | 875/1500 [10:03<08:24,  1.24it/s, buffer=160000, ret=11.25, success=0.00]
Training episodes:  58%|█████▊    | 875/1500 [10:04<08:24,  1.24it/s, buffer=160000, ret=10.93, success=0.00]
Training episodes:  58%|█████▊    | 876/1500 [10:04<08:25,  1.23it/s, buffer=160000, ret=10.93, success=0.00]
Training episodes:  58%|█████▊    | 876/1500 [10:05<08:25,  1.23it/s, buffer=160000, ret=10.35, success=0.00]
Training episodes:  58%|█████▊    | 877/1500 [10:05<08:24,  1.23it/s, buffer=160000, ret=10.35, success=0.00]
Training episodes:  58%|█████▊    | 877/1500 [10:06<08:24,  1.23it/s, buffer=160000, ret=12.21, success=0.00]
Training episodes:  59%|█████▊    | 878/1500 [10:06<08:24,  1.23it/s, buffer=160000, ret=12.21, success=0.00]
Training episodes:  59%|█████▊    | 878/1500 [10:07<08:24,  1.23it/s, buffer=160000, ret=9.99, success=0.00] 
Training episodes:  59%|█████▊    | 879/1500 [10:07<08:20,  1.24it/s, buffer=160000, ret=9.99, success=0.00]
Training episodes:  59%|█████▊    | 879/1500 [10:07<08:20,  1.24it/s, buffer=160000, ret=12.65, success=0.00]
Training episodes:  59%|█████▊    | 880/1500 [10:07<08:17,  1.25it/s, buffer=160000, ret=12.65, success=0.00]
Training episodes:  59%|█████▊    | 880/1500 [10:08<08:17,  1.25it/s, buffer=160000, ret=11.79, success=0.00]
Training episodes:  59%|█████▊    | 881/1500 [10:08<08:14,  1.25it/s, buffer=160000, ret=11.79, success=0.00]
Training episodes:  59%|█████▊    | 881/1500 [10:09<08:14,  1.25it/s, buffer=160000, ret=12.14, success=0.00]
Training episodes:  59%|█████▉    | 882/1500 [10:09<08:13,  1.25it/s, buffer=160000, ret=12.14, success=0.00]
Training episodes:  59%|█████▉    | 882/1500 [10:10<08:13,  1.25it/s, buffer=160000, ret=9.92, success=0.00] 
Training episodes:  59%|█████▉    | 883/1500 [10:10<08:14,  1.25it/s, buffer=160000, ret=9.92, success=0.00]
Training episodes:  59%|█████▉    | 883/1500 [10:11<08:14,  1.25it/s, buffer=160000, ret=11.98, success=0.00]
Training episodes:  59%|█████▉    | 884/1500 [10:11<08:13,  1.25it/s, buffer=160000, ret=11.98, success=0.00]
Training episodes:  59%|█████▉    | 884/1500 [10:11<08:13,  1.25it/s, buffer=160000, ret=11.99, success=0.00]
Training episodes:  59%|█████▉    | 885/1500 [10:11<08:12,  1.25it/s, buffer=160000, ret=11.99, success=0.00]
Training episodes:  59%|█████▉    | 885/1500 [10:12<08:12,  1.25it/s, buffer=160000, ret=10.35, success=0.00]
Training episodes:  59%|█████▉    | 886/1500 [10:12<08:13,  1.24it/s, buffer=160000, ret=10.35, success=0.00]
Training episodes:  59%|█████▉    | 886/1500 [10:13<08:13,  1.24it/s, buffer=160000, ret=12.17, success=0.00]
Training episodes:  59%|█████▉    | 887/1500 [10:13<08:11,  1.25it/s, buffer=160000, ret=12.17, success=0.00]
Training episodes:  59%|█████▉    | 887/1500 [10:14<08:11,  1.25it/s, buffer=160000, ret=10.83, success=0.00]
Training episodes:  59%|█████▉    | 888/1500 [10:14<08:10,  1.25it/s, buffer=160000, ret=10.83, success=0.00]
Training episodes:  59%|█████▉    | 888/1500 [10:15<08:10,  1.25it/s, buffer=160000, ret=12.57, success=0.00]
Training episodes:  59%|█████▉    | 889/1500 [10:15<08:17,  1.23it/s, buffer=160000, ret=12.57, success=0.00]
Training episodes:  59%|█████▉    | 889/1500 [10:15<08:17,  1.23it/s, buffer=160000, ret=11.96, success=0.00]
Training episodes:  59%|█████▉    | 890/1500 [10:15<08:19,  1.22it/s, buffer=160000, ret=11.96, success=0.00]
Training episodes:  59%|█████▉    | 890/1500 [10:16<08:19,  1.22it/s, buffer=160000, ret=12.27, success=0.00]
Training episodes:  59%|█████▉    | 891/1500 [10:16<08:16,  1.23it/s, buffer=160000, ret=12.27, success=0.00]
Training episodes:  59%|█████▉    | 891/1500 [10:17<08:16,  1.23it/s, buffer=160000, ret=11.46, success=0.00]
Training episodes:  59%|█████▉    | 892/1500 [10:17<08:14,  1.23it/s, buffer=160000, ret=11.46, success=0.00]
Training episodes:  59%|█████▉    | 892/1500 [10:18<08:14,  1.23it/s, buffer=160000, ret=11.39, success=0.00]
Training episodes:  60%|█████▉    | 893/1500 [10:18<08:12,  1.23it/s, buffer=160000, ret=11.39, success=0.00]
Training episodes:  60%|█████▉    | 893/1500 [10:19<08:12,  1.23it/s, buffer=160000, ret=11.44, success=0.00]
Training episodes:  60%|█████▉    | 894/1500 [10:19<08:08,  1.24it/s, buffer=160000, ret=11.44, success=0.00]
Training episodes:  60%|█████▉    | 894/1500 [10:19<08:08,  1.24it/s, buffer=160000, ret=11.72, success=0.00]
Training episodes:  60%|█████▉    | 895/1500 [10:19<08:05,  1.24it/s, buffer=160000, ret=11.72, success=0.00]
Training episodes:  60%|█████▉    | 895/1500 [10:20<08:05,  1.24it/s, buffer=160000, ret=12.19, success=0.00]
Training episodes:  60%|█████▉    | 896/1500 [10:20<08:05,  1.24it/s, buffer=160000, ret=12.19, success=0.00]
Training episodes:  60%|█████▉    | 896/1500 [10:21<08:05,  1.24it/s, buffer=160000, ret=11.68, success=0.00]
Training episodes:  60%|█████▉    | 897/1500 [10:21<08:07,  1.24it/s, buffer=160000, ret=11.68, success=0.00]
Training episodes:  60%|█████▉    | 897/1500 [10:22<08:07,  1.24it/s, buffer=160000, ret=9.36, success=0.00] 
Training episodes:  60%|█████▉    | 898/1500 [10:22<08:05,  1.24it/s, buffer=160000, ret=9.36, success=0.00]
Training episodes:  60%|█████▉    | 898/1500 [10:23<08:05,  1.24it/s, buffer=160000, ret=12.60, success=0.00]
Training episodes:  60%|█████▉    | 899/1500 [10:23<08:02,  1.25it/s, buffer=160000, ret=12.60, success=0.00]
Training episodes:  60%|█████▉    | 899/1500 [10:23<08:02,  1.25it/s, buffer=160000, ret=10.82, success=0.00]wandb: WARNING `fps` argument does not affect the frame rate of the video when providing a file path or raw bytes.

Training episodes:  60%|██████    | 900/1500 [10:24<09:50,  1.02it/s, buffer=160000, ret=10.82, success=0.00]
Training episodes:  60%|██████    | 900/1500 [10:25<09:50,  1.02it/s, buffer=160000, ret=10.36, success=0.00]
Training episodes:  60%|██████    | 901/1500 [10:25<09:24,  1.06it/s, buffer=160000, ret=10.36, success=0.00]
Training episodes:  60%|██████    | 901/1500 [10:26<09:24,  1.06it/s, buffer=160000, ret=10.86, success=0.00]
Training episodes:  60%|██████    | 902/1500 [10:26<08:59,  1.11it/s, buffer=160000, ret=10.86, success=0.00]
Training episodes:  60%|██████    | 902/1500 [10:27<08:59,  1.11it/s, buffer=160000, ret=12.09, success=0.00]
Training episodes:  60%|██████    | 903/1500 [10:27<08:44,  1.14it/s, buffer=160000, ret=12.09, success=0.00]
Training episodes:  60%|██████    | 903/1500 [10:27<08:44,  1.14it/s, buffer=160000, ret=9.63, success=0.00] 
Training episodes:  60%|██████    | 904/1500 [10:27<08:34,  1.16it/s, buffer=160000, ret=9.63, success=0.00]
Training episodes:  60%|██████    | 904/1500 [10:28<08:34,  1.16it/s, buffer=160000, ret=10.13, success=0.00]
Training episodes:  60%|██████    | 905/1500 [10:28<08:23,  1.18it/s, buffer=160000, ret=10.13, success=0.00]
Training episodes:  60%|██████    | 905/1500 [10:29<08:23,  1.18it/s, buffer=160000, ret=11.18, success=0.00]
Training episodes:  60%|██████    | 906/1500 [10:29<08:15,  1.20it/s, buffer=160000, ret=11.18, success=0.00]
Training episodes:  60%|██████    | 906/1500 [10:30<08:15,  1.20it/s, buffer=160000, ret=9.68, success=0.00] 
Training episodes:  60%|██████    | 907/1500 [10:30<08:07,  1.22it/s, buffer=160000, ret=9.68, success=0.00]
Training episodes:  60%|██████    | 907/1500 [10:31<08:07,  1.22it/s, buffer=160000, ret=11.94, success=0.00]
Training episodes:  61%|██████    | 908/1500 [10:31<08:03,  1.22it/s, buffer=160000, ret=11.94, success=0.00]
Training episodes:  61%|██████    | 908/1500 [10:31<08:03,  1.22it/s, buffer=160000, ret=10.35, success=0.00]
Training episodes:  61%|██████    | 909/1500 [10:31<07:58,  1.23it/s, buffer=160000, ret=10.35, success=0.00]
Training episodes:  61%|██████    | 909/1500 [10:32<07:58,  1.23it/s, buffer=160000, ret=10.60, success=0.00]
Training episodes:  61%|██████    | 910/1500 [10:32<07:54,  1.24it/s, buffer=160000, ret=10.60, success=0.00]
Training episodes:  61%|██████    | 910/1500 [10:33<07:54,  1.24it/s, buffer=160000, ret=12.28, success=0.00]
Training episodes:  61%|██████    | 911/1500 [10:33<07:53,  1.24it/s, buffer=160000, ret=12.28, success=0.00]
Training episodes:  61%|██████    | 911/1500 [10:34<07:53,  1.24it/s, buffer=160000, ret=13.01, success=0.00]
Training episodes:  61%|██████    | 912/1500 [10:34<07:47,  1.26it/s, buffer=160000, ret=13.01, success=0.00]
Training episodes:  61%|██████    | 912/1500 [10:35<07:47,  1.26it/s, buffer=160000, ret=11.28, success=0.00]
Training episodes:  61%|██████    | 913/1500 [10:35<07:47,  1.26it/s, buffer=160000, ret=11.28, success=0.00]
Training episodes:  61%|██████    | 913/1500 [10:35<07:47,  1.26it/s, buffer=160000, ret=11.87, success=0.00]
Training episodes:  61%|██████    | 914/1500 [10:35<07:46,  1.26it/s, buffer=160000, ret=11.87, success=0.00]
Training episodes:  61%|██████    | 914/1500 [10:36<07:46,  1.26it/s, buffer=160000, ret=12.11, success=0.00]
Training episodes:  61%|██████    | 915/1500 [10:36<07:46,  1.25it/s, buffer=160000, ret=12.11, success=0.00]
Training episodes:  61%|██████    | 915/1500 [10:37<07:46,  1.25it/s, buffer=160000, ret=11.82, success=0.00]
Training episodes:  61%|██████    | 916/1500 [10:37<07:44,  1.26it/s, buffer=160000, ret=11.82, success=0.00]
Training episodes:  61%|██████    | 916/1500 [10:38<07:44,  1.26it/s, buffer=160000, ret=11.34, success=0.00]
Training episodes:  61%|██████    | 917/1500 [10:38<07:47,  1.25it/s, buffer=160000, ret=11.34, success=0.00]
Training episodes:  61%|██████    | 917/1500 [10:39<07:47,  1.25it/s, buffer=160000, ret=7.39, success=0.00] 
Training episodes:  61%|██████    | 918/1500 [10:39<07:43,  1.26it/s, buffer=160000, ret=7.39, success=0.00]
Training episodes:  61%|██████    | 918/1500 [10:39<07:43,  1.26it/s, buffer=160000, ret=12.43, success=0.00]
Training episodes:  61%|██████▏   | 919/1500 [10:39<07:41,  1.26it/s, buffer=160000, ret=12.43, success=0.00]
Training episodes:  61%|██████▏   | 919/1500 [10:40<07:41,  1.26it/s, buffer=160000, ret=10.44, success=0.00]
Training episodes:  61%|██████▏   | 920/1500 [10:40<07:40,  1.26it/s, buffer=160000, ret=10.44, success=0.00]
Training episodes:  61%|██████▏   | 920/1500 [10:41<07:40,  1.26it/s, buffer=160000, ret=8.12, success=0.00] 
Training episodes:  61%|██████▏   | 921/1500 [10:41<07:38,  1.26it/s, buffer=160000, ret=8.12, success=0.00]
Training episodes:  61%|██████▏   | 921/1500 [10:42<07:38,  1.26it/s, buffer=160000, ret=10.78, success=0.00]
Training episodes:  61%|██████▏   | 922/1500 [10:42<07:37,  1.26it/s, buffer=160000, ret=10.78, success=0.00]
Training episodes:  61%|██████▏   | 922/1500 [10:43<07:37,  1.26it/s, buffer=160000, ret=11.53, success=0.00]
Training episodes:  62%|██████▏   | 923/1500 [10:43<07:37,  1.26it/s, buffer=160000, ret=11.53, success=0.00]
Training episodes:  62%|██████▏   | 923/1500 [10:43<07:37,  1.26it/s, buffer=160000, ret=10.24, success=0.00]
Training episodes:  62%|██████▏   | 924/1500 [10:43<07:38,  1.26it/s, buffer=160000, ret=10.24, success=0.00]
Training episodes:  62%|██████▏   | 924/1500 [10:44<07:38,  1.26it/s, buffer=160000, ret=10.29, success=0.00]
Training episodes:  62%|██████▏   | 925/1500 [10:44<07:39,  1.25it/s, buffer=160000, ret=10.29, success=0.00]
Training episodes:  62%|██████▏   | 925/1500 [10:45<07:39,  1.25it/s, buffer=160000, ret=10.08, success=0.00]
Training episodes:  62%|██████▏   | 926/1500 [10:45<07:36,  1.26it/s, buffer=160000, ret=10.08, success=0.00]
Training episodes:  62%|██████▏   | 926/1500 [10:46<07:36,  1.26it/s, buffer=160000, ret=11.49, success=0.00]
Training episodes:  62%|██████▏   | 927/1500 [10:46<07:34,  1.26it/s, buffer=160000, ret=11.49, success=0.00]
Training episodes:  62%|██████▏   | 927/1500 [10:47<07:34,  1.26it/s, buffer=160000, ret=11.41, success=0.00]
Training episodes:  62%|██████▏   | 928/1500 [10:47<07:35,  1.26it/s, buffer=160000, ret=11.41, success=0.00]
Training episodes:  62%|██████▏   | 928/1500 [10:47<07:35,  1.26it/s, buffer=160000, ret=11.73, success=0.00]
Training episodes:  62%|██████▏   | 929/1500 [10:47<07:37,  1.25it/s, buffer=160000, ret=11.73, success=0.00]
Training episodes:  62%|██████▏   | 929/1500 [10:48<07:37,  1.25it/s, buffer=160000, ret=11.50, success=0.00]
Training episodes:  62%|██████▏   | 930/1500 [10:48<07:35,  1.25it/s, buffer=160000, ret=11.50, success=0.00]
Training episodes:  62%|██████▏   | 930/1500 [10:49<07:35,  1.25it/s, buffer=160000, ret=12.74, success=0.00]
Training episodes:  62%|██████▏   | 931/1500 [10:49<07:32,  1.26it/s, buffer=160000, ret=12.74, success=0.00]
Training episodes:  62%|██████▏   | 931/1500 [10:50<07:32,  1.26it/s, buffer=160000, ret=11.29, success=0.00]
Training episodes:  62%|██████▏   | 932/1500 [10:50<07:29,  1.26it/s, buffer=160000, ret=11.29, success=0.00]
Training episodes:  62%|██████▏   | 932/1500 [10:50<07:29,  1.26it/s, buffer=160000, ret=10.66, success=0.00]
Training episodes:  62%|██████▏   | 933/1500 [10:50<07:27,  1.27it/s, buffer=160000, ret=10.66, success=0.00]
Training episodes:  62%|██████▏   | 933/1500 [10:51<07:27,  1.27it/s, buffer=160000, ret=12.06, success=0.00]
Training episodes:  62%|██████▏   | 934/1500 [10:51<07:28,  1.26it/s, buffer=160000, ret=12.06, success=0.00]
Training episodes:  62%|██████▏   | 934/1500 [10:52<07:28,  1.26it/s, buffer=160000, ret=10.41, success=0.00]
Training episodes:  62%|██████▏   | 935/1500 [10:52<07:27,  1.26it/s, buffer=160000, ret=10.41, success=0.00]
Training episodes:  62%|██████▏   | 935/1500 [10:53<07:27,  1.26it/s, buffer=160000, ret=11.22, success=0.00]
Training episodes:  62%|██████▏   | 936/1500 [10:53<07:28,  1.26it/s, buffer=160000, ret=11.22, success=0.00]
Training episodes:  62%|██████▏   | 936/1500 [10:54<07:28,  1.26it/s, buffer=160000, ret=10.49, success=0.00]
Training episodes:  62%|██████▏   | 937/1500 [10:54<07:31,  1.25it/s, buffer=160000, ret=10.49, success=0.00]
Training episodes:  62%|██████▏   | 937/1500 [10:54<07:31,  1.25it/s, buffer=160000, ret=12.38, success=0.00]
Training episodes:  63%|██████▎   | 938/1500 [10:54<07:32,  1.24it/s, buffer=160000, ret=12.38, success=0.00]
Training episodes:  63%|██████▎   | 938/1500 [10:55<07:32,  1.24it/s, buffer=160000, ret=11.28, success=0.00]
Training episodes:  63%|██████▎   | 939/1500 [10:55<07:31,  1.24it/s, buffer=160000, ret=11.28, success=0.00]
Training episodes:  63%|██████▎   | 939/1500 [10:56<07:31,  1.24it/s, buffer=160000, ret=11.19, success=0.00]
Training episodes:  63%|██████▎   | 940/1500 [10:56<07:29,  1.24it/s, buffer=160000, ret=11.19, success=0.00]
Training episodes:  63%|██████▎   | 940/1500 [10:57<07:29,  1.24it/s, buffer=160000, ret=12.47, success=0.00]
Training episodes:  63%|██████▎   | 941/1500 [10:57<07:31,  1.24it/s, buffer=160000, ret=12.47, success=0.00]
Training episodes:  63%|██████▎   | 941/1500 [10:58<07:31,  1.24it/s, buffer=160000, ret=10.84, success=0.00]
Training episodes:  63%|██████▎   | 942/1500 [10:58<07:31,  1.24it/s, buffer=160000, ret=10.84, success=0.00]
Training episodes:  63%|██████▎   | 942/1500 [10:59<07:31,  1.24it/s, buffer=160000, ret=12.29, success=0.00]
Training episodes:  63%|██████▎   | 943/1500 [10:59<07:27,  1.24it/s, buffer=160000, ret=12.29, success=0.00]
Training episodes:  63%|██████▎   | 943/1500 [10:59<07:27,  1.24it/s, buffer=160000, ret=9.44, success=0.00] 
Training episodes:  63%|██████▎   | 944/1500 [10:59<07:26,  1.24it/s, buffer=160000, ret=9.44, success=0.00]
Training episodes:  63%|██████▎   | 944/1500 [11:00<07:26,  1.24it/s, buffer=160000, ret=12.77, success=0.00]
Training episodes:  63%|██████▎   | 945/1500 [11:00<07:28,  1.24it/s, buffer=160000, ret=12.77, success=0.00]
Training episodes:  63%|██████▎   | 945/1500 [11:01<07:28,  1.24it/s, buffer=160000, ret=13.40, success=0.00]
Training episodes:  63%|██████▎   | 946/1500 [11:01<07:26,  1.24it/s, buffer=160000, ret=13.40, success=0.00]
Training episodes:  63%|██████▎   | 946/1500 [11:02<07:26,  1.24it/s, buffer=160000, ret=12.04, success=0.00]
Training episodes:  63%|██████▎   | 947/1500 [11:02<07:29,  1.23it/s, buffer=160000, ret=12.04, success=0.00]
Training episodes:  63%|██████▎   | 947/1500 [11:03<07:29,  1.23it/s, buffer=160000, ret=10.08, success=0.00]
Training episodes:  63%|██████▎   | 948/1500 [11:03<07:25,  1.24it/s, buffer=160000, ret=10.08, success=0.00]
Training episodes:  63%|██████▎   | 948/1500 [11:03<07:25,  1.24it/s, buffer=160000, ret=12.61, success=0.00]
Training episodes:  63%|██████▎   | 949/1500 [11:03<07:24,  1.24it/s, buffer=160000, ret=12.61, success=0.00]
Training episodes:  63%|██████▎   | 949/1500 [11:04<07:24,  1.24it/s, buffer=160000, ret=5.36, success=0.00] wandb: WARNING `fps` argument does not affect the frame rate of the video when providing a file path or raw bytes.

Training episodes:  63%|██████▎   | 950/1500 [11:05<09:03,  1.01it/s, buffer=160000, ret=5.36, success=0.00]
Training episodes:  63%|██████▎   | 950/1500 [11:06<09:03,  1.01it/s, buffer=160000, ret=7.68, success=0.00]
Training episodes:  63%|██████▎   | 951/1500 [11:06<08:33,  1.07it/s, buffer=160000, ret=7.68, success=0.00]
Training episodes:  63%|██████▎   | 951/1500 [11:06<08:33,  1.07it/s, buffer=160000, ret=8.52, success=0.00]
Training episodes:  63%|██████▎   | 952/1500 [11:06<08:12,  1.11it/s, buffer=160000, ret=8.52, success=0.00]
Training episodes:  63%|██████▎   | 952/1500 [11:07<08:12,  1.11it/s, buffer=160000, ret=10.34, success=0.00]
Training episodes:  64%|██████▎   | 953/1500 [11:07<07:57,  1.14it/s, buffer=160000, ret=10.34, success=0.00]
Training episodes:  64%|██████▎   | 953/1500 [11:08<07:57,  1.14it/s, buffer=160000, ret=10.13, success=0.00]
Training episodes:  64%|██████▎   | 954/1500 [11:08<07:46,  1.17it/s, buffer=160000, ret=10.13, success=0.00]
Training episodes:  64%|██████▎   | 954/1500 [11:09<07:46,  1.17it/s, buffer=160000, ret=12.64, success=0.00]
Training episodes:  64%|██████▎   | 955/1500 [11:09<07:43,  1.18it/s, buffer=160000, ret=12.64, success=0.00]
Training episodes:  64%|██████▎   | 955/1500 [11:10<07:43,  1.18it/s, buffer=160000, ret=11.76, success=0.00]
Training episodes:  64%|██████▎   | 956/1500 [11:10<07:34,  1.20it/s, buffer=160000, ret=11.76, success=0.00]
Training episodes:  64%|██████▎   | 956/1500 [11:11<07:34,  1.20it/s, buffer=160000, ret=11.41, success=0.00]
Training episodes:  64%|██████▍   | 957/1500 [11:11<07:32,  1.20it/s, buffer=160000, ret=11.41, success=0.00]
Training episodes:  64%|██████▍   | 957/1500 [11:11<07:32,  1.20it/s, buffer=160000, ret=11.36, success=0.00]
Training episodes:  64%|██████▍   | 958/1500 [11:11<07:30,  1.20it/s, buffer=160000, ret=11.36, success=0.00]
Training episodes:  64%|██████▍   | 958/1500 [11:12<07:30,  1.20it/s, buffer=160000, ret=10.47, success=0.00]
Training episodes:  64%|██████▍   | 959/1500 [11:12<07:24,  1.22it/s, buffer=160000, ret=10.47, success=0.00]
Training episodes:  64%|██████▍   | 959/1500 [11:13<07:24,  1.22it/s, buffer=160000, ret=11.53, success=0.00]
Training episodes:  64%|██████▍   | 960/1500 [11:13<07:18,  1.23it/s, buffer=160000, ret=11.53, success=0.00]
Training episodes:  64%|██████▍   | 960/1500 [11:14<07:18,  1.23it/s, buffer=160000, ret=10.96, success=0.00]
Training episodes:  64%|██████▍   | 961/1500 [11:14<07:15,  1.24it/s, buffer=160000, ret=10.96, success=0.00]
Training episodes:  64%|██████▍   | 961/1500 [11:15<07:15,  1.24it/s, buffer=160000, ret=11.13, success=0.00]
Training episodes:  64%|██████▍   | 962/1500 [11:15<07:11,  1.25it/s, buffer=160000, ret=11.13, success=0.00]
Training episodes:  64%|██████▍   | 962/1500 [11:15<07:11,  1.25it/s, buffer=160000, ret=11.55, success=0.00]
Training episodes:  64%|██████▍   | 963/1500 [11:15<07:08,  1.25it/s, buffer=160000, ret=11.55, success=0.00]
Training episodes:  64%|██████▍   | 963/1500 [11:16<07:08,  1.25it/s, buffer=160000, ret=11.96, success=0.00]
Training episodes:  64%|██████▍   | 964/1500 [11:16<07:07,  1.25it/s, buffer=160000, ret=11.96, success=0.00]
Training episodes:  64%|██████▍   | 964/1500 [11:17<07:07,  1.25it/s, buffer=160000, ret=10.33, success=0.00]
Training episodes:  64%|██████▍   | 965/1500 [11:17<07:08,  1.25it/s, buffer=160000, ret=10.33, success=0.00]
Training episodes:  64%|██████▍   | 965/1500 [11:18<07:08,  1.25it/s, buffer=160000, ret=11.26, success=0.00]
Training episodes:  64%|██████▍   | 966/1500 [11:18<07:07,  1.25it/s, buffer=160000, ret=11.26, success=0.00]
Training episodes:  64%|██████▍   | 966/1500 [11:19<07:07,  1.25it/s, buffer=160000, ret=11.80, success=0.00]
Training episodes:  64%|██████▍   | 967/1500 [11:19<07:07,  1.25it/s, buffer=160000, ret=11.80, success=0.00]
Training episodes:  64%|██████▍   | 967/1500 [11:19<07:07,  1.25it/s, buffer=160000, ret=10.36, success=0.00]
Training episodes:  65%|██████▍   | 968/1500 [11:19<07:06,  1.25it/s, buffer=160000, ret=10.36, success=0.00]
Training episodes:  65%|██████▍   | 968/1500 [11:20<07:06,  1.25it/s, buffer=160000, ret=12.86, success=0.00]
Training episodes:  65%|██████▍   | 969/1500 [11:20<07:03,  1.25it/s, buffer=160000, ret=12.86, success=0.00]
Training episodes:  65%|██████▍   | 969/1500 [11:21<07:03,  1.25it/s, buffer=160000, ret=12.65, success=0.00]
Training episodes:  65%|██████▍   | 970/1500 [11:21<07:05,  1.25it/s, buffer=160000, ret=12.65, success=0.00]
Training episodes:  65%|██████▍   | 970/1500 [11:22<07:05,  1.25it/s, buffer=160000, ret=9.52, success=0.00] 
Training episodes:  65%|██████▍   | 971/1500 [11:22<07:02,  1.25it/s, buffer=160000, ret=9.52, success=0.00]
Training episodes:  65%|██████▍   | 971/1500 [11:22<07:02,  1.25it/s, buffer=160000, ret=10.29, success=0.00]
Training episodes:  65%|██████▍   | 972/1500 [11:22<07:01,  1.25it/s, buffer=160000, ret=10.29, success=0.00]
Training episodes:  65%|██████▍   | 972/1500 [11:23<07:01,  1.25it/s, buffer=160000, ret=11.16, success=0.00]
Training episodes:  65%|██████▍   | 973/1500 [11:23<06:59,  1.26it/s, buffer=160000, ret=11.16, success=0.00]
Training episodes:  65%|██████▍   | 973/1500 [11:24<06:59,  1.26it/s, buffer=160000, ret=11.63, success=0.00]
Training episodes:  65%|██████▍   | 974/1500 [11:24<07:00,  1.25it/s, buffer=160000, ret=11.63, success=0.00]
Training episodes:  65%|██████▍   | 974/1500 [11:25<07:00,  1.25it/s, buffer=160000, ret=12.13, success=0.00]
Training episodes:  65%|██████▌   | 975/1500 [11:25<06:57,  1.26it/s, buffer=160000, ret=12.13, success=0.00]
Training episodes:  65%|██████▌   | 975/1500 [11:26<06:57,  1.26it/s, buffer=160000, ret=11.07, success=0.00]
Training episodes:  65%|██████▌   | 976/1500 [11:26<06:57,  1.25it/s, buffer=160000, ret=11.07, success=0.00]
Training episodes:  65%|██████▌   | 976/1500 [11:26<06:57,  1.25it/s, buffer=160000, ret=12.33, success=0.00]
Training episodes:  65%|██████▌   | 977/1500 [11:26<06:58,  1.25it/s, buffer=160000, ret=12.33, success=0.00]
Training episodes:  65%|██████▌   | 977/1500 [11:27<06:58,  1.25it/s, buffer=160000, ret=11.34, success=0.00]
Training episodes:  65%|██████▌   | 978/1500 [11:27<06:56,  1.25it/s, buffer=160000, ret=11.34, success=0.00]
Training episodes:  65%|██████▌   | 978/1500 [11:28<06:56,  1.25it/s, buffer=160000, ret=11.59, success=0.00]
Training episodes:  65%|██████▌   | 979/1500 [11:28<06:55,  1.26it/s, buffer=160000, ret=11.59, success=0.00]
Training episodes:  65%|██████▌   | 979/1500 [11:29<06:55,  1.26it/s, buffer=160000, ret=11.57, success=0.00]
Training episodes:  65%|██████▌   | 980/1500 [11:29<06:57,  1.25it/s, buffer=160000, ret=11.57, success=0.00]
Training episodes:  65%|██████▌   | 980/1500 [11:30<06:57,  1.25it/s, buffer=160000, ret=10.87, success=0.00]
Training episodes:  65%|██████▌   | 981/1500 [11:30<06:57,  1.24it/s, buffer=160000, ret=10.87, success=0.00]
Training episodes:  65%|██████▌   | 981/1500 [11:30<06:57,  1.24it/s, buffer=160000, ret=12.34, success=0.00]
Training episodes:  65%|██████▌   | 982/1500 [11:30<06:53,  1.25it/s, buffer=160000, ret=12.34, success=0.00]
Training episodes:  65%|██████▌   | 982/1500 [11:31<06:53,  1.25it/s, buffer=160000, ret=10.50, success=0.00]
Training episodes:  66%|██████▌   | 983/1500 [11:31<06:52,  1.25it/s, buffer=160000, ret=10.50, success=0.00]
Training episodes:  66%|██████▌   | 983/1500 [11:32<06:52,  1.25it/s, buffer=160000, ret=12.58, success=0.00]
Training episodes:  66%|██████▌   | 984/1500 [11:32<06:52,  1.25it/s, buffer=160000, ret=12.58, success=0.00]
Training episodes:  66%|██████▌   | 984/1500 [11:33<06:52,  1.25it/s, buffer=160000, ret=10.28, success=0.00]
Training episodes:  66%|██████▌   | 985/1500 [11:33<06:50,  1.25it/s, buffer=160000, ret=10.28, success=0.00]
Training episodes:  66%|██████▌   | 985/1500 [11:34<06:50,  1.25it/s, buffer=160000, ret=13.34, success=0.00]
Training episodes:  66%|██████▌   | 986/1500 [11:34<06:47,  1.26it/s, buffer=160000, ret=13.34, success=0.00]
Training episodes:  66%|██████▌   | 986/1500 [11:34<06:47,  1.26it/s, buffer=160000, ret=9.94, success=0.00] 
Training episodes:  66%|██████▌   | 987/1500 [11:34<06:46,  1.26it/s, buffer=160000, ret=9.94, success=0.00]
Training episodes:  66%|██████▌   | 987/1500 [11:35<06:46,  1.26it/s, buffer=160000, ret=11.65, success=0.00]
Training episodes:  66%|██████▌   | 988/1500 [11:35<06:46,  1.26it/s, buffer=160000, ret=11.65, success=0.00]
Training episodes:  66%|██████▌   | 988/1500 [11:36<06:46,  1.26it/s, buffer=160000, ret=12.75, success=0.00]
Training episodes:  66%|██████▌   | 989/1500 [11:36<06:41,  1.27it/s, buffer=160000, ret=12.75, success=0.00]
Training episodes:  66%|██████▌   | 989/1500 [11:37<06:41,  1.27it/s, buffer=160000, ret=10.71, success=0.00]
Training episodes:  66%|██████▌   | 990/1500 [11:37<06:39,  1.28it/s, buffer=160000, ret=10.71, success=0.00]
Training episodes:  66%|██████▌   | 990/1500 [11:38<06:39,  1.28it/s, buffer=160000, ret=10.82, success=0.00]
Training episodes:  66%|██████▌   | 991/1500 [11:38<06:38,  1.28it/s, buffer=160000, ret=10.82, success=0.00]
Training episodes:  66%|██████▌   | 991/1500 [11:38<06:38,  1.28it/s, buffer=160000, ret=10.97, success=0.00]
Training episodes:  66%|██████▌   | 992/1500 [11:38<06:39,  1.27it/s, buffer=160000, ret=10.97, success=0.00]
Training episodes:  66%|██████▌   | 992/1500 [11:39<06:39,  1.27it/s, buffer=160000, ret=11.02, success=0.00]
Training episodes:  66%|██████▌   | 993/1500 [11:39<06:36,  1.28it/s, buffer=160000, ret=11.02, success=0.00]
Training episodes:  66%|██████▌   | 993/1500 [11:40<06:36,  1.28it/s, buffer=160000, ret=10.06, success=0.00]
Training episodes:  66%|██████▋   | 994/1500 [11:40<06:35,  1.28it/s, buffer=160000, ret=10.06, success=0.00]
Training episodes:  66%|██████▋   | 994/1500 [11:41<06:35,  1.28it/s, buffer=160000, ret=11.62, success=0.00]
Training episodes:  66%|██████▋   | 995/1500 [11:41<06:33,  1.28it/s, buffer=160000, ret=11.62, success=0.00]
Training episodes:  66%|██████▋   | 995/1500 [11:41<06:33,  1.28it/s, buffer=160000, ret=10.24, success=0.00]
Training episodes:  66%|██████▋   | 996/1500 [11:41<06:32,  1.28it/s, buffer=160000, ret=10.24, success=0.00]
Training episodes:  66%|██████▋   | 996/1500 [11:42<06:32,  1.28it/s, buffer=160000, ret=12.99, success=0.00]
Training episodes:  66%|██████▋   | 997/1500 [11:42<06:32,  1.28it/s, buffer=160000, ret=12.99, success=0.00]
Training episodes:  66%|██████▋   | 997/1500 [11:43<06:32,  1.28it/s, buffer=160000, ret=15.97, success=0.00]
Training episodes:  67%|██████▋   | 998/1500 [11:43<06:32,  1.28it/s, buffer=160000, ret=15.97, success=0.00]
Training episodes:  67%|██████▋   | 998/1500 [11:44<06:32,  1.28it/s, buffer=160000, ret=11.79, success=0.00]
Training episodes:  67%|██████▋   | 999/1500 [11:44<06:31,  1.28it/s, buffer=160000, ret=11.79, success=0.00]
Training episodes:  67%|██████▋   | 999/1500 [11:45<06:31,  1.28it/s, buffer=160000, ret=11.76, success=0.00]wandb: WARNING `fps` argument does not affect the frame rate of the video when providing a file path or raw bytes.

Training episodes:  67%|██████▋   | 1000/1500 [11:45<08:05,  1.03it/s, buffer=160000, ret=11.76, success=0.00]
Training episodes:  67%|██████▋   | 1000/1500 [11:46<08:05,  1.03it/s, buffer=160000, ret=10.93, success=0.00]
Training episodes:  67%|██████▋   | 1001/1500 [11:46<07:37,  1.09it/s, buffer=160000, ret=10.93, success=0.00]
Training episodes:  67%|██████▋   | 1001/1500 [11:47<07:37,  1.09it/s, buffer=160000, ret=16.97, success=0.00]
Training episodes:  67%|██████▋   | 1002/1500 [11:47<07:17,  1.14it/s, buffer=160000, ret=16.97, success=0.00]
Training episodes:  67%|██████▋   | 1002/1500 [11:48<07:17,  1.14it/s, buffer=160000, ret=10.00, success=0.00]
Training episodes:  67%|██████▋   | 1003/1500 [11:48<07:03,  1.17it/s, buffer=160000, ret=10.00, success=0.00]
Training episodes:  67%|██████▋   | 1003/1500 [11:48<07:03,  1.17it/s, buffer=160000, ret=10.79, success=0.00]
Training episodes:  67%|██████▋   | 1004/1500 [11:48<06:52,  1.20it/s, buffer=160000, ret=10.79, success=0.00]
Training episodes:  67%|██████▋   | 1004/1500 [11:49<06:52,  1.20it/s, buffer=160000, ret=9.81, success=0.00] 
Training episodes:  67%|██████▋   | 1005/1500 [11:49<06:43,  1.23it/s, buffer=160000, ret=9.81, success=0.00]
Training episodes:  67%|██████▋   | 1005/1500 [11:50<06:43,  1.23it/s, buffer=160000, ret=12.32, success=0.00]
Training episodes:  67%|██████▋   | 1006/1500 [11:50<06:36,  1.25it/s, buffer=160000, ret=12.32, success=0.00]
Training episodes:  67%|██████▋   | 1006/1500 [11:51<06:36,  1.25it/s, buffer=160000, ret=12.85, success=0.00]
Training episodes:  67%|██████▋   | 1007/1500 [11:51<06:30,  1.26it/s, buffer=160000, ret=12.85, success=0.00]
Training episodes:  67%|██████▋   | 1007/1500 [11:51<06:30,  1.26it/s, buffer=160000, ret=11.64, success=0.00]
Training episodes:  67%|██████▋   | 1008/1500 [11:51<06:26,  1.27it/s, buffer=160000, ret=11.64, success=0.00]
Training episodes:  67%|██████▋   | 1008/1500 [11:52<06:26,  1.27it/s, buffer=160000, ret=11.71, success=0.00]
Training episodes:  67%|██████▋   | 1009/1500 [11:52<06:23,  1.28it/s, buffer=160000, ret=11.71, success=0.00]
Training episodes:  67%|██████▋   | 1009/1500 [11:53<06:23,  1.28it/s, buffer=160000, ret=11.24, success=0.00]
Training episodes:  67%|██████▋   | 1010/1500 [11:53<06:19,  1.29it/s, buffer=160000, ret=11.24, success=0.00]
Training episodes:  67%|██████▋   | 1010/1500 [11:54<06:19,  1.29it/s, buffer=160000, ret=11.09, success=0.00]
Training episodes:  67%|██████▋   | 1011/1500 [11:54<06:19,  1.29it/s, buffer=160000, ret=11.09, success=0.00]
Training episodes:  67%|██████▋   | 1011/1500 [11:55<06:19,  1.29it/s, buffer=160000, ret=11.59, success=0.00]
Training episodes:  67%|██████▋   | 1012/1500 [11:55<06:19,  1.29it/s, buffer=160000, ret=11.59, success=0.00]
Training episodes:  67%|██████▋   | 1012/1500 [11:55<06:19,  1.29it/s, buffer=160000, ret=10.55, success=0.00]
Training episodes:  68%|██████▊   | 1013/1500 [11:55<06:18,  1.29it/s, buffer=160000, ret=10.55, success=0.00]
Training episodes:  68%|██████▊   | 1013/1500 [11:56<06:18,  1.29it/s, buffer=160000, ret=12.07, success=0.00]
Training episodes:  68%|██████▊   | 1014/1500 [11:56<06:18,  1.29it/s, buffer=160000, ret=12.07, success=0.00]
Training episodes:  68%|██████▊   | 1014/1500 [11:57<06:18,  1.29it/s, buffer=160000, ret=11.65, success=0.00]
Training episodes:  68%|██████▊   | 1015/1500 [11:57<06:15,  1.29it/s, buffer=160000, ret=11.65, success=0.00]
Training episodes:  68%|██████▊   | 1015/1500 [11:58<06:15,  1.29it/s, buffer=160000, ret=11.78, success=0.00]
Training episodes:  68%|██████▊   | 1016/1500 [11:58<06:15,  1.29it/s, buffer=160000, ret=11.78, success=0.00]
Training episodes:  68%|██████▊   | 1016/1500 [11:58<06:15,  1.29it/s, buffer=160000, ret=10.17, success=0.00]
Training episodes:  68%|██████▊   | 1017/1500 [11:58<06:12,  1.30it/s, buffer=160000, ret=10.17, success=0.00]
Training episodes:  68%|██████▊   | 1017/1500 [11:59<06:12,  1.30it/s, buffer=160000, ret=10.60, success=0.00]
Training episodes:  68%|██████▊   | 1018/1500 [11:59<06:10,  1.30it/s, buffer=160000, ret=10.60, success=0.00]
Training episodes:  68%|██████▊   | 1018/1500 [12:00<06:10,  1.30it/s, buffer=160000, ret=11.61, success=0.00]
Training episodes:  68%|██████▊   | 1019/1500 [12:00<06:11,  1.29it/s, buffer=160000, ret=11.61, success=0.00]
Training episodes:  68%|██████▊   | 1019/1500 [12:01<06:11,  1.29it/s, buffer=160000, ret=11.04, success=0.00]
Training episodes:  68%|██████▊   | 1020/1500 [12:01<06:11,  1.29it/s, buffer=160000, ret=11.04, success=0.00]
Training episodes:  68%|██████▊   | 1020/1500 [12:02<06:11,  1.29it/s, buffer=160000, ret=12.35, success=0.00]
Training episodes:  68%|██████▊   | 1021/1500 [12:02<06:12,  1.29it/s, buffer=160000, ret=12.35, success=0.00]
Training episodes:  68%|██████▊   | 1021/1500 [12:02<06:12,  1.29it/s, buffer=160000, ret=10.00, success=0.00]
Training episodes:  68%|██████▊   | 1022/1500 [12:02<06:13,  1.28it/s, buffer=160000, ret=10.00, success=0.00]
Training episodes:  68%|██████▊   | 1022/1500 [12:03<06:13,  1.28it/s, buffer=160000, ret=10.74, success=0.00]
Training episodes:  68%|██████▊   | 1023/1500 [12:03<06:14,  1.27it/s, buffer=160000, ret=10.74, success=0.00]
Training episodes:  68%|██████▊   | 1023/1500 [12:04<06:14,  1.27it/s, buffer=160000, ret=10.92, success=0.00]
Training episodes:  68%|██████▊   | 1024/1500 [12:04<06:10,  1.28it/s, buffer=160000, ret=10.92, success=0.00]
Training episodes:  68%|██████▊   | 1024/1500 [12:05<06:10,  1.28it/s, buffer=160000, ret=12.16, success=0.00]
Training episodes:  68%|██████▊   | 1025/1500 [12:05<06:08,  1.29it/s, buffer=160000, ret=12.16, success=0.00]
Training episodes:  68%|██████▊   | 1025/1500 [12:05<06:08,  1.29it/s, buffer=160000, ret=9.85, success=0.00] 
Training episodes:  68%|██████▊   | 1026/1500 [12:05<06:08,  1.29it/s, buffer=160000, ret=9.85, success=0.00]
Training episodes:  68%|██████▊   | 1026/1500 [12:06<06:08,  1.29it/s, buffer=160000, ret=10.72, success=0.00]
Training episodes:  68%|██████▊   | 1027/1500 [12:06<06:09,  1.28it/s, buffer=160000, ret=10.72, success=0.00]
Training episodes:  68%|██████▊   | 1027/1500 [12:07<06:09,  1.28it/s, buffer=160000, ret=11.78, success=0.00]
Training episodes:  69%|██████▊   | 1028/1500 [12:07<06:09,  1.28it/s, buffer=160000, ret=11.78, success=0.00]
Training episodes:  69%|██████▊   | 1028/1500 [12:08<06:09,  1.28it/s, buffer=160000, ret=12.44, success=0.00]
Training episodes:  69%|██████▊   | 1029/1500 [12:08<06:04,  1.29it/s, buffer=160000, ret=12.44, success=0.00]
Training episodes:  69%|██████▊   | 1029/1500 [12:09<06:04,  1.29it/s, buffer=160000, ret=12.44, success=0.00]
Training episodes:  69%|██████▊   | 1030/1500 [12:09<06:06,  1.28it/s, buffer=160000, ret=12.44, success=0.00]
Training episodes:  69%|██████▊   | 1030/1500 [12:09<06:06,  1.28it/s, buffer=160000, ret=10.38, success=0.00]
Training episodes:  69%|██████▊   | 1031/1500 [12:09<06:02,  1.29it/s, buffer=160000, ret=10.38, success=0.00]
Training episodes:  69%|██████▊   | 1031/1500 [12:10<06:02,  1.29it/s, buffer=160000, ret=12.28, success=0.00]
Training episodes:  69%|██████▉   | 1032/1500 [12:10<06:01,  1.30it/s, buffer=160000, ret=12.28, success=0.00]
Training episodes:  69%|██████▉   | 1032/1500 [12:11<06:01,  1.30it/s, buffer=160000, ret=12.31, success=0.00]
Training episodes:  69%|██████▉   | 1033/1500 [12:11<06:00,  1.30it/s, buffer=160000, ret=12.31, success=0.00]
Training episodes:  69%|██████▉   | 1033/1500 [12:12<06:00,  1.30it/s, buffer=160000, ret=11.79, success=0.00]
Training episodes:  69%|██████▉   | 1034/1500 [12:12<05:57,  1.30it/s, buffer=160000, ret=11.79, success=0.00]
Training episodes:  69%|██████▉   | 1034/1500 [12:12<05:57,  1.30it/s, buffer=160000, ret=11.63, success=0.00]
Training episodes:  69%|██████▉   | 1035/1500 [12:12<05:58,  1.30it/s, buffer=160000, ret=11.63, success=0.00]
Training episodes:  69%|██████▉   | 1035/1500 [12:13<05:58,  1.30it/s, buffer=160000, ret=10.31, success=0.00]
Training episodes:  69%|██████▉   | 1036/1500 [12:13<05:58,  1.29it/s, buffer=160000, ret=10.31, success=0.00]
Training episodes:  69%|██████▉   | 1036/1500 [12:14<05:58,  1.29it/s, buffer=160000, ret=11.02, success=0.00]
Training episodes:  69%|██████▉   | 1037/1500 [12:14<05:54,  1.31it/s, buffer=160000, ret=11.02, success=0.00]
Training episodes:  69%|██████▉   | 1037/1500 [12:15<05:54,  1.31it/s, buffer=160000, ret=12.22, success=0.00]
Training episodes:  69%|██████▉   | 1038/1500 [12:15<05:51,  1.31it/s, buffer=160000, ret=12.22, success=0.00]
Training episodes:  69%|██████▉   | 1038/1500 [12:15<05:51,  1.31it/s, buffer=160000, ret=10.65, success=0.00]
Training episodes:  69%|██████▉   | 1039/1500 [12:15<05:52,  1.31it/s, buffer=160000, ret=10.65, success=0.00]
Training episodes:  69%|██████▉   | 1039/1500 [12:16<05:52,  1.31it/s, buffer=160000, ret=10.90, success=0.00]
Training episodes:  69%|██████▉   | 1040/1500 [12:16<05:51,  1.31it/s, buffer=160000, ret=10.90, success=0.00]
Training episodes:  69%|██████▉   | 1040/1500 [12:17<05:51,  1.31it/s, buffer=160000, ret=9.71, success=0.00] 
Training episodes:  69%|██████▉   | 1041/1500 [12:17<05:51,  1.31it/s, buffer=160000, ret=9.71, success=0.00]
Training episodes:  69%|██████▉   | 1041/1500 [12:18<05:51,  1.31it/s, buffer=160000, ret=12.35, success=0.00]
Training episodes:  69%|██████▉   | 1042/1500 [12:18<05:51,  1.30it/s, buffer=160000, ret=12.35, success=0.00]
Training episodes:  69%|██████▉   | 1042/1500 [12:19<05:51,  1.30it/s, buffer=160000, ret=8.65, success=0.00] 
Training episodes:  70%|██████▉   | 1043/1500 [12:19<05:51,  1.30it/s, buffer=160000, ret=8.65, success=0.00]
Training episodes:  70%|██████▉   | 1043/1500 [12:19<05:51,  1.30it/s, buffer=160000, ret=11.97, success=0.00]
Training episodes:  70%|██████▉   | 1044/1500 [12:19<05:53,  1.29it/s, buffer=160000, ret=11.97, success=0.00]
Training episodes:  70%|██████▉   | 1044/1500 [12:20<05:53,  1.29it/s, buffer=160000, ret=10.35, success=0.00]
Training episodes:  70%|██████▉   | 1045/1500 [12:20<05:56,  1.28it/s, buffer=160000, ret=10.35, success=0.00]
Training episodes:  70%|██████▉   | 1045/1500 [12:21<05:56,  1.28it/s, buffer=160000, ret=12.88, success=0.00]
Training episodes:  70%|██████▉   | 1046/1500 [12:21<05:55,  1.28it/s, buffer=160000, ret=12.88, success=0.00]
Training episodes:  70%|██████▉   | 1046/1500 [12:22<05:55,  1.28it/s, buffer=160000, ret=9.70, success=0.00] 
Training episodes:  70%|██████▉   | 1047/1500 [12:22<05:53,  1.28it/s, buffer=160000, ret=9.70, success=0.00]
Training episodes:  70%|██████▉   | 1047/1500 [12:22<05:53,  1.28it/s, buffer=160000, ret=7.88, success=0.00]
Training episodes:  70%|██████▉   | 1048/1500 [12:22<05:51,  1.29it/s, buffer=160000, ret=7.88, success=0.00]
Training episodes:  70%|██████▉   | 1048/1500 [12:23<05:51,  1.29it/s, buffer=160000, ret=11.46, success=0.00]
Training episodes:  70%|██████▉   | 1049/1500 [12:23<05:50,  1.29it/s, buffer=160000, ret=11.46, success=0.00]
Training episodes:  70%|██████▉   | 1049/1500 [12:24<05:50,  1.29it/s, buffer=160000, ret=10.30, success=0.00]wandb: WARNING `fps` argument does not affect the frame rate of the video when providing a file path or raw bytes.

Training episodes:  70%|███████   | 1050/1500 [12:25<07:16,  1.03it/s, buffer=160000, ret=10.30, success=0.00]
Training episodes:  70%|███████   | 1050/1500 [12:25<07:16,  1.03it/s, buffer=160000, ret=13.15, success=0.00]
Training episodes:  70%|███████   | 1051/1500 [12:25<06:50,  1.09it/s, buffer=160000, ret=13.15, success=0.00]
Training episodes:  70%|███████   | 1051/1500 [12:26<06:50,  1.09it/s, buffer=160000, ret=10.77, success=0.00]
Training episodes:  70%|███████   | 1052/1500 [12:26<06:31,  1.14it/s, buffer=160000, ret=10.77, success=0.00]
Training episodes:  70%|███████   | 1052/1500 [12:27<06:31,  1.14it/s, buffer=160000, ret=10.84, success=0.00]
Training episodes:  70%|███████   | 1053/1500 [12:27<06:17,  1.19it/s, buffer=160000, ret=10.84, success=0.00]
Training episodes:  70%|███████   | 1053/1500 [12:28<06:17,  1.19it/s, buffer=160000, ret=9.87, success=0.00] 
Training episodes:  70%|███████   | 1054/1500 [12:28<06:06,  1.22it/s, buffer=160000, ret=9.87, success=0.00]
Training episodes:  70%|███████   | 1054/1500 [12:29<06:06,  1.22it/s, buffer=160000, ret=10.50, success=0.00]
Training episodes:  70%|███████   | 1055/1500 [12:29<05:57,  1.24it/s, buffer=160000, ret=10.50, success=0.00]
Training episodes:  70%|███████   | 1055/1500 [12:29<05:57,  1.24it/s, buffer=160000, ret=12.48, success=0.00]
Training episodes:  70%|███████   | 1056/1500 [12:29<05:59,  1.24it/s, buffer=160000, ret=12.48, success=0.00]
Training episodes:  70%|███████   | 1056/1500 [12:30<05:59,  1.24it/s, buffer=160000, ret=8.76, success=0.00] 
Training episodes:  70%|███████   | 1057/1500 [12:30<05:58,  1.24it/s, buffer=160000, ret=8.76, success=0.00]
Training episodes:  70%|███████   | 1057/1500 [12:31<05:58,  1.24it/s, buffer=160000, ret=12.74, success=0.00]
Training episodes:  71%|███████   | 1058/1500 [12:31<05:57,  1.24it/s, buffer=160000, ret=12.74, success=0.00]
Training episodes:  71%|███████   | 1058/1500 [12:32<05:57,  1.24it/s, buffer=160000, ret=12.10, success=0.00]
Training episodes:  71%|███████   | 1059/1500 [12:32<05:55,  1.24it/s, buffer=160000, ret=12.10, success=0.00]
Training episodes:  71%|███████   | 1059/1500 [12:33<05:55,  1.24it/s, buffer=160000, ret=8.07, success=0.00] 
Training episodes:  71%|███████   | 1060/1500 [12:33<05:55,  1.24it/s, buffer=160000, ret=8.07, success=0.00]
Training episodes:  71%|███████   | 1060/1500 [12:33<05:55,  1.24it/s, buffer=160000, ret=8.75, success=0.00]
Training episodes:  71%|███████   | 1061/1500 [12:33<05:53,  1.24it/s, buffer=160000, ret=8.75, success=0.00]
Training episodes:  71%|███████   | 1061/1500 [12:34<05:53,  1.24it/s, buffer=160000, ret=12.82, success=0.00]
Training episodes:  71%|███████   | 1062/1500 [12:34<05:51,  1.25it/s, buffer=160000, ret=12.82, success=0.00]
Training episodes:  71%|███████   | 1062/1500 [12:35<05:51,  1.25it/s, buffer=160000, ret=12.20, success=0.00]
Training episodes:  71%|███████   | 1063/1500 [12:35<05:50,  1.25it/s, buffer=160000, ret=12.20, success=0.00]
Training episodes:  71%|███████   | 1063/1500 [12:36<05:50,  1.25it/s, buffer=160000, ret=11.52, success=0.00]
Training episodes:  71%|███████   | 1064/1500 [12:36<05:47,  1.26it/s, buffer=160000, ret=11.52, success=0.00]
Training episodes:  71%|███████   | 1064/1500 [12:37<05:47,  1.26it/s, buffer=160000, ret=11.76, success=0.00]
Training episodes:  71%|███████   | 1065/1500 [12:37<05:44,  1.26it/s, buffer=160000, ret=11.76, success=0.00]
Training episodes:  71%|███████   | 1065/1500 [12:37<05:44,  1.26it/s, buffer=160000, ret=10.77, success=0.00]
Training episodes:  71%|███████   | 1066/1500 [12:37<05:44,  1.26it/s, buffer=160000, ret=10.77, success=0.00]
Training episodes:  71%|███████   | 1066/1500 [12:38<05:44,  1.26it/s, buffer=160000, ret=12.12, success=0.00]
Training episodes:  71%|███████   | 1067/1500 [12:38<05:45,  1.25it/s, buffer=160000, ret=12.12, success=0.00]
Training episodes:  71%|███████   | 1067/1500 [12:39<05:45,  1.25it/s, buffer=160000, ret=7.08, success=0.00] 
Training episodes:  71%|███████   | 1068/1500 [12:39<05:44,  1.26it/s, buffer=160000, ret=7.08, success=0.00]
Training episodes:  71%|███████   | 1068/1500 [12:40<05:44,  1.26it/s, buffer=160000, ret=6.41, success=0.00]
Training episodes:  71%|███████▏  | 1069/1500 [12:40<05:45,  1.25it/s, buffer=160000, ret=6.41, success=0.00]
Training episodes:  71%|███████▏  | 1069/1500 [12:41<05:45,  1.25it/s, buffer=160000, ret=4.90, success=0.00]
Training episodes:  71%|███████▏  | 1070/1500 [12:41<05:41,  1.26it/s, buffer=160000, ret=4.90, success=0.00]
Training episodes:  71%|███████▏  | 1070/1500 [12:41<05:41,  1.26it/s, buffer=160000, ret=10.90, success=0.00]
Training episodes:  71%|███████▏  | 1071/1500 [12:41<05:39,  1.26it/s, buffer=160000, ret=10.90, success=0.00]
Training episodes:  71%|███████▏  | 1071/1500 [12:42<05:39,  1.26it/s, buffer=160000, ret=12.36, success=0.00]
Training episodes:  71%|███████▏  | 1072/1500 [12:42<05:38,  1.26it/s, buffer=160000, ret=12.36, success=0.00]
Training episodes:  71%|███████▏  | 1072/1500 [12:43<05:38,  1.26it/s, buffer=160000, ret=11.69, success=0.00]
Training episodes:  72%|███████▏  | 1073/1500 [12:43<05:40,  1.26it/s, buffer=160000, ret=11.69, success=0.00]
Training episodes:  72%|███████▏  | 1073/1500 [12:44<05:40,  1.26it/s, buffer=160000, ret=13.10, success=0.00]
Training episodes:  72%|███████▏  | 1074/1500 [12:44<05:37,  1.26it/s, buffer=160000, ret=13.10, success=0.00]
Training episodes:  72%|███████▏  | 1074/1500 [12:44<05:37,  1.26it/s, buffer=160000, ret=12.17, success=0.00]
Training episodes:  72%|███████▏  | 1075/1500 [12:44<05:37,  1.26it/s, buffer=160000, ret=12.17, success=0.00]
Training episodes:  72%|███████▏  | 1075/1500 [12:45<05:37,  1.26it/s, buffer=160000, ret=10.54, success=0.00]
Training episodes:  72%|███████▏  | 1076/1500 [12:45<05:34,  1.27it/s, buffer=160000, ret=10.54, success=0.00]
Training episodes:  72%|███████▏  | 1076/1500 [12:46<05:34,  1.27it/s, buffer=160000, ret=11.10, success=0.00]
Training episodes:  72%|███████▏  | 1077/1500 [12:46<05:32,  1.27it/s, buffer=160000, ret=11.10, success=0.00]
Training episodes:  72%|███████▏  | 1077/1500 [12:47<05:32,  1.27it/s, buffer=160000, ret=12.03, success=0.00]
Training episodes:  72%|███████▏  | 1078/1500 [12:47<05:30,  1.28it/s, buffer=160000, ret=12.03, success=0.00]
Training episodes:  72%|███████▏  | 1078/1500 [12:48<05:30,  1.28it/s, buffer=160000, ret=12.38, success=0.00]
Training episodes:  72%|███████▏  | 1079/1500 [12:48<05:28,  1.28it/s, buffer=160000, ret=12.38, success=0.00]
Training episodes:  72%|███████▏  | 1079/1500 [12:48<05:28,  1.28it/s, buffer=160000, ret=12.34, success=0.00]
Training episodes:  72%|███████▏  | 1080/1500 [12:48<05:29,  1.28it/s, buffer=160000, ret=12.34, success=0.00]
Training episodes:  72%|███████▏  | 1080/1500 [12:49<05:29,  1.28it/s, buffer=160000, ret=11.03, success=0.00]
Training episodes:  72%|███████▏  | 1081/1500 [12:49<05:27,  1.28it/s, buffer=160000, ret=11.03, success=0.00]
Training episodes:  72%|███████▏  | 1081/1500 [12:50<05:27,  1.28it/s, buffer=160000, ret=11.62, success=0.00]
Training episodes:  72%|███████▏  | 1082/1500 [12:50<05:28,  1.27it/s, buffer=160000, ret=11.62, success=0.00]
Training episodes:  72%|███████▏  | 1082/1500 [12:51<05:28,  1.27it/s, buffer=160000, ret=11.99, success=0.00]
Training episodes:  72%|███████▏  | 1083/1500 [12:51<05:26,  1.28it/s, buffer=160000, ret=11.99, success=0.00]
Training episodes:  72%|███████▏  | 1083/1500 [12:52<05:26,  1.28it/s, buffer=160000, ret=9.52, success=0.00] 
Training episodes:  72%|███████▏  | 1084/1500 [12:52<05:27,  1.27it/s, buffer=160000, ret=9.52, success=0.00]
Training episodes:  72%|███████▏  | 1084/1500 [12:52<05:27,  1.27it/s, buffer=160000, ret=10.75, success=0.00]
Training episodes:  72%|███████▏  | 1085/1500 [12:52<05:26,  1.27it/s, buffer=160000, ret=10.75, success=0.00]
Training episodes:  72%|███████▏  | 1085/1500 [12:53<05:26,  1.27it/s, buffer=160000, ret=11.91, success=0.00]
Training episodes:  72%|███████▏  | 1086/1500 [12:53<05:26,  1.27it/s, buffer=160000, ret=11.91, success=0.00]
Training episodes:  72%|███████▏  | 1086/1500 [12:54<05:26,  1.27it/s, buffer=160000, ret=13.22, success=0.00]
Training episodes:  72%|███████▏  | 1087/1500 [12:54<05:24,  1.27it/s, buffer=160000, ret=13.22, success=0.00]
Training episodes:  72%|███████▏  | 1087/1500 [12:55<05:24,  1.27it/s, buffer=160000, ret=9.81, success=0.00] 
Training episodes:  73%|███████▎  | 1088/1500 [12:55<05:23,  1.27it/s, buffer=160000, ret=9.81, success=0.00]
Training episodes:  73%|███████▎  | 1088/1500 [12:55<05:23,  1.27it/s, buffer=160000, ret=10.35, success=0.00]
Training episodes:  73%|███████▎  | 1089/1500 [12:55<05:23,  1.27it/s, buffer=160000, ret=10.35, success=0.00]
Training episodes:  73%|███████▎  | 1089/1500 [12:56<05:23,  1.27it/s, buffer=160000, ret=10.55, success=0.00]
Training episodes:  73%|███████▎  | 1090/1500 [12:56<05:22,  1.27it/s, buffer=160000, ret=10.55, success=0.00]
Training episodes:  73%|███████▎  | 1090/1500 [12:57<05:22,  1.27it/s, buffer=160000, ret=10.14, success=0.00]
Training episodes:  73%|███████▎  | 1091/1500 [12:57<05:18,  1.28it/s, buffer=160000, ret=10.14, success=0.00]
Training episodes:  73%|███████▎  | 1091/1500 [12:58<05:18,  1.28it/s, buffer=160000, ret=11.86, success=0.00]
Training episodes:  73%|███████▎  | 1092/1500 [12:58<05:15,  1.29it/s, buffer=160000, ret=11.86, success=0.00]
Training episodes:  73%|███████▎  | 1092/1500 [12:59<05:15,  1.29it/s, buffer=160000, ret=11.01, success=0.00]
Training episodes:  73%|███████▎  | 1093/1500 [12:59<05:17,  1.28it/s, buffer=160000, ret=11.01, success=0.00]
Training episodes:  73%|███████▎  | 1093/1500 [12:59<05:17,  1.28it/s, buffer=160000, ret=11.36, success=0.00]
Training episodes:  73%|███████▎  | 1094/1500 [12:59<05:15,  1.29it/s, buffer=160000, ret=11.36, success=0.00]
Training episodes:  73%|███████▎  | 1094/1500 [13:00<05:15,  1.29it/s, buffer=160000, ret=10.88, success=0.00]
Training episodes:  73%|███████▎  | 1095/1500 [13:00<05:15,  1.28it/s, buffer=160000, ret=10.88, success=0.00]
Training episodes:  73%|███████▎  | 1095/1500 [13:01<05:15,  1.28it/s, buffer=160000, ret=13.26, success=0.00]
Training episodes:  73%|███████▎  | 1096/1500 [13:01<05:10,  1.30it/s, buffer=160000, ret=13.26, success=0.00]
Training episodes:  73%|███████▎  | 1096/1500 [13:02<05:10,  1.30it/s, buffer=160000, ret=11.04, success=0.00]
Training episodes:  73%|███████▎  | 1097/1500 [13:02<05:09,  1.30it/s, buffer=160000, ret=11.04, success=0.00]
Training episodes:  73%|███████▎  | 1097/1500 [13:02<05:09,  1.30it/s, buffer=160000, ret=11.89, success=0.00]
Training episodes:  73%|███████▎  | 1098/1500 [13:02<05:12,  1.29it/s, buffer=160000, ret=11.89, success=0.00]
Training episodes:  73%|███████▎  | 1098/1500 [13:03<05:12,  1.29it/s, buffer=160000, ret=11.53, success=0.00]
Training episodes:  73%|███████▎  | 1099/1500 [13:03<05:11,  1.29it/s, buffer=160000, ret=11.53, success=0.00]
Training episodes:  73%|███████▎  | 1099/1500 [13:04<05:11,  1.29it/s, buffer=160000, ret=12.42, success=0.00]wandb: WARNING `fps` argument does not affect the frame rate of the video when providing a file path or raw bytes.

Training episodes:  73%|███████▎  | 1100/1500 [13:05<06:23,  1.04it/s, buffer=160000, ret=12.42, success=0.00]
Training episodes:  73%|███████▎  | 1100/1500 [13:05<06:23,  1.04it/s, buffer=160000, ret=11.83, success=0.00]
Training episodes:  73%|███████▎  | 1101/1500 [13:05<05:59,  1.11it/s, buffer=160000, ret=11.83, success=0.00]
Training episodes:  73%|███████▎  | 1101/1500 [13:06<05:59,  1.11it/s, buffer=160000, ret=11.18, success=0.00]
Training episodes:  73%|███████▎  | 1102/1500 [13:06<05:42,  1.16it/s, buffer=160000, ret=11.18, success=0.00]
Training episodes:  73%|███████▎  | 1102/1500 [13:07<05:42,  1.16it/s, buffer=160000, ret=9.89, success=0.00] 
Training episodes:  74%|███████▎  | 1103/1500 [13:07<05:34,  1.19it/s, buffer=160000, ret=9.89, success=0.00]
Training episodes:  74%|███████▎  | 1103/1500 [13:08<05:34,  1.19it/s, buffer=160000, ret=9.99, success=0.00]
Training episodes:  74%|███████▎  | 1104/1500 [13:08<05:27,  1.21it/s, buffer=160000, ret=9.99, success=0.00]
Training episodes:  74%|███████▎  | 1104/1500 [13:08<05:27,  1.21it/s, buffer=160000, ret=10.93, success=0.00]
Training episodes:  74%|███████▎  | 1105/1500 [13:08<05:19,  1.24it/s, buffer=160000, ret=10.93, success=0.00]
Training episodes:  74%|███████▎  | 1105/1500 [13:09<05:19,  1.24it/s, buffer=160000, ret=11.66, success=0.00]
Training episodes:  74%|███████▎  | 1106/1500 [13:09<05:14,  1.25it/s, buffer=160000, ret=11.66, success=0.00]
Training episodes:  74%|███████▎  | 1106/1500 [13:10<05:14,  1.25it/s, buffer=160000, ret=9.42, success=0.00] 
Training episodes:  74%|███████▍  | 1107/1500 [13:10<05:08,  1.27it/s, buffer=160000, ret=9.42, success=0.00]
Training episodes:  74%|███████▍  | 1107/1500 [13:11<05:08,  1.27it/s, buffer=160000, ret=11.35, success=0.00]
Training episodes:  74%|███████▍  | 1108/1500 [13:11<05:06,  1.28it/s, buffer=160000, ret=11.35, success=0.00]
Training episodes:  74%|███████▍  | 1108/1500 [13:12<05:06,  1.28it/s, buffer=160000, ret=10.92, success=0.00]
Training episodes:  74%|███████▍  | 1109/1500 [13:12<05:04,  1.28it/s, buffer=160000, ret=10.92, success=0.00]
Training episodes:  74%|███████▍  | 1109/1500 [13:12<05:04,  1.28it/s, buffer=160000, ret=10.01, success=0.00]
Training episodes:  74%|███████▍  | 1110/1500 [13:12<05:03,  1.28it/s, buffer=160000, ret=10.01, success=0.00]
Training episodes:  74%|███████▍  | 1110/1500 [13:13<05:03,  1.28it/s, buffer=160000, ret=11.21, success=0.00]
Training episodes:  74%|███████▍  | 1111/1500 [13:13<05:05,  1.27it/s, buffer=160000, ret=11.21, success=0.00]
Training episodes:  74%|███████▍  | 1111/1500 [13:14<05:05,  1.27it/s, buffer=160000, ret=9.28, success=0.00] 
Training episodes:  74%|███████▍  | 1112/1500 [13:14<05:00,  1.29it/s, buffer=160000, ret=9.28, success=0.00]
Training episodes:  74%|███████▍  | 1112/1500 [13:15<05:00,  1.29it/s, buffer=160000, ret=12.12, success=0.00]
Training episodes:  74%|███████▍  | 1113/1500 [13:15<04:59,  1.29it/s, buffer=160000, ret=12.12, success=0.00]
Training episodes:  74%|███████▍  | 1113/1500 [13:15<04:59,  1.29it/s, buffer=160000, ret=10.96, success=0.00]
Training episodes:  74%|███████▍  | 1114/1500 [13:15<04:55,  1.30it/s, buffer=160000, ret=10.96, success=0.00]
Training episodes:  74%|███████▍  | 1114/1500 [13:16<04:55,  1.30it/s, buffer=160000, ret=10.26, success=0.00]
Training episodes:  74%|███████▍  | 1115/1500 [13:16<04:55,  1.30it/s, buffer=160000, ret=10.26, success=0.00]
Training episodes:  74%|███████▍  | 1115/1500 [13:17<04:55,  1.30it/s, buffer=160000, ret=10.11, success=0.00]
Training episodes:  74%|███████▍  | 1116/1500 [13:17<04:54,  1.30it/s, buffer=160000, ret=10.11, success=0.00]
Training episodes:  74%|███████▍  | 1116/1500 [13:18<04:54,  1.30it/s, buffer=160000, ret=11.00, success=0.00]
Training episodes:  74%|███████▍  | 1117/1500 [13:18<04:55,  1.30it/s, buffer=160000, ret=11.00, success=0.00]
Training episodes:  74%|███████▍  | 1117/1500 [13:18<04:55,  1.30it/s, buffer=160000, ret=9.84, success=0.00] 
Training episodes:  75%|███████▍  | 1118/1500 [13:18<04:54,  1.30it/s, buffer=160000, ret=9.84, success=0.00]
Training episodes:  75%|███████▍  | 1118/1500 [13:19<04:54,  1.30it/s, buffer=160000, ret=9.81, success=0.00]
Training episodes:  75%|███████▍  | 1119/1500 [13:19<04:57,  1.28it/s, buffer=160000, ret=9.81, success=0.00]
Training episodes:  75%|███████▍  | 1119/1500 [13:20<04:57,  1.28it/s, buffer=160000, ret=12.23, success=0.00]
Training episodes:  75%|███████▍  | 1120/1500 [13:20<04:59,  1.27it/s, buffer=160000, ret=12.23, success=0.00]
Training episodes:  75%|███████▍  | 1120/1500 [13:21<04:59,  1.27it/s, buffer=160000, ret=11.44, success=0.00]
Training episodes:  75%|███████▍  | 1121/1500 [13:21<04:59,  1.26it/s, buffer=160000, ret=11.44, success=0.00]
Training episodes:  75%|███████▍  | 1121/1500 [13:22<04:59,  1.26it/s, buffer=160000, ret=10.77, success=0.00]
Training episodes:  75%|███████▍  | 1122/1500 [13:22<04:58,  1.27it/s, buffer=160000, ret=10.77, success=0.00]
Training episodes:  75%|███████▍  | 1122/1500 [13:22<04:58,  1.27it/s, buffer=160000, ret=10.44, success=0.00]
Training episodes:  75%|███████▍  | 1123/1500 [13:22<04:53,  1.28it/s, buffer=160000, ret=10.44, success=0.00]
Training episodes:  75%|███████▍  | 1123/1500 [13:23<04:53,  1.28it/s, buffer=160000, ret=10.80, success=0.00]
Training episodes:  75%|███████▍  | 1124/1500 [13:23<04:55,  1.27it/s, buffer=160000, ret=10.80, success=0.00]
Training episodes:  75%|███████▍  | 1124/1500 [13:24<04:55,  1.27it/s, buffer=160000, ret=11.21, success=0.00]
Training episodes:  75%|███████▌  | 1125/1500 [13:24<04:55,  1.27it/s, buffer=160000, ret=11.21, success=0.00]
Training episodes:  75%|███████▌  | 1125/1500 [13:25<04:55,  1.27it/s, buffer=160000, ret=11.61, success=0.00]
Training episodes:  75%|███████▌  | 1126/1500 [13:25<04:56,  1.26it/s, buffer=160000, ret=11.61, success=0.00]
Training episodes:  75%|███████▌  | 1126/1500 [13:26<04:56,  1.26it/s, buffer=160000, ret=10.80, success=0.00]
Training episodes:  75%|███████▌  | 1127/1500 [13:26<04:56,  1.26it/s, buffer=160000, ret=10.80, success=0.00]
Training episodes:  75%|███████▌  | 1127/1500 [13:26<04:56,  1.26it/s, buffer=160000, ret=10.58, success=0.00]
Training episodes:  75%|███████▌  | 1128/1500 [13:26<04:54,  1.26it/s, buffer=160000, ret=10.58, success=0.00]
Training episodes:  75%|███████▌  | 1128/1500 [13:27<04:54,  1.26it/s, buffer=160000, ret=11.23, success=0.00]
Training episodes:  75%|███████▌  | 1129/1500 [13:27<04:51,  1.27it/s, buffer=160000, ret=11.23, success=0.00]
Training episodes:  75%|███████▌  | 1129/1500 [13:28<04:51,  1.27it/s, buffer=160000, ret=10.40, success=0.00]
Training episodes:  75%|███████▌  | 1130/1500 [13:28<04:52,  1.26it/s, buffer=160000, ret=10.40, success=0.00]
Training episodes:  75%|███████▌  | 1130/1500 [13:29<04:52,  1.26it/s, buffer=160000, ret=11.15, success=0.00]
Training episodes:  75%|███████▌  | 1131/1500 [13:29<04:52,  1.26it/s, buffer=160000, ret=11.15, success=0.00]
Training episodes:  75%|███████▌  | 1131/1500 [13:30<04:52,  1.26it/s, buffer=160000, ret=11.79, success=0.00]
Training episodes:  75%|███████▌  | 1132/1500 [13:30<04:53,  1.25it/s, buffer=160000, ret=11.79, success=0.00]
Training episodes:  75%|███████▌  | 1132/1500 [13:30<04:53,  1.25it/s, buffer=160000, ret=12.07, success=0.00]
Training episodes:  76%|███████▌  | 1133/1500 [13:30<04:53,  1.25it/s, buffer=160000, ret=12.07, success=0.00]
Training episodes:  76%|███████▌  | 1133/1500 [13:31<04:53,  1.25it/s, buffer=160000, ret=12.66, success=0.00]
Training episodes:  76%|███████▌  | 1134/1500 [13:31<04:54,  1.24it/s, buffer=160000, ret=12.66, success=0.00]
Training episodes:  76%|███████▌  | 1134/1500 [13:32<04:54,  1.24it/s, buffer=160000, ret=9.98, success=0.00] 
Training episodes:  76%|███████▌  | 1135/1500 [13:32<04:54,  1.24it/s, buffer=160000, ret=9.98, success=0.00]
Training episodes:  76%|███████▌  | 1135/1500 [13:33<04:54,  1.24it/s, buffer=160000, ret=11.12, success=0.00]
Training episodes:  76%|███████▌  | 1136/1500 [13:33<04:53,  1.24it/s, buffer=160000, ret=11.12, success=0.00]
Training episodes:  76%|███████▌  | 1136/1500 [13:34<04:53,  1.24it/s, buffer=160000, ret=10.36, success=0.00]
Training episodes:  76%|███████▌  | 1137/1500 [13:34<04:56,  1.23it/s, buffer=160000, ret=10.36, success=0.00]
Training episodes:  76%|███████▌  | 1137/1500 [13:34<04:56,  1.23it/s, buffer=160000, ret=11.34, success=0.00]
Training episodes:  76%|███████▌  | 1138/1500 [13:34<04:53,  1.23it/s, buffer=160000, ret=11.34, success=0.00]
Training episodes:  76%|███████▌  | 1138/1500 [13:35<04:53,  1.23it/s, buffer=160000, ret=11.51, success=0.00]
Training episodes:  76%|███████▌  | 1139/1500 [13:35<04:53,  1.23it/s, buffer=160000, ret=11.51, success=0.00]
Training episodes:  76%|███████▌  | 1139/1500 [13:36<04:53,  1.23it/s, buffer=160000, ret=10.01, success=0.00]
Training episodes:  76%|███████▌  | 1140/1500 [13:36<04:50,  1.24it/s, buffer=160000, ret=10.01, success=0.00]
Training episodes:  76%|███████▌  | 1140/1500 [13:37<04:50,  1.24it/s, buffer=160000, ret=12.68, success=0.00]
Training episodes:  76%|███████▌  | 1141/1500 [13:37<04:49,  1.24it/s, buffer=160000, ret=12.68, success=0.00]
Training episodes:  76%|███████▌  | 1141/1500 [13:38<04:49,  1.24it/s, buffer=160000, ret=10.90, success=0.00]
Training episodes:  76%|███████▌  | 1142/1500 [13:38<04:44,  1.26it/s, buffer=160000, ret=10.90, success=0.00]
Training episodes:  76%|███████▌  | 1142/1500 [13:38<04:44,  1.26it/s, buffer=160000, ret=12.68, success=0.00]
Training episodes:  76%|███████▌  | 1143/1500 [13:38<04:45,  1.25it/s, buffer=160000, ret=12.68, success=0.00]
Training episodes:  76%|███████▌  | 1143/1500 [13:39<04:45,  1.25it/s, buffer=160000, ret=11.39, success=0.00]
Training episodes:  76%|███████▋  | 1144/1500 [13:39<04:45,  1.25it/s, buffer=160000, ret=11.39, success=0.00]
Training episodes:  76%|███████▋  | 1144/1500 [13:40<04:45,  1.25it/s, buffer=160000, ret=11.25, success=0.00]
Training episodes:  76%|███████▋  | 1145/1500 [13:40<04:42,  1.26it/s, buffer=160000, ret=11.25, success=0.00]
Training episodes:  76%|███████▋  | 1145/1500 [13:41<04:42,  1.26it/s, buffer=160000, ret=14.39, success=0.00]
Training episodes:  76%|███████▋  | 1146/1500 [13:41<04:42,  1.25it/s, buffer=160000, ret=14.39, success=0.00]
Training episodes:  76%|███████▋  | 1146/1500 [13:42<04:42,  1.25it/s, buffer=160000, ret=15.55, success=0.00]
Training episodes:  76%|███████▋  | 1147/1500 [13:42<04:41,  1.25it/s, buffer=160000, ret=15.55, success=0.00]
Training episodes:  76%|███████▋  | 1147/1500 [13:42<04:41,  1.25it/s, buffer=160000, ret=9.69, success=0.00] 
Training episodes:  77%|███████▋  | 1148/1500 [13:42<04:40,  1.26it/s, buffer=160000, ret=9.69, success=0.00]
Training episodes:  77%|███████▋  | 1148/1500 [13:43<04:40,  1.26it/s, buffer=160000, ret=10.65, success=0.00]
Training episodes:  77%|███████▋  | 1149/1500 [13:43<04:41,  1.25it/s, buffer=160000, ret=10.65, success=0.00]
Training episodes:  77%|███████▋  | 1149/1500 [13:44<04:41,  1.25it/s, buffer=160000, ret=12.27, success=0.00]wandb: WARNING `fps` argument does not affect the frame rate of the video when providing a file path or raw bytes.

Training episodes:  77%|███████▋  | 1150/1500 [13:45<05:44,  1.02it/s, buffer=160000, ret=12.27, success=0.00]
Training episodes:  77%|███████▋  | 1150/1500 [13:45<05:44,  1.02it/s, buffer=160000, ret=11.36, success=0.00]
Training episodes:  77%|███████▋  | 1151/1500 [13:45<05:26,  1.07it/s, buffer=160000, ret=11.36, success=0.00]
Training episodes:  77%|███████▋  | 1151/1500 [13:46<05:26,  1.07it/s, buffer=160000, ret=13.07, success=0.00]
Training episodes:  77%|███████▋  | 1152/1500 [13:46<05:12,  1.11it/s, buffer=160000, ret=13.07, success=0.00]
Training episodes:  77%|███████▋  | 1152/1500 [13:47<05:12,  1.11it/s, buffer=160000, ret=11.63, success=0.00]
Training episodes:  77%|███████▋  | 1153/1500 [13:47<05:00,  1.15it/s, buffer=160000, ret=11.63, success=0.00]
Training episodes:  77%|███████▋  | 1153/1500 [13:48<05:00,  1.15it/s, buffer=160000, ret=11.43, success=0.00]
Training episodes:  77%|███████▋  | 1154/1500 [13:48<04:53,  1.18it/s, buffer=160000, ret=11.43, success=0.00]
Training episodes:  77%|███████▋  | 1154/1500 [13:49<04:53,  1.18it/s, buffer=160000, ret=11.80, success=0.00]
Training episodes:  77%|███████▋  | 1155/1500 [13:49<04:47,  1.20it/s, buffer=160000, ret=11.80, success=0.00]
Training episodes:  77%|███████▋  | 1155/1500 [13:49<04:47,  1.20it/s, buffer=160000, ret=11.93, success=0.00]
Training episodes:  77%|███████▋  | 1156/1500 [13:49<04:42,  1.22it/s, buffer=160000, ret=11.93, success=0.00]
Training episodes:  77%|███████▋  | 1156/1500 [13:50<04:42,  1.22it/s, buffer=160000, ret=10.78, success=0.00]
Training episodes:  77%|███████▋  | 1157/1500 [13:50<04:39,  1.23it/s, buffer=160000, ret=10.78, success=0.00]
Training episodes:  77%|███████▋  | 1157/1500 [13:51<04:39,  1.23it/s, buffer=160000, ret=11.51, success=0.00]
Training episodes:  77%|███████▋  | 1158/1500 [13:51<04:39,  1.22it/s, buffer=160000, ret=11.51, success=0.00]
Training episodes:  77%|███████▋  | 1158/1500 [13:52<04:39,  1.22it/s, buffer=160000, ret=12.45, success=0.00]
Training episodes:  77%|███████▋  | 1159/1500 [13:52<04:38,  1.22it/s, buffer=160000, ret=12.45, success=0.00]
Training episodes:  77%|███████▋  | 1159/1500 [13:53<04:38,  1.22it/s, buffer=160000, ret=10.79, success=0.00]
Training episodes:  77%|███████▋  | 1160/1500 [13:53<04:35,  1.24it/s, buffer=160000, ret=10.79, success=0.00]
Training episodes:  77%|███████▋  | 1160/1500 [13:54<04:35,  1.24it/s, buffer=160000, ret=19.17, success=0.00]
Training episodes:  77%|███████▋  | 1161/1500 [13:54<04:33,  1.24it/s, buffer=160000, ret=19.17, success=0.00]
Training episodes:  77%|███████▋  | 1161/1500 [13:54<04:33,  1.24it/s, buffer=160000, ret=21.25, success=0.00]
Training episodes:  77%|███████▋  | 1162/1500 [13:54<04:33,  1.23it/s, buffer=160000, ret=21.25, success=0.00]
Training episodes:  77%|███████▋  | 1162/1500 [13:55<04:33,  1.23it/s, buffer=160000, ret=17.86, success=0.00]
Training episodes:  78%|███████▊  | 1163/1500 [13:55<04:33,  1.23it/s, buffer=160000, ret=17.86, success=0.00]
Training episodes:  78%|███████▊  | 1163/1500 [13:56<04:33,  1.23it/s, buffer=160000, ret=11.31, success=0.00]
Training episodes:  78%|███████▊  | 1164/1500 [13:56<04:30,  1.24it/s, buffer=160000, ret=11.31, success=0.00]
Training episodes:  78%|███████▊  | 1164/1500 [13:57<04:30,  1.24it/s, buffer=160000, ret=15.83, success=0.00]
Training episodes:  78%|███████▊  | 1165/1500 [13:57<04:28,  1.25it/s, buffer=160000, ret=15.83, success=0.00]
Training episodes:  78%|███████▊  | 1165/1500 [13:58<04:28,  1.25it/s, buffer=160000, ret=11.37, success=0.00]
Training episodes:  78%|███████▊  | 1166/1500 [13:58<04:26,  1.25it/s, buffer=160000, ret=11.37, success=0.00]
Training episodes:  78%|███████▊  | 1166/1500 [13:58<04:26,  1.25it/s, buffer=160000, ret=10.99, success=0.00]
Training episodes:  78%|███████▊  | 1167/1500 [13:58<04:24,  1.26it/s, buffer=160000, ret=10.99, success=0.00]
Training episodes:  78%|███████▊  | 1167/1500 [13:59<04:24,  1.26it/s, buffer=160000, ret=11.32, success=0.00]
Training episodes:  78%|███████▊  | 1168/1500 [13:59<04:24,  1.25it/s, buffer=160000, ret=11.32, success=0.00]
Training episodes:  78%|███████▊  | 1168/1500 [14:00<04:24,  1.25it/s, buffer=160000, ret=12.93, success=0.00]
Training episodes:  78%|███████▊  | 1169/1500 [14:00<04:22,  1.26it/s, buffer=160000, ret=12.93, success=0.00]
Training episodes:  78%|███████▊  | 1169/1500 [14:01<04:22,  1.26it/s, buffer=160000, ret=10.85, success=0.00]
Training episodes:  78%|███████▊  | 1170/1500 [14:01<04:22,  1.26it/s, buffer=160000, ret=10.85, success=0.00]
Training episodes:  78%|███████▊  | 1170/1500 [14:02<04:22,  1.26it/s, buffer=160000, ret=15.44, success=0.00]
Training episodes:  78%|███████▊  | 1171/1500 [14:02<04:24,  1.25it/s, buffer=160000, ret=15.44, success=0.00]
Training episodes:  78%|███████▊  | 1171/1500 [14:02<04:24,  1.25it/s, buffer=160000, ret=17.52, success=0.00]
Training episodes:  78%|███████▊  | 1172/1500 [14:02<04:22,  1.25it/s, buffer=160000, ret=17.52, success=0.00]
Training episodes:  78%|███████▊  | 1172/1500 [14:03<04:22,  1.25it/s, buffer=160000, ret=14.61, success=0.00]
Training episodes:  78%|███████▊  | 1173/1500 [14:03<04:20,  1.26it/s, buffer=160000, ret=14.61, success=0.00]
Training episodes:  78%|███████▊  | 1173/1500 [14:04<04:20,  1.26it/s, buffer=160000, ret=10.76, success=0.00]
Training episodes:  78%|███████▊  | 1174/1500 [14:04<04:18,  1.26it/s, buffer=160000, ret=10.76, success=0.00]
Training episodes:  78%|███████▊  | 1174/1500 [14:05<04:18,  1.26it/s, buffer=160000, ret=11.34, success=0.00]
Training episodes:  78%|███████▊  | 1175/1500 [14:05<04:16,  1.27it/s, buffer=160000, ret=11.34, success=0.00]
Training episodes:  78%|███████▊  | 1175/1500 [14:05<04:16,  1.27it/s, buffer=160000, ret=10.90, success=0.00]
Training episodes:  78%|███████▊  | 1176/1500 [14:05<04:17,  1.26it/s, buffer=160000, ret=10.90, success=0.00]
Training episodes:  78%|███████▊  | 1176/1500 [14:06<04:17,  1.26it/s, buffer=160000, ret=11.32, success=0.00]
Training episodes:  78%|███████▊  | 1177/1500 [14:06<04:16,  1.26it/s, buffer=160000, ret=11.32, success=0.00]
Training episodes:  78%|███████▊  | 1177/1500 [14:07<04:16,  1.26it/s, buffer=160000, ret=13.18, success=0.00]
Training episodes:  79%|███████▊  | 1178/1500 [14:07<04:15,  1.26it/s, buffer=160000, ret=13.18, success=0.00]
Training episodes:  79%|███████▊  | 1178/1500 [14:08<04:15,  1.26it/s, buffer=160000, ret=12.28, success=0.00]
Training episodes:  79%|███████▊  | 1179/1500 [14:08<04:13,  1.27it/s, buffer=160000, ret=12.28, success=0.00]
Training episodes:  79%|███████▊  | 1179/1500 [14:09<04:13,  1.27it/s, buffer=160000, ret=11.24, success=0.00]
Training episodes:  79%|███████▊  | 1180/1500 [14:09<04:12,  1.27it/s, buffer=160000, ret=11.24, success=0.00]
Training episodes:  79%|███████▊  | 1180/1500 [14:09<04:12,  1.27it/s, buffer=160000, ret=11.24, success=0.00]
Training episodes:  79%|███████▊  | 1181/1500 [14:09<04:11,  1.27it/s, buffer=160000, ret=11.24, success=0.00]
Training episodes:  79%|███████▊  | 1181/1500 [14:10<04:11,  1.27it/s, buffer=160000, ret=10.33, success=0.00]
Training episodes:  79%|███████▉  | 1182/1500 [14:10<04:11,  1.26it/s, buffer=160000, ret=10.33, success=0.00]
Training episodes:  79%|███████▉  | 1182/1500 [14:11<04:11,  1.26it/s, buffer=160000, ret=10.15, success=0.00]
Training episodes:  79%|███████▉  | 1183/1500 [14:11<04:11,  1.26it/s, buffer=160000, ret=10.15, success=0.00]
Training episodes:  79%|███████▉  | 1183/1500 [14:12<04:11,  1.26it/s, buffer=160000, ret=8.13, success=0.00] 
Training episodes:  79%|███████▉  | 1184/1500 [14:12<04:11,  1.25it/s, buffer=160000, ret=8.13, success=0.00]
Training episodes:  79%|███████▉  | 1184/1500 [14:13<04:11,  1.25it/s, buffer=160000, ret=10.82, success=0.00]
Training episodes:  79%|███████▉  | 1185/1500 [14:13<04:09,  1.26it/s, buffer=160000, ret=10.82, success=0.00]
Training episodes:  79%|███████▉  | 1185/1500 [14:13<04:09,  1.26it/s, buffer=160000, ret=9.87, success=0.00] 
Training episodes:  79%|███████▉  | 1186/1500 [14:13<04:08,  1.26it/s, buffer=160000, ret=9.87, success=0.00]
Training episodes:  79%|███████▉  | 1186/1500 [14:14<04:08,  1.26it/s, buffer=160000, ret=10.17, success=0.00]
Training episodes:  79%|███████▉  | 1187/1500 [14:14<04:07,  1.26it/s, buffer=160000, ret=10.17, success=0.00]
Training episodes:  79%|███████▉  | 1187/1500 [14:15<04:07,  1.26it/s, buffer=160000, ret=11.05, success=0.00]
Training episodes:  79%|███████▉  | 1188/1500 [14:15<04:06,  1.27it/s, buffer=160000, ret=11.05, success=0.00]
Training episodes:  79%|███████▉  | 1188/1500 [14:16<04:06,  1.27it/s, buffer=160000, ret=11.91, success=0.00]
Training episodes:  79%|███████▉  | 1189/1500 [14:16<04:05,  1.27it/s, buffer=160000, ret=11.91, success=0.00]
Training episodes:  79%|███████▉  | 1189/1500 [14:17<04:05,  1.27it/s, buffer=160000, ret=10.65, success=0.00]
Training episodes:  79%|███████▉  | 1190/1500 [14:17<04:04,  1.27it/s, buffer=160000, ret=10.65, success=0.00]
Training episodes:  79%|███████▉  | 1190/1500 [14:17<04:04,  1.27it/s, buffer=160000, ret=10.58, success=0.00]
Training episodes:  79%|███████▉  | 1191/1500 [14:17<04:03,  1.27it/s, buffer=160000, ret=10.58, success=0.00]
Training episodes:  79%|███████▉  | 1191/1500 [14:18<04:03,  1.27it/s, buffer=160000, ret=12.11, success=0.00]
Training episodes:  79%|███████▉  | 1192/1500 [14:18<04:01,  1.28it/s, buffer=160000, ret=12.11, success=0.00]
Training episodes:  79%|███████▉  | 1192/1500 [14:19<04:01,  1.28it/s, buffer=160000, ret=12.00, success=0.00]
Training episodes:  80%|███████▉  | 1193/1500 [14:19<04:01,  1.27it/s, buffer=160000, ret=12.00, success=0.00]
Training episodes:  80%|███████▉  | 1193/1500 [14:20<04:01,  1.27it/s, buffer=160000, ret=9.95, success=0.00] 
Training episodes:  80%|███████▉  | 1194/1500 [14:20<04:00,  1.27it/s, buffer=160000, ret=9.95, success=0.00]
Training episodes:  80%|███████▉  | 1194/1500 [14:20<04:00,  1.27it/s, buffer=160000, ret=12.60, success=0.00]
Training episodes:  80%|███████▉  | 1195/1500 [14:20<04:01,  1.26it/s, buffer=160000, ret=12.60, success=0.00]
Training episodes:  80%|███████▉  | 1195/1500 [14:21<04:01,  1.26it/s, buffer=160000, ret=11.84, success=0.00]
Training episodes:  80%|███████▉  | 1196/1500 [14:21<04:00,  1.27it/s, buffer=160000, ret=11.84, success=0.00]
Training episodes:  80%|███████▉  | 1196/1500 [14:22<04:00,  1.27it/s, buffer=160000, ret=12.83, success=0.00]
Training episodes:  80%|███████▉  | 1197/1500 [14:22<04:00,  1.26it/s, buffer=160000, ret=12.83, success=0.00]
Training episodes:  80%|███████▉  | 1197/1500 [14:23<04:00,  1.26it/s, buffer=160000, ret=12.49, success=0.00]
Training episodes:  80%|███████▉  | 1198/1500 [14:23<03:59,  1.26it/s, buffer=160000, ret=12.49, success=0.00]
Training episodes:  80%|███████▉  | 1198/1500 [14:24<03:59,  1.26it/s, buffer=160000, ret=10.74, success=0.00]
Training episodes:  80%|███████▉  | 1199/1500 [14:24<03:58,  1.26it/s, buffer=160000, ret=10.74, success=0.00]
Training episodes:  80%|███████▉  | 1199/1500 [14:24<03:58,  1.26it/s, buffer=160000, ret=10.59, success=0.00]wandb: WARNING `fps` argument does not affect the frame rate of the video when providing a file path or raw bytes.

Training episodes:  80%|████████  | 1200/1500 [14:25<04:51,  1.03it/s, buffer=160000, ret=10.59, success=0.00]
Training episodes:  80%|████████  | 1200/1500 [14:26<04:51,  1.03it/s, buffer=160000, ret=11.78, success=0.00]
Training episodes:  80%|████████  | 1201/1500 [14:26<04:34,  1.09it/s, buffer=160000, ret=11.78, success=0.00]
Training episodes:  80%|████████  | 1201/1500 [14:27<04:34,  1.09it/s, buffer=160000, ret=11.21, success=0.00]
Training episodes:  80%|████████  | 1202/1500 [14:27<04:23,  1.13it/s, buffer=160000, ret=11.21, success=0.00]
Training episodes:  80%|████████  | 1202/1500 [14:27<04:23,  1.13it/s, buffer=160000, ret=13.71, success=0.00]
Training episodes:  80%|████████  | 1203/1500 [14:27<04:15,  1.16it/s, buffer=160000, ret=13.71, success=0.00]
Training episodes:  80%|████████  | 1203/1500 [14:28<04:15,  1.16it/s, buffer=160000, ret=11.22, success=0.00]
Training episodes:  80%|████████  | 1204/1500 [14:28<04:07,  1.20it/s, buffer=160000, ret=11.22, success=0.00]
Training episodes:  80%|████████  | 1204/1500 [14:29<04:07,  1.20it/s, buffer=160000, ret=10.35, success=0.00]
Training episodes:  80%|████████  | 1205/1500 [14:29<04:03,  1.21it/s, buffer=160000, ret=10.35, success=0.00]
Training episodes:  80%|████████  | 1205/1500 [14:30<04:03,  1.21it/s, buffer=160000, ret=11.22, success=0.00]
Training episodes:  80%|████████  | 1206/1500 [14:30<04:00,  1.22it/s, buffer=160000, ret=11.22, success=0.00]
Training episodes:  80%|████████  | 1206/1500 [14:31<04:00,  1.22it/s, buffer=160000, ret=12.97, success=0.00]
Training episodes:  80%|████████  | 1207/1500 [14:31<03:57,  1.23it/s, buffer=160000, ret=12.97, success=0.00]
Training episodes:  80%|████████  | 1207/1500 [14:31<03:57,  1.23it/s, buffer=160000, ret=11.38, success=0.00]
Training episodes:  81%|████████  | 1208/1500 [14:31<03:53,  1.25it/s, buffer=160000, ret=11.38, success=0.00]
Training episodes:  81%|████████  | 1208/1500 [14:32<03:53,  1.25it/s, buffer=160000, ret=10.61, success=0.00]
Training episodes:  81%|████████  | 1209/1500 [14:32<03:52,  1.25it/s, buffer=160000, ret=10.61, success=0.00]
Training episodes:  81%|████████  | 1209/1500 [14:33<03:52,  1.25it/s, buffer=160000, ret=11.20, success=0.00]
Training episodes:  81%|████████  | 1210/1500 [14:33<03:50,  1.26it/s, buffer=160000, ret=11.20, success=0.00]
Training episodes:  81%|████████  | 1210/1500 [14:34<03:50,  1.26it/s, buffer=160000, ret=10.50, success=0.00]
Training episodes:  81%|████████  | 1211/1500 [14:34<03:48,  1.27it/s, buffer=160000, ret=10.50, success=0.00]
Training episodes:  81%|████████  | 1211/1500 [14:35<03:48,  1.27it/s, buffer=160000, ret=11.68, success=0.00]
Training episodes:  81%|████████  | 1212/1500 [14:35<03:47,  1.26it/s, buffer=160000, ret=11.68, success=0.00]
Training episodes:  81%|████████  | 1212/1500 [14:35<03:47,  1.26it/s, buffer=160000, ret=9.52, success=0.00] 
Training episodes:  81%|████████  | 1213/1500 [14:35<03:47,  1.26it/s, buffer=160000, ret=9.52, success=0.00]
Training episodes:  81%|████████  | 1213/1500 [14:36<03:47,  1.26it/s, buffer=160000, ret=12.13, success=0.00]
Training episodes:  81%|████████  | 1214/1500 [14:36<03:47,  1.26it/s, buffer=160000, ret=12.13, success=0.00]
Training episodes:  81%|████████  | 1214/1500 [14:37<03:47,  1.26it/s, buffer=160000, ret=12.52, success=0.00]
Training episodes:  81%|████████  | 1215/1500 [14:37<03:47,  1.25it/s, buffer=160000, ret=12.52, success=0.00]
Training episodes:  81%|████████  | 1215/1500 [14:38<03:47,  1.25it/s, buffer=160000, ret=10.74, success=0.00]
Training episodes:  81%|████████  | 1216/1500 [14:38<03:47,  1.25it/s, buffer=160000, ret=10.74, success=0.00]
Training episodes:  81%|████████  | 1216/1500 [14:39<03:47,  1.25it/s, buffer=160000, ret=12.23, success=0.00]
Training episodes:  81%|████████  | 1217/1500 [14:39<03:44,  1.26it/s, buffer=160000, ret=12.23, success=0.00]
Training episodes:  81%|████████  | 1217/1500 [14:39<03:44,  1.26it/s, buffer=160000, ret=11.46, success=0.00]
Training episodes:  81%|████████  | 1218/1500 [14:39<03:43,  1.26it/s, buffer=160000, ret=11.46, success=0.00]
Training episodes:  81%|████████  | 1218/1500 [14:40<03:43,  1.26it/s, buffer=160000, ret=12.12, success=0.00]
Training episodes:  81%|████████▏ | 1219/1500 [14:40<03:42,  1.27it/s, buffer=160000, ret=12.12, success=0.00]
Training episodes:  81%|████████▏ | 1219/1500 [14:41<03:42,  1.27it/s, buffer=160000, ret=11.88, success=0.00]
Training episodes:  81%|████████▏ | 1220/1500 [14:41<03:41,  1.26it/s, buffer=160000, ret=11.88, success=0.00]
Training episodes:  81%|████████▏ | 1220/1500 [14:42<03:41,  1.26it/s, buffer=160000, ret=11.87, success=0.00]
Training episodes:  81%|████████▏ | 1221/1500 [14:42<03:40,  1.27it/s, buffer=160000, ret=11.87, success=0.00]
Training episodes:  81%|████████▏ | 1221/1500 [14:42<03:40,  1.27it/s, buffer=160000, ret=13.32, success=0.00]
Training episodes:  81%|████████▏ | 1222/1500 [14:42<03:38,  1.27it/s, buffer=160000, ret=13.32, success=0.00]
Training episodes:  81%|████████▏ | 1222/1500 [14:43<03:38,  1.27it/s, buffer=160000, ret=14.02, success=0.00]
Training episodes:  82%|████████▏ | 1223/1500 [14:43<03:39,  1.26it/s, buffer=160000, ret=14.02, success=0.00]
Training episodes:  82%|████████▏ | 1223/1500 [14:44<03:39,  1.26it/s, buffer=160000, ret=10.75, success=0.00]
Training episodes:  82%|████████▏ | 1224/1500 [14:44<03:40,  1.25it/s, buffer=160000, ret=10.75, success=0.00]
Training episodes:  82%|████████▏ | 1224/1500 [14:45<03:40,  1.25it/s, buffer=160000, ret=17.23, success=0.00]
Training episodes:  82%|████████▏ | 1225/1500 [14:45<03:39,  1.25it/s, buffer=160000, ret=17.23, success=0.00]
Training episodes:  82%|████████▏ | 1225/1500 [14:46<03:39,  1.25it/s, buffer=160000, ret=20.18, success=0.00]
Training episodes:  82%|████████▏ | 1226/1500 [14:46<03:39,  1.25it/s, buffer=160000, ret=20.18, success=0.00]
Training episodes:  82%|████████▏ | 1226/1500 [14:47<03:39,  1.25it/s, buffer=160000, ret=19.11, success=0.00]
Training episodes:  82%|████████▏ | 1227/1500 [14:47<03:40,  1.24it/s, buffer=160000, ret=19.11, success=0.00]
Training episodes:  82%|████████▏ | 1227/1500 [14:47<03:40,  1.24it/s, buffer=160000, ret=22.67, success=0.00]
Training episodes:  82%|████████▏ | 1228/1500 [14:47<03:39,  1.24it/s, buffer=160000, ret=22.67, success=0.00]
Training episodes:  82%|████████▏ | 1228/1500 [14:48<03:39,  1.24it/s, buffer=160000, ret=15.20, success=0.00]
Training episodes:  82%|████████▏ | 1229/1500 [14:48<03:38,  1.24it/s, buffer=160000, ret=15.20, success=0.00]
Training episodes:  82%|████████▏ | 1229/1500 [14:49<03:38,  1.24it/s, buffer=160000, ret=9.77, success=0.00] 
Training episodes:  82%|████████▏ | 1230/1500 [14:49<03:36,  1.25it/s, buffer=160000, ret=9.77, success=0.00]
Training episodes:  82%|████████▏ | 1230/1500 [14:50<03:36,  1.25it/s, buffer=160000, ret=10.91, success=0.00]
Training episodes:  82%|████████▏ | 1231/1500 [14:50<03:34,  1.25it/s, buffer=160000, ret=10.91, success=0.00]
Training episodes:  82%|████████▏ | 1231/1500 [14:50<03:34,  1.25it/s, buffer=160000, ret=10.51, success=0.00]
Training episodes:  82%|████████▏ | 1232/1500 [14:50<03:33,  1.26it/s, buffer=160000, ret=10.51, success=0.00]
Training episodes:  82%|████████▏ | 1232/1500 [14:51<03:33,  1.26it/s, buffer=160000, ret=16.35, success=0.00]
Training episodes:  82%|████████▏ | 1233/1500 [14:51<03:32,  1.26it/s, buffer=160000, ret=16.35, success=0.00]
Training episodes:  82%|████████▏ | 1233/1500 [14:52<03:32,  1.26it/s, buffer=160000, ret=23.22, success=0.00]
Training episodes:  82%|████████▏ | 1234/1500 [14:52<03:31,  1.26it/s, buffer=160000, ret=23.22, success=0.00]
Training episodes:  82%|████████▏ | 1234/1500 [14:53<03:31,  1.26it/s, buffer=160000, ret=10.84, success=0.00]
Training episodes:  82%|████████▏ | 1235/1500 [14:53<03:30,  1.26it/s, buffer=160000, ret=10.84, success=0.00]
Training episodes:  82%|████████▏ | 1235/1500 [14:54<03:30,  1.26it/s, buffer=160000, ret=24.42, success=0.00]
Training episodes:  82%|████████▏ | 1236/1500 [14:54<03:30,  1.26it/s, buffer=160000, ret=24.42, success=0.00]
Training episodes:  82%|████████▏ | 1236/1500 [14:54<03:30,  1.26it/s, buffer=160000, ret=15.83, success=0.00]
Training episodes:  82%|████████▏ | 1237/1500 [14:54<03:29,  1.26it/s, buffer=160000, ret=15.83, success=0.00]
Training episodes:  82%|████████▏ | 1237/1500 [14:55<03:29,  1.26it/s, buffer=160000, ret=23.91, success=0.00]
Training episodes:  83%|████████▎ | 1238/1500 [14:55<03:28,  1.26it/s, buffer=160000, ret=23.91, success=0.00]
Training episodes:  83%|████████▎ | 1238/1500 [14:56<03:28,  1.26it/s, buffer=160000, ret=12.77, success=0.00]
Training episodes:  83%|████████▎ | 1239/1500 [14:56<03:28,  1.25it/s, buffer=160000, ret=12.77, success=0.00]
Training episodes:  83%|████████▎ | 1239/1500 [14:57<03:28,  1.25it/s, buffer=160000, ret=18.94, success=0.00]
Training episodes:  83%|████████▎ | 1240/1500 [14:57<03:26,  1.26it/s, buffer=160000, ret=18.94, success=0.00]
Training episodes:  83%|████████▎ | 1240/1500 [14:58<03:26,  1.26it/s, buffer=160000, ret=19.87, success=0.00]
Training episodes:  83%|████████▎ | 1241/1500 [14:58<03:28,  1.24it/s, buffer=160000, ret=19.87, success=0.00]
Training episodes:  83%|████████▎ | 1241/1500 [14:59<03:28,  1.24it/s, buffer=160000, ret=31.59, success=0.00]
Training episodes:  83%|████████▎ | 1242/1500 [14:59<03:28,  1.24it/s, buffer=160000, ret=31.59, success=0.00]
Training episodes:  83%|████████▎ | 1242/1500 [14:59<03:28,  1.24it/s, buffer=160000, ret=29.23, success=0.00]
Training episodes:  83%|████████▎ | 1243/1500 [14:59<03:29,  1.23it/s, buffer=160000, ret=29.23, success=0.00]
Training episodes:  83%|████████▎ | 1243/1500 [15:00<03:29,  1.23it/s, buffer=160000, ret=15.58, success=0.00]
Training episodes:  83%|████████▎ | 1244/1500 [15:00<03:27,  1.23it/s, buffer=160000, ret=15.58, success=0.00]
Training episodes:  83%|████████▎ | 1244/1500 [15:01<03:27,  1.23it/s, buffer=160000, ret=14.63, success=0.00]
Training episodes:  83%|████████▎ | 1245/1500 [15:01<03:26,  1.24it/s, buffer=160000, ret=14.63, success=0.00]
Training episodes:  83%|████████▎ | 1245/1500 [15:02<03:26,  1.24it/s, buffer=160000, ret=21.27, success=0.00]
Training episodes:  83%|████████▎ | 1246/1500 [15:02<03:26,  1.23it/s, buffer=160000, ret=21.27, success=0.00]
Training episodes:  83%|████████▎ | 1246/1500 [15:03<03:26,  1.23it/s, buffer=160000, ret=11.28, success=0.00]
Training episodes:  83%|████████▎ | 1247/1500 [15:03<03:25,  1.23it/s, buffer=160000, ret=11.28, success=0.00]
Training episodes:  83%|████████▎ | 1247/1500 [15:03<03:25,  1.23it/s, buffer=160000, ret=19.96, success=0.00]
Training episodes:  83%|████████▎ | 1248/1500 [15:03<03:23,  1.24it/s, buffer=160000, ret=19.96, success=0.00]
Training episodes:  83%|████████▎ | 1248/1500 [15:04<03:23,  1.24it/s, buffer=160000, ret=13.94, success=0.00]
Training episodes:  83%|████████▎ | 1249/1500 [15:04<03:23,  1.24it/s, buffer=160000, ret=13.94, success=0.00]
Training episodes:  83%|████████▎ | 1249/1500 [15:05<03:23,  1.24it/s, buffer=160000, ret=12.43, success=0.00]wandb: WARNING `fps` argument does not affect the frame rate of the video when providing a file path or raw bytes.

Training episodes:  83%|████████▎ | 1250/1500 [15:06<04:06,  1.02it/s, buffer=160000, ret=12.43, success=0.00]
Training episodes:  83%|████████▎ | 1250/1500 [15:06<04:06,  1.02it/s, buffer=160000, ret=10.80, success=0.00]
Training episodes:  83%|████████▎ | 1251/1500 [15:06<03:51,  1.08it/s, buffer=160000, ret=10.80, success=0.00]
Training episodes:  83%|████████▎ | 1251/1500 [15:07<03:51,  1.08it/s, buffer=160000, ret=10.97, success=0.00]
Training episodes:  83%|████████▎ | 1252/1500 [15:07<03:39,  1.13it/s, buffer=160000, ret=10.97, success=0.00]
Training episodes:  83%|████████▎ | 1252/1500 [15:08<03:39,  1.13it/s, buffer=160000, ret=12.41, success=0.00]
Training episodes:  84%|████████▎ | 1253/1500 [15:08<03:32,  1.16it/s, buffer=160000, ret=12.41, success=0.00]
Training episodes:  84%|████████▎ | 1253/1500 [15:09<03:32,  1.16it/s, buffer=160000, ret=11.41, success=0.00]
Training episodes:  84%|████████▎ | 1254/1500 [15:09<03:26,  1.19it/s, buffer=160000, ret=11.41, success=0.00]
Training episodes:  84%|████████▎ | 1254/1500 [15:10<03:26,  1.19it/s, buffer=160000, ret=12.07, success=0.00]
Training episodes:  84%|████████▎ | 1255/1500 [15:10<03:23,  1.21it/s, buffer=160000, ret=12.07, success=0.00]
Training episodes:  84%|████████▎ | 1255/1500 [15:10<03:23,  1.21it/s, buffer=160000, ret=11.99, success=0.00]
Training episodes:  84%|████████▎ | 1256/1500 [15:10<03:21,  1.21it/s, buffer=160000, ret=11.99, success=0.00]
Training episodes:  84%|████████▎ | 1256/1500 [15:11<03:21,  1.21it/s, buffer=160000, ret=9.46, success=0.00] 
Training episodes:  84%|████████▍ | 1257/1500 [15:11<03:17,  1.23it/s, buffer=160000, ret=9.46, success=0.00]
Training episodes:  84%|████████▍ | 1257/1500 [15:12<03:17,  1.23it/s, buffer=160000, ret=11.93, success=0.00]
Training episodes:  84%|████████▍ | 1258/1500 [15:12<03:16,  1.23it/s, buffer=160000, ret=11.93, success=0.00]
Training episodes:  84%|████████▍ | 1258/1500 [15:13<03:16,  1.23it/s, buffer=160000, ret=10.03, success=0.00]
Training episodes:  84%|████████▍ | 1259/1500 [15:13<03:14,  1.24it/s, buffer=160000, ret=10.03, success=0.00]
Training episodes:  84%|████████▍ | 1259/1500 [15:14<03:14,  1.24it/s, buffer=160000, ret=10.56, success=0.00]
Training episodes:  84%|████████▍ | 1260/1500 [15:14<03:13,  1.24it/s, buffer=160000, ret=10.56, success=0.00]
Training episodes:  84%|████████▍ | 1260/1500 [15:14<03:13,  1.24it/s, buffer=160000, ret=12.15, success=0.00]
Training episodes:  84%|████████▍ | 1261/1500 [15:14<03:12,  1.24it/s, buffer=160000, ret=12.15, success=0.00]
Training episodes:  84%|████████▍ | 1261/1500 [15:15<03:12,  1.24it/s, buffer=160000, ret=12.94, success=0.00]
Training episodes:  84%|████████▍ | 1262/1500 [15:15<03:11,  1.24it/s, buffer=160000, ret=12.94, success=0.00]
Training episodes:  84%|████████▍ | 1262/1500 [15:16<03:11,  1.24it/s, buffer=160000, ret=10.70, success=0.00]
Training episodes:  84%|████████▍ | 1263/1500 [15:16<03:10,  1.24it/s, buffer=160000, ret=10.70, success=0.00]
Training episodes:  84%|████████▍ | 1263/1500 [15:17<03:10,  1.24it/s, buffer=160000, ret=12.36, success=0.00]
Training episodes:  84%|████████▍ | 1264/1500 [15:17<03:09,  1.24it/s, buffer=160000, ret=12.36, success=0.00]
Training episodes:  84%|████████▍ | 1264/1500 [15:18<03:09,  1.24it/s, buffer=160000, ret=11.04, success=0.00]
Training episodes:  84%|████████▍ | 1265/1500 [15:18<03:08,  1.25it/s, buffer=160000, ret=11.04, success=0.00]
Training episodes:  84%|████████▍ | 1265/1500 [15:18<03:08,  1.25it/s, buffer=160000, ret=11.62, success=0.00]
Training episodes:  84%|████████▍ | 1266/1500 [15:18<03:07,  1.25it/s, buffer=160000, ret=11.62, success=0.00]
Training episodes:  84%|████████▍ | 1266/1500 [15:19<03:07,  1.25it/s, buffer=160000, ret=11.64, success=0.00]
Training episodes:  84%|████████▍ | 1267/1500 [15:19<03:07,  1.24it/s, buffer=160000, ret=11.64, success=0.00]
Training episodes:  84%|████████▍ | 1267/1500 [15:20<03:07,  1.24it/s, buffer=160000, ret=10.11, success=0.00]
Training episodes:  85%|████████▍ | 1268/1500 [15:20<03:07,  1.24it/s, buffer=160000, ret=10.11, success=0.00]
Training episodes:  85%|████████▍ | 1268/1500 [15:21<03:07,  1.24it/s, buffer=160000, ret=10.01, success=0.00]
Training episodes:  85%|████████▍ | 1269/1500 [15:21<03:06,  1.24it/s, buffer=160000, ret=10.01, success=0.00]
Training episodes:  85%|████████▍ | 1269/1500 [15:22<03:06,  1.24it/s, buffer=160000, ret=12.44, success=0.00]
Training episodes:  85%|████████▍ | 1270/1500 [15:22<03:06,  1.24it/s, buffer=160000, ret=12.44, success=0.00]
Training episodes:  85%|████████▍ | 1270/1500 [15:22<03:06,  1.24it/s, buffer=160000, ret=11.23, success=0.00]
Training episodes:  85%|████████▍ | 1271/1500 [15:22<03:04,  1.24it/s, buffer=160000, ret=11.23, success=0.00]
Training episodes:  85%|████████▍ | 1271/1500 [15:23<03:04,  1.24it/s, buffer=160000, ret=10.26, success=0.00]
Training episodes:  85%|████████▍ | 1272/1500 [15:23<03:03,  1.24it/s, buffer=160000, ret=10.26, success=0.00]
Training episodes:  85%|████████▍ | 1272/1500 [15:24<03:03,  1.24it/s, buffer=160000, ret=20.57, success=0.00]
Training episodes:  85%|████████▍ | 1273/1500 [15:24<03:02,  1.24it/s, buffer=160000, ret=20.57, success=0.00]
Training episodes:  85%|████████▍ | 1273/1500 [15:25<03:02,  1.24it/s, buffer=160000, ret=11.06, success=0.00]
Training episodes:  85%|████████▍ | 1274/1500 [15:25<03:01,  1.25it/s, buffer=160000, ret=11.06, success=0.00]
Training episodes:  85%|████████▍ | 1274/1500 [15:26<03:01,  1.25it/s, buffer=160000, ret=10.53, success=0.00]
Training episodes:  85%|████████▌ | 1275/1500 [15:26<03:02,  1.23it/s, buffer=160000, ret=10.53, success=0.00]
Training episodes:  85%|████████▌ | 1275/1500 [15:26<03:02,  1.23it/s, buffer=160000, ret=14.83, success=0.00]
Training episodes:  85%|████████▌ | 1276/1500 [15:26<03:01,  1.24it/s, buffer=160000, ret=14.83, success=0.00]
Training episodes:  85%|████████▌ | 1276/1500 [15:27<03:01,  1.24it/s, buffer=160000, ret=12.09, success=0.00]
Training episodes:  85%|████████▌ | 1277/1500 [15:27<03:00,  1.24it/s, buffer=160000, ret=12.09, success=0.00]
Training episodes:  85%|████████▌ | 1277/1500 [15:28<03:00,  1.24it/s, buffer=160000, ret=14.47, success=0.00]
Training episodes:  85%|████████▌ | 1278/1500 [15:28<02:58,  1.24it/s, buffer=160000, ret=14.47, success=0.00]
Training episodes:  85%|████████▌ | 1278/1500 [15:29<02:58,  1.24it/s, buffer=160000, ret=15.99, success=0.00]
Training episodes:  85%|████████▌ | 1279/1500 [15:29<02:57,  1.24it/s, buffer=160000, ret=15.99, success=0.00]
Training episodes:  85%|████████▌ | 1279/1500 [15:30<02:57,  1.24it/s, buffer=160000, ret=20.29, success=0.00]
Training episodes:  85%|████████▌ | 1280/1500 [15:30<03:00,  1.22it/s, buffer=160000, ret=20.29, success=0.00]
Training episodes:  85%|████████▌ | 1280/1500 [15:31<03:00,  1.22it/s, buffer=160000, ret=18.78, success=0.00]
Training episodes:  85%|████████▌ | 1281/1500 [15:31<03:01,  1.21it/s, buffer=160000, ret=18.78, success=0.00]
Training episodes:  85%|████████▌ | 1281/1500 [15:31<03:01,  1.21it/s, buffer=160000, ret=19.37, success=0.00]
Training episodes:  85%|████████▌ | 1282/1500 [15:31<03:03,  1.19it/s, buffer=160000, ret=19.37, success=0.00]
Training episodes:  85%|████████▌ | 1282/1500 [15:32<03:03,  1.19it/s, buffer=160000, ret=11.21, success=0.00]
Training episodes:  86%|████████▌ | 1283/1500 [15:32<03:01,  1.19it/s, buffer=160000, ret=11.21, success=0.00]
Training episodes:  86%|████████▌ | 1283/1500 [15:33<03:01,  1.19it/s, buffer=160000, ret=9.53, success=0.00] 
Training episodes:  86%|████████▌ | 1284/1500 [15:33<02:59,  1.20it/s, buffer=160000, ret=9.53, success=0.00]
Training episodes:  86%|████████▌ | 1284/1500 [15:34<02:59,  1.20it/s, buffer=160000, ret=12.79, success=0.00]
Training episodes:  86%|████████▌ | 1285/1500 [15:34<03:00,  1.19it/s, buffer=160000, ret=12.79, success=0.00]
Training episodes:  86%|████████▌ | 1285/1500 [15:35<03:00,  1.19it/s, buffer=160000, ret=27.21, success=0.00]
Training episodes:  86%|████████▌ | 1286/1500 [15:35<02:57,  1.21it/s, buffer=160000, ret=27.21, success=0.00]
Training episodes:  86%|████████▌ | 1286/1500 [15:36<02:57,  1.21it/s, buffer=160000, ret=16.81, success=0.00]
Training episodes:  86%|████████▌ | 1287/1500 [15:36<02:53,  1.22it/s, buffer=160000, ret=16.81, success=0.00]
Training episodes:  86%|████████▌ | 1287/1500 [15:36<02:53,  1.22it/s, buffer=160000, ret=17.01, success=0.00]
Training episodes:  86%|████████▌ | 1288/1500 [15:36<02:53,  1.22it/s, buffer=160000, ret=17.01, success=0.00]
Training episodes:  86%|████████▌ | 1288/1500 [15:37<02:53,  1.22it/s, buffer=160000, ret=11.97, success=0.00]
Training episodes:  86%|████████▌ | 1289/1500 [15:37<02:52,  1.22it/s, buffer=160000, ret=11.97, success=0.00]
Training episodes:  86%|████████▌ | 1289/1500 [15:38<02:52,  1.22it/s, buffer=160000, ret=12.69, success=0.00]
Training episodes:  86%|████████▌ | 1290/1500 [15:38<02:50,  1.23it/s, buffer=160000, ret=12.69, success=0.00]
Training episodes:  86%|████████▌ | 1290/1500 [15:39<02:50,  1.23it/s, buffer=160000, ret=11.52, success=0.00]
Training episodes:  86%|████████▌ | 1291/1500 [15:39<02:49,  1.23it/s, buffer=160000, ret=11.52, success=0.00]
Training episodes:  86%|████████▌ | 1291/1500 [15:40<02:49,  1.23it/s, buffer=160000, ret=10.59, success=0.00]
Training episodes:  86%|████████▌ | 1292/1500 [15:40<02:47,  1.24it/s, buffer=160000, ret=10.59, success=0.00]
Training episodes:  86%|████████▌ | 1292/1500 [15:40<02:47,  1.24it/s, buffer=160000, ret=10.85, success=0.00]
Training episodes:  86%|████████▌ | 1293/1500 [15:40<02:47,  1.24it/s, buffer=160000, ret=10.85, success=0.00]
Training episodes:  86%|████████▌ | 1293/1500 [15:41<02:47,  1.24it/s, buffer=160000, ret=9.95, success=0.00] 
Training episodes:  86%|████████▋ | 1294/1500 [15:41<02:45,  1.24it/s, buffer=160000, ret=9.95, success=0.00]
Training episodes:  86%|████████▋ | 1294/1500 [15:42<02:45,  1.24it/s, buffer=160000, ret=10.65, success=0.00]
Training episodes:  86%|████████▋ | 1295/1500 [15:42<02:44,  1.25it/s, buffer=160000, ret=10.65, success=0.00]
Training episodes:  86%|████████▋ | 1295/1500 [15:43<02:44,  1.25it/s, buffer=160000, ret=12.35, success=0.00]
Training episodes:  86%|████████▋ | 1296/1500 [15:43<02:43,  1.25it/s, buffer=160000, ret=12.35, success=0.00]
Training episodes:  86%|████████▋ | 1296/1500 [15:44<02:43,  1.25it/s, buffer=160000, ret=15.56, success=0.00]
Training episodes:  86%|████████▋ | 1297/1500 [15:44<02:44,  1.24it/s, buffer=160000, ret=15.56, success=0.00]
Training episodes:  86%|████████▋ | 1297/1500 [15:44<02:44,  1.24it/s, buffer=160000, ret=10.86, success=0.00]
Training episodes:  87%|████████▋ | 1298/1500 [15:44<02:44,  1.23it/s, buffer=160000, ret=10.86, success=0.00]
Training episodes:  87%|████████▋ | 1298/1500 [15:45<02:44,  1.23it/s, buffer=160000, ret=10.81, success=0.00]
Training episodes:  87%|████████▋ | 1299/1500 [15:45<02:44,  1.22it/s, buffer=160000, ret=10.81, success=0.00]
Training episodes:  87%|████████▋ | 1299/1500 [15:46<02:44,  1.22it/s, buffer=160000, ret=10.51, success=0.00]wandb: WARNING `fps` argument does not affect the frame rate of the video when providing a file path or raw bytes.

Training episodes:  87%|████████▋ | 1300/1500 [15:47<03:24,  1.02s/it, buffer=160000, ret=10.51, success=0.00]
Training episodes:  87%|████████▋ | 1300/1500 [15:48<03:24,  1.02s/it, buffer=160000, ret=9.36, success=0.00] 
Training episodes:  87%|████████▋ | 1301/1500 [15:48<03:12,  1.03it/s, buffer=160000, ret=9.36, success=0.00]
Training episodes:  87%|████████▋ | 1301/1500 [15:48<03:12,  1.03it/s, buffer=160000, ret=10.60, success=0.00]
Training episodes:  87%|████████▋ | 1302/1500 [15:48<03:01,  1.09it/s, buffer=160000, ret=10.60, success=0.00]
Training episodes:  87%|████████▋ | 1302/1500 [15:49<03:01,  1.09it/s, buffer=160000, ret=12.60, success=0.00]
Training episodes:  87%|████████▋ | 1303/1500 [15:49<02:54,  1.13it/s, buffer=160000, ret=12.60, success=0.00]
Training episodes:  87%|████████▋ | 1303/1500 [15:50<02:54,  1.13it/s, buffer=160000, ret=10.75, success=0.00]
Training episodes:  87%|████████▋ | 1304/1500 [15:50<02:51,  1.15it/s, buffer=160000, ret=10.75, success=0.00]
Training episodes:  87%|████████▋ | 1304/1500 [15:51<02:51,  1.15it/s, buffer=160000, ret=12.29, success=0.00]
Training episodes:  87%|████████▋ | 1305/1500 [15:51<02:48,  1.16it/s, buffer=160000, ret=12.29, success=0.00]
Training episodes:  87%|████████▋ | 1305/1500 [15:52<02:48,  1.16it/s, buffer=160000, ret=12.12, success=0.00]
Training episodes:  87%|████████▋ | 1306/1500 [15:52<02:44,  1.18it/s, buffer=160000, ret=12.12, success=0.00]
Training episodes:  87%|████████▋ | 1306/1500 [15:53<02:44,  1.18it/s, buffer=160000, ret=9.85, success=0.00] 
Training episodes:  87%|████████▋ | 1307/1500 [15:53<02:40,  1.20it/s, buffer=160000, ret=9.85, success=0.00]
Training episodes:  87%|████████▋ | 1307/1500 [15:53<02:40,  1.20it/s, buffer=160000, ret=10.82, success=0.00]
Training episodes:  87%|████████▋ | 1308/1500 [15:53<02:38,  1.21it/s, buffer=160000, ret=10.82, success=0.00]
Training episodes:  87%|████████▋ | 1308/1500 [15:54<02:38,  1.21it/s, buffer=160000, ret=10.15, success=0.00]
Training episodes:  87%|████████▋ | 1309/1500 [15:54<02:37,  1.21it/s, buffer=160000, ret=10.15, success=0.00]
Training episodes:  87%|████████▋ | 1309/1500 [15:55<02:37,  1.21it/s, buffer=160000, ret=11.19, success=0.00]
Training episodes:  87%|████████▋ | 1310/1500 [15:55<02:35,  1.22it/s, buffer=160000, ret=11.19, success=0.00]
Training episodes:  87%|████████▋ | 1310/1500 [15:56<02:35,  1.22it/s, buffer=160000, ret=12.37, success=0.00]
Training episodes:  87%|████████▋ | 1311/1500 [15:56<02:32,  1.24it/s, buffer=160000, ret=12.37, success=0.00]
Training episodes:  87%|████████▋ | 1311/1500 [15:57<02:32,  1.24it/s, buffer=160000, ret=13.17, success=0.00]
Training episodes:  87%|████████▋ | 1312/1500 [15:57<02:33,  1.23it/s, buffer=160000, ret=13.17, success=0.00]
Training episodes:  87%|████████▋ | 1312/1500 [15:57<02:33,  1.23it/s, buffer=160000, ret=11.45, success=0.00]
Training episodes:  88%|████████▊ | 1313/1500 [15:57<02:31,  1.24it/s, buffer=160000, ret=11.45, success=0.00]
Training episodes:  88%|████████▊ | 1313/1500 [15:58<02:31,  1.24it/s, buffer=160000, ret=11.69, success=0.00]
Training episodes:  88%|████████▊ | 1314/1500 [15:58<02:28,  1.25it/s, buffer=160000, ret=11.69, success=0.00]
Training episodes:  88%|████████▊ | 1314/1500 [15:59<02:28,  1.25it/s, buffer=160000, ret=10.83, success=0.00]
Training episodes:  88%|████████▊ | 1315/1500 [15:59<02:27,  1.25it/s, buffer=160000, ret=10.83, success=0.00]
Training episodes:  88%|████████▊ | 1315/1500 [16:00<02:27,  1.25it/s, buffer=160000, ret=9.52, success=0.00] 
Training episodes:  88%|████████▊ | 1316/1500 [16:00<02:27,  1.25it/s, buffer=160000, ret=9.52, success=0.00]
Training episodes:  88%|████████▊ | 1316/1500 [16:01<02:27,  1.25it/s, buffer=160000, ret=10.62, success=0.00]
Training episodes:  88%|████████▊ | 1317/1500 [16:01<02:27,  1.24it/s, buffer=160000, ret=10.62, success=0.00]
Training episodes:  88%|████████▊ | 1317/1500 [16:01<02:27,  1.24it/s, buffer=160000, ret=11.84, success=0.00]
Training episodes:  88%|████████▊ | 1318/1500 [16:01<02:28,  1.23it/s, buffer=160000, ret=11.84, success=0.00]
Training episodes:  88%|████████▊ | 1318/1500 [16:02<02:28,  1.23it/s, buffer=160000, ret=11.86, success=0.00]
Training episodes:  88%|████████▊ | 1319/1500 [16:02<02:27,  1.22it/s, buffer=160000, ret=11.86, success=0.00]
Training episodes:  88%|████████▊ | 1319/1500 [16:03<02:27,  1.22it/s, buffer=160000, ret=11.00, success=0.00]
Training episodes:  88%|████████▊ | 1320/1500 [16:03<02:25,  1.23it/s, buffer=160000, ret=11.00, success=0.00]
Training episodes:  88%|████████▊ | 1320/1500 [16:04<02:25,  1.23it/s, buffer=160000, ret=14.92, success=0.00]
Training episodes:  88%|████████▊ | 1321/1500 [16:04<02:24,  1.24it/s, buffer=160000, ret=14.92, success=0.00]
Training episodes:  88%|████████▊ | 1321/1500 [16:05<02:24,  1.24it/s, buffer=160000, ret=22.58, success=0.00]
Training episodes:  88%|████████▊ | 1322/1500 [16:05<02:24,  1.23it/s, buffer=160000, ret=22.58, success=0.00]
Training episodes:  88%|████████▊ | 1322/1500 [16:05<02:24,  1.23it/s, buffer=160000, ret=14.56, success=0.00]
Training episodes:  88%|████████▊ | 1323/1500 [16:05<02:24,  1.23it/s, buffer=160000, ret=14.56, success=0.00]
Training episodes:  88%|████████▊ | 1323/1500 [16:06<02:24,  1.23it/s, buffer=160000, ret=12.72, success=0.00]
Training episodes:  88%|████████▊ | 1324/1500 [16:06<02:23,  1.23it/s, buffer=160000, ret=12.72, success=0.00]
Training episodes:  88%|████████▊ | 1324/1500 [16:07<02:23,  1.23it/s, buffer=160000, ret=15.77, success=0.00]
Training episodes:  88%|████████▊ | 1325/1500 [16:07<02:22,  1.23it/s, buffer=160000, ret=15.77, success=0.00]
Training episodes:  88%|████████▊ | 1325/1500 [16:08<02:22,  1.23it/s, buffer=160000, ret=11.96, success=0.00]
Training episodes:  88%|████████▊ | 1326/1500 [16:08<02:22,  1.22it/s, buffer=160000, ret=11.96, success=0.00]
Training episodes:  88%|████████▊ | 1326/1500 [16:09<02:22,  1.22it/s, buffer=160000, ret=11.17, success=0.00]
Training episodes:  88%|████████▊ | 1327/1500 [16:09<02:21,  1.22it/s, buffer=160000, ret=11.17, success=0.00]
Training episodes:  88%|████████▊ | 1327/1500 [16:10<02:21,  1.22it/s, buffer=160000, ret=11.94, success=0.00]
Training episodes:  89%|████████▊ | 1328/1500 [16:10<02:20,  1.22it/s, buffer=160000, ret=11.94, success=0.00]
Training episodes:  89%|████████▊ | 1328/1500 [16:10<02:20,  1.22it/s, buffer=160000, ret=12.90, success=0.00]
Training episodes:  89%|████████▊ | 1329/1500 [16:10<02:20,  1.22it/s, buffer=160000, ret=12.90, success=0.00]
Training episodes:  89%|████████▊ | 1329/1500 [16:11<02:20,  1.22it/s, buffer=160000, ret=12.54, success=0.00]
Training episodes:  89%|████████▊ | 1330/1500 [16:11<02:19,  1.22it/s, buffer=160000, ret=12.54, success=0.00]
Training episodes:  89%|████████▊ | 1330/1500 [16:12<02:19,  1.22it/s, buffer=160000, ret=9.64, success=0.00] 
Training episodes:  89%|████████▊ | 1331/1500 [16:12<02:18,  1.22it/s, buffer=160000, ret=9.64, success=0.00]
Training episodes:  89%|████████▊ | 1331/1500 [16:13<02:18,  1.22it/s, buffer=160000, ret=10.46, success=0.00]
Training episodes:  89%|████████▉ | 1332/1500 [16:13<02:18,  1.21it/s, buffer=160000, ret=10.46, success=0.00]
Training episodes:  89%|████████▉ | 1332/1500 [16:14<02:18,  1.21it/s, buffer=160000, ret=12.41, success=0.00]
Training episodes:  89%|████████▉ | 1333/1500 [16:14<02:17,  1.22it/s, buffer=160000, ret=12.41, success=0.00]
Training episodes:  89%|████████▉ | 1333/1500 [16:14<02:17,  1.22it/s, buffer=160000, ret=18.36, success=0.00]
Training episodes:  89%|████████▉ | 1334/1500 [16:14<02:16,  1.22it/s, buffer=160000, ret=18.36, success=0.00]
Training episodes:  89%|████████▉ | 1334/1500 [16:15<02:16,  1.22it/s, buffer=160000, ret=9.94, success=0.00] 
Training episodes:  89%|████████▉ | 1335/1500 [16:15<02:14,  1.22it/s, buffer=160000, ret=9.94, success=0.00]
Training episodes:  89%|████████▉ | 1335/1500 [16:16<02:14,  1.22it/s, buffer=160000, ret=11.44, success=0.00]
Training episodes:  89%|████████▉ | 1336/1500 [16:16<02:14,  1.22it/s, buffer=160000, ret=11.44, success=0.00]
Training episodes:  89%|████████▉ | 1336/1500 [16:17<02:14,  1.22it/s, buffer=160000, ret=14.68, success=0.00]
Training episodes:  89%|████████▉ | 1337/1500 [16:17<02:12,  1.23it/s, buffer=160000, ret=14.68, success=0.00]
Training episodes:  89%|████████▉ | 1337/1500 [16:18<02:12,  1.23it/s, buffer=160000, ret=16.24, success=0.00]
Training episodes:  89%|████████▉ | 1338/1500 [16:18<02:12,  1.22it/s, buffer=160000, ret=16.24, success=0.00]
Training episodes:  89%|████████▉ | 1338/1500 [16:19<02:12,  1.22it/s, buffer=160000, ret=13.80, success=0.00]
Training episodes:  89%|████████▉ | 1339/1500 [16:19<02:11,  1.22it/s, buffer=160000, ret=13.80, success=0.00]
Training episodes:  89%|████████▉ | 1339/1500 [16:19<02:11,  1.22it/s, buffer=160000, ret=12.01, success=0.00]
Training episodes:  89%|████████▉ | 1340/1500 [16:19<02:10,  1.23it/s, buffer=160000, ret=12.01, success=0.00]
Training episodes:  89%|████████▉ | 1340/1500 [16:20<02:10,  1.23it/s, buffer=160000, ret=12.06, success=0.00]
Training episodes:  89%|████████▉ | 1341/1500 [16:20<02:11,  1.21it/s, buffer=160000, ret=12.06, success=0.00]
Training episodes:  89%|████████▉ | 1341/1500 [16:21<02:11,  1.21it/s, buffer=160000, ret=9.91, success=0.00] 
Training episodes:  89%|████████▉ | 1342/1500 [16:21<02:10,  1.21it/s, buffer=160000, ret=9.91, success=0.00]
Training episodes:  89%|████████▉ | 1342/1500 [16:22<02:10,  1.21it/s, buffer=160000, ret=11.20, success=0.00]
Training episodes:  90%|████████▉ | 1343/1500 [16:22<02:08,  1.22it/s, buffer=160000, ret=11.20, success=0.00]
Training episodes:  90%|████████▉ | 1343/1500 [16:23<02:08,  1.22it/s, buffer=160000, ret=11.34, success=0.00]
Training episodes:  90%|████████▉ | 1344/1500 [16:23<02:07,  1.23it/s, buffer=160000, ret=11.34, success=0.00]
Training episodes:  90%|████████▉ | 1344/1500 [16:23<02:07,  1.23it/s, buffer=160000, ret=12.48, success=0.00]
Training episodes:  90%|████████▉ | 1345/1500 [16:23<02:04,  1.24it/s, buffer=160000, ret=12.48, success=0.00]
Training episodes:  90%|████████▉ | 1345/1500 [16:24<02:04,  1.24it/s, buffer=160000, ret=25.86, success=0.00]
Training episodes:  90%|████████▉ | 1346/1500 [16:24<02:03,  1.24it/s, buffer=160000, ret=25.86, success=0.00]
Training episodes:  90%|████████▉ | 1346/1500 [16:25<02:03,  1.24it/s, buffer=160000, ret=23.72, success=0.00]
Training episodes:  90%|████████▉ | 1347/1500 [16:25<02:03,  1.24it/s, buffer=160000, ret=23.72, success=0.00]
Training episodes:  90%|████████▉ | 1347/1500 [16:26<02:03,  1.24it/s, buffer=160000, ret=11.34, success=0.00]
Training episodes:  90%|████████▉ | 1348/1500 [16:26<02:01,  1.25it/s, buffer=160000, ret=11.34, success=0.00]
Training episodes:  90%|████████▉ | 1348/1500 [16:27<02:01,  1.25it/s, buffer=160000, ret=11.69, success=0.00]
Training episodes:  90%|████████▉ | 1349/1500 [16:27<02:00,  1.25it/s, buffer=160000, ret=11.69, success=0.00]
Training episodes:  90%|████████▉ | 1349/1500 [16:27<02:00,  1.25it/s, buffer=160000, ret=11.14, success=0.00]wandb: WARNING `fps` argument does not affect the frame rate of the video when providing a file path or raw bytes.

Training episodes:  90%|█████████ | 1350/1500 [16:28<02:26,  1.02it/s, buffer=160000, ret=11.14, success=0.00]
Training episodes:  90%|█████████ | 1350/1500 [16:29<02:26,  1.02it/s, buffer=160000, ret=16.06, success=0.00]
Training episodes:  90%|█████████ | 1351/1500 [16:29<02:18,  1.08it/s, buffer=160000, ret=16.06, success=0.00]
Training episodes:  90%|█████████ | 1351/1500 [16:30<02:18,  1.08it/s, buffer=160000, ret=28.95, success=0.00]
Training episodes:  90%|█████████ | 1352/1500 [16:30<02:12,  1.12it/s, buffer=160000, ret=28.95, success=0.00]
Training episodes:  90%|█████████ | 1352/1500 [16:30<02:12,  1.12it/s, buffer=160000, ret=21.84, success=0.00]
Training episodes:  90%|█████████ | 1353/1500 [16:30<02:07,  1.16it/s, buffer=160000, ret=21.84, success=0.00]
Training episodes:  90%|█████████ | 1353/1500 [16:31<02:07,  1.16it/s, buffer=160000, ret=31.79, success=0.00]
Training episodes:  90%|█████████ | 1354/1500 [16:31<02:05,  1.17it/s, buffer=160000, ret=31.79, success=0.00]
Training episodes:  90%|█████████ | 1354/1500 [16:32<02:05,  1.17it/s, buffer=160000, ret=30.49, success=0.00]
Training episodes:  90%|█████████ | 1355/1500 [16:32<02:01,  1.19it/s, buffer=160000, ret=30.49, success=0.00]
Training episodes:  90%|█████████ | 1355/1500 [16:33<02:01,  1.19it/s, buffer=160000, ret=17.88, success=0.00]
Training episodes:  90%|█████████ | 1356/1500 [16:33<01:59,  1.20it/s, buffer=160000, ret=17.88, success=0.00]
Training episodes:  90%|█████████ | 1356/1500 [16:34<01:59,  1.20it/s, buffer=160000, ret=14.38, success=0.00]
Training episodes:  90%|█████████ | 1357/1500 [16:34<01:58,  1.21it/s, buffer=160000, ret=14.38, success=0.00]
Training episodes:  90%|█████████ | 1357/1500 [16:35<01:58,  1.21it/s, buffer=160000, ret=22.25, success=0.00]
Training episodes:  91%|█████████ | 1358/1500 [16:35<01:56,  1.21it/s, buffer=160000, ret=22.25, success=0.00]
Training episodes:  91%|█████████ | 1358/1500 [16:35<01:56,  1.21it/s, buffer=160000, ret=12.87, success=0.00]
Training episodes:  91%|█████████ | 1359/1500 [16:35<01:55,  1.22it/s, buffer=160000, ret=12.87, success=0.00]
Training episodes:  91%|█████████ | 1359/1500 [16:36<01:55,  1.22it/s, buffer=160000, ret=21.49, success=0.00]
Training episodes:  91%|█████████ | 1360/1500 [16:36<01:54,  1.22it/s, buffer=160000, ret=21.49, success=0.00]
Training episodes:  91%|█████████ | 1360/1500 [16:37<01:54,  1.22it/s, buffer=160000, ret=10.96, success=0.00]
Training episodes:  91%|█████████ | 1361/1500 [16:37<01:52,  1.24it/s, buffer=160000, ret=10.96, success=0.00]
Training episodes:  91%|█████████ | 1361/1500 [16:38<01:52,  1.24it/s, buffer=160000, ret=17.73, success=0.00]
Training episodes:  91%|█████████ | 1362/1500 [16:38<01:51,  1.24it/s, buffer=160000, ret=17.73, success=0.00]
Training episodes:  91%|█████████ | 1362/1500 [16:39<01:51,  1.24it/s, buffer=160000, ret=10.39, success=0.00]
Training episodes:  91%|█████████ | 1363/1500 [16:39<01:51,  1.23it/s, buffer=160000, ret=10.39, success=0.00]
Training episodes:  91%|█████████ | 1363/1500 [16:39<01:51,  1.23it/s, buffer=160000, ret=26.18, success=0.00]
Training episodes:  91%|█████████ | 1364/1500 [16:39<01:50,  1.23it/s, buffer=160000, ret=26.18, success=0.00]
Training episodes:  91%|█████████ | 1364/1500 [16:40<01:50,  1.23it/s, buffer=160000, ret=13.63, success=0.00]
Training episodes:  91%|█████████ | 1365/1500 [16:40<01:51,  1.21it/s, buffer=160000, ret=13.63, success=0.00]
Training episodes:  91%|█████████ | 1365/1500 [16:41<01:51,  1.21it/s, buffer=160000, ret=31.79, success=0.00]
Training episodes:  91%|█████████ | 1366/1500 [16:41<01:50,  1.21it/s, buffer=160000, ret=31.79, success=0.00]
Training episodes:  91%|█████████ | 1366/1500 [16:42<01:50,  1.21it/s, buffer=160000, ret=20.72, success=0.00]
Training episodes:  91%|█████████ | 1367/1500 [16:42<01:49,  1.22it/s, buffer=160000, ret=20.72, success=0.00]
Training episodes:  91%|█████████ | 1367/1500 [16:43<01:49,  1.22it/s, buffer=160000, ret=13.03, success=0.00]
Training episodes:  91%|█████████ | 1368/1500 [16:43<01:48,  1.21it/s, buffer=160000, ret=13.03, success=0.00]
Training episodes:  91%|█████████ | 1368/1500 [16:44<01:48,  1.21it/s, buffer=160000, ret=13.47, success=0.00]
Training episodes:  91%|█████████▏| 1369/1500 [16:44<01:48,  1.21it/s, buffer=160000, ret=13.47, success=0.00]
Training episodes:  91%|█████████▏| 1369/1500 [16:44<01:48,  1.21it/s, buffer=160000, ret=10.20, success=0.00]
Training episodes:  91%|█████████▏| 1370/1500 [16:44<01:46,  1.22it/s, buffer=160000, ret=10.20, success=0.00]
Training episodes:  91%|█████████▏| 1370/1500 [16:45<01:46,  1.22it/s, buffer=160000, ret=13.33, success=0.00]
Training episodes:  91%|█████████▏| 1371/1500 [16:45<01:46,  1.21it/s, buffer=160000, ret=13.33, success=0.00]
Training episodes:  91%|█████████▏| 1371/1500 [16:46<01:46,  1.21it/s, buffer=160000, ret=11.73, success=0.00]
Training episodes:  91%|█████████▏| 1372/1500 [16:46<01:43,  1.24it/s, buffer=160000, ret=11.73, success=0.00]
Training episodes:  91%|█████████▏| 1372/1500 [16:47<01:43,  1.24it/s, buffer=160000, ret=11.25, success=0.00]
Training episodes:  92%|█████████▏| 1373/1500 [16:47<01:43,  1.23it/s, buffer=160000, ret=11.25, success=0.00]
Training episodes:  92%|█████████▏| 1373/1500 [16:48<01:43,  1.23it/s, buffer=160000, ret=11.12, success=0.00]
Training episodes:  92%|█████████▏| 1374/1500 [16:48<01:41,  1.25it/s, buffer=160000, ret=11.12, success=0.00]
Training episodes:  92%|█████████▏| 1374/1500 [16:48<01:41,  1.25it/s, buffer=160000, ret=11.11, success=0.00]
Training episodes:  92%|█████████▏| 1375/1500 [16:48<01:40,  1.25it/s, buffer=160000, ret=11.11, success=0.00]
Training episodes:  92%|█████████▏| 1375/1500 [16:49<01:40,  1.25it/s, buffer=160000, ret=11.06, success=0.00]
Training episodes:  92%|█████████▏| 1376/1500 [16:49<01:39,  1.25it/s, buffer=160000, ret=11.06, success=0.00]
Training episodes:  92%|█████████▏| 1376/1500 [16:50<01:39,  1.25it/s, buffer=160000, ret=11.46, success=0.00]
Training episodes:  92%|█████████▏| 1377/1500 [16:50<01:37,  1.26it/s, buffer=160000, ret=11.46, success=0.00]
Training episodes:  92%|█████████▏| 1377/1500 [16:51<01:37,  1.26it/s, buffer=160000, ret=10.01, success=0.00]
Training episodes:  92%|█████████▏| 1378/1500 [16:51<01:36,  1.27it/s, buffer=160000, ret=10.01, success=0.00]
Training episodes:  92%|█████████▏| 1378/1500 [16:51<01:36,  1.27it/s, buffer=160000, ret=10.37, success=0.00]
Training episodes:  92%|█████████▏| 1379/1500 [16:51<01:35,  1.27it/s, buffer=160000, ret=10.37, success=0.00]
Training episodes:  92%|█████████▏| 1379/1500 [16:52<01:35,  1.27it/s, buffer=160000, ret=10.34, success=0.00]
Training episodes:  92%|█████████▏| 1380/1500 [16:52<01:34,  1.27it/s, buffer=160000, ret=10.34, success=0.00]
Training episodes:  92%|█████████▏| 1380/1500 [16:53<01:34,  1.27it/s, buffer=160000, ret=13.22, success=0.00]
Training episodes:  92%|█████████▏| 1381/1500 [16:53<01:34,  1.26it/s, buffer=160000, ret=13.22, success=0.00]
Training episodes:  92%|█████████▏| 1381/1500 [16:54<01:34,  1.26it/s, buffer=160000, ret=11.50, success=0.00]
Training episodes:  92%|█████████▏| 1382/1500 [16:54<01:34,  1.25it/s, buffer=160000, ret=11.50, success=0.00]
Training episodes:  92%|█████████▏| 1382/1500 [16:55<01:34,  1.25it/s, buffer=160000, ret=17.16, success=0.00]
Training episodes:  92%|█████████▏| 1383/1500 [16:55<01:33,  1.25it/s, buffer=160000, ret=17.16, success=0.00]
Training episodes:  92%|█████████▏| 1383/1500 [16:56<01:33,  1.25it/s, buffer=160000, ret=24.24, success=0.00]
Training episodes:  92%|█████████▏| 1384/1500 [16:56<01:33,  1.24it/s, buffer=160000, ret=24.24, success=0.00]
Training episodes:  92%|█████████▏| 1384/1500 [16:56<01:33,  1.24it/s, buffer=160000, ret=13.62, success=0.00]
Training episodes:  92%|█████████▏| 1385/1500 [16:56<01:33,  1.23it/s, buffer=160000, ret=13.62, success=0.00]
Training episodes:  92%|█████████▏| 1385/1500 [16:57<01:33,  1.23it/s, buffer=160000, ret=15.28, success=0.00]
Training episodes:  92%|█████████▏| 1386/1500 [16:57<01:31,  1.24it/s, buffer=160000, ret=15.28, success=0.00]
Training episodes:  92%|█████████▏| 1386/1500 [16:58<01:31,  1.24it/s, buffer=160000, ret=12.03, success=0.00]
Training episodes:  92%|█████████▏| 1387/1500 [16:58<01:31,  1.24it/s, buffer=160000, ret=12.03, success=0.00]
Training episodes:  92%|█████████▏| 1387/1500 [16:59<01:31,  1.24it/s, buffer=160000, ret=9.80, success=0.00] 
Training episodes:  93%|█████████▎| 1388/1500 [16:59<01:30,  1.24it/s, buffer=160000, ret=9.80, success=0.00]
Training episodes:  93%|█████████▎| 1388/1500 [17:00<01:30,  1.24it/s, buffer=160000, ret=11.50, success=0.00]
Training episodes:  93%|█████████▎| 1389/1500 [17:00<01:30,  1.23it/s, buffer=160000, ret=11.50, success=0.00]
Training episodes:  93%|█████████▎| 1389/1500 [17:00<01:30,  1.23it/s, buffer=160000, ret=12.54, success=0.00]
Training episodes:  93%|█████████▎| 1390/1500 [17:00<01:29,  1.22it/s, buffer=160000, ret=12.54, success=0.00]
Training episodes:  93%|█████████▎| 1390/1500 [17:01<01:29,  1.22it/s, buffer=160000, ret=12.84, success=0.00]
Training episodes:  93%|█████████▎| 1391/1500 [17:01<01:27,  1.24it/s, buffer=160000, ret=12.84, success=0.00]
Training episodes:  93%|█████████▎| 1391/1500 [17:02<01:27,  1.24it/s, buffer=160000, ret=13.50, success=0.00]
Training episodes:  93%|█████████▎| 1392/1500 [17:02<01:28,  1.22it/s, buffer=160000, ret=13.50, success=0.00]
Training episodes:  93%|█████████▎| 1392/1500 [17:03<01:28,  1.22it/s, buffer=160000, ret=13.20, success=0.00]
Training episodes:  93%|█████████▎| 1393/1500 [17:03<01:26,  1.23it/s, buffer=160000, ret=13.20, success=0.00]
Training episodes:  93%|█████████▎| 1393/1500 [17:04<01:26,  1.23it/s, buffer=160000, ret=11.34, success=0.00]
Training episodes:  93%|█████████▎| 1394/1500 [17:04<01:25,  1.24it/s, buffer=160000, ret=11.34, success=0.00]
Training episodes:  93%|█████████▎| 1394/1500 [17:04<01:25,  1.24it/s, buffer=160000, ret=10.60, success=0.00]
Training episodes:  93%|█████████▎| 1395/1500 [17:04<01:24,  1.24it/s, buffer=160000, ret=10.60, success=0.00]
Training episodes:  93%|█████████▎| 1395/1500 [17:05<01:24,  1.24it/s, buffer=160000, ret=13.12, success=0.00]
Training episodes:  93%|█████████▎| 1396/1500 [17:05<01:23,  1.25it/s, buffer=160000, ret=13.12, success=0.00]
Training episodes:  93%|█████████▎| 1396/1500 [17:06<01:23,  1.25it/s, buffer=160000, ret=11.11, success=0.00]
Training episodes:  93%|█████████▎| 1397/1500 [17:06<01:22,  1.26it/s, buffer=160000, ret=11.11, success=0.00]
Training episodes:  93%|█████████▎| 1397/1500 [17:07<01:22,  1.26it/s, buffer=160000, ret=9.80, success=0.00] 
Training episodes:  93%|█████████▎| 1398/1500 [17:07<01:20,  1.27it/s, buffer=160000, ret=9.80, success=0.00]
Training episodes:  93%|█████████▎| 1398/1500 [17:08<01:20,  1.27it/s, buffer=160000, ret=11.11, success=0.00]
Training episodes:  93%|█████████▎| 1399/1500 [17:08<01:18,  1.28it/s, buffer=160000, ret=11.11, success=0.00]
Training episodes:  93%|█████████▎| 1399/1500 [17:08<01:18,  1.28it/s, buffer=160000, ret=9.49, success=0.00] wandb: WARNING `fps` argument does not affect the frame rate of the video when providing a file path or raw bytes.

Training episodes:  93%|█████████▎| 1400/1500 [17:09<01:36,  1.04it/s, buffer=160000, ret=9.49, success=0.00]
Training episodes:  93%|█████████▎| 1400/1500 [17:10<01:36,  1.04it/s, buffer=160000, ret=11.28, success=0.00]
Training episodes:  93%|█████████▎| 1401/1500 [17:10<01:29,  1.10it/s, buffer=160000, ret=11.28, success=0.00]
Training episodes:  93%|█████████▎| 1401/1500 [17:10<01:29,  1.10it/s, buffer=160000, ret=11.52, success=0.00]
Training episodes:  93%|█████████▎| 1402/1500 [17:10<01:24,  1.16it/s, buffer=160000, ret=11.52, success=0.00]
Training episodes:  93%|█████████▎| 1402/1500 [17:11<01:24,  1.16it/s, buffer=160000, ret=12.30, success=0.00]
Training episodes:  94%|█████████▎| 1403/1500 [17:11<01:21,  1.19it/s, buffer=160000, ret=12.30, success=0.00]
Training episodes:  94%|█████████▎| 1403/1500 [17:12<01:21,  1.19it/s, buffer=160000, ret=13.24, success=0.00]
Training episodes:  94%|█████████▎| 1404/1500 [17:12<01:19,  1.21it/s, buffer=160000, ret=13.24, success=0.00]
Training episodes:  94%|█████████▎| 1404/1500 [17:13<01:19,  1.21it/s, buffer=160000, ret=10.60, success=0.00]
Training episodes:  94%|█████████▎| 1405/1500 [17:13<01:17,  1.23it/s, buffer=160000, ret=10.60, success=0.00]
Training episodes:  94%|█████████▎| 1405/1500 [17:14<01:17,  1.23it/s, buffer=160000, ret=11.05, success=0.00]
Training episodes:  94%|█████████▎| 1406/1500 [17:14<01:14,  1.26it/s, buffer=160000, ret=11.05, success=0.00]
Training episodes:  94%|█████████▎| 1406/1500 [17:14<01:14,  1.26it/s, buffer=160000, ret=20.68, success=0.00]
Training episodes:  94%|█████████▍| 1407/1500 [17:14<01:12,  1.28it/s, buffer=160000, ret=20.68, success=0.00]
Training episodes:  94%|█████████▍| 1407/1500 [17:15<01:12,  1.28it/s, buffer=160000, ret=15.19, success=0.00]
Training episodes:  94%|█████████▍| 1408/1500 [17:15<01:11,  1.29it/s, buffer=160000, ret=15.19, success=0.00]
Training episodes:  94%|█████████▍| 1408/1500 [17:16<01:11,  1.29it/s, buffer=160000, ret=20.25, success=0.00]
Training episodes:  94%|█████████▍| 1409/1500 [17:16<01:10,  1.29it/s, buffer=160000, ret=20.25, success=0.00]
Training episodes:  94%|█████████▍| 1409/1500 [17:17<01:10,  1.29it/s, buffer=160000, ret=12.44, success=0.00]
Training episodes:  94%|█████████▍| 1410/1500 [17:17<01:10,  1.28it/s, buffer=160000, ret=12.44, success=0.00]
Training episodes:  94%|█████████▍| 1410/1500 [17:17<01:10,  1.28it/s, buffer=160000, ret=14.30, success=0.00]
Training episodes:  94%|█████████▍| 1411/1500 [17:17<01:09,  1.28it/s, buffer=160000, ret=14.30, success=0.00]
Training episodes:  94%|█████████▍| 1411/1500 [17:18<01:09,  1.28it/s, buffer=160000, ret=18.75, success=0.00]
Training episodes:  94%|█████████▍| 1412/1500 [17:18<01:09,  1.27it/s, buffer=160000, ret=18.75, success=0.00]
Training episodes:  94%|█████████▍| 1412/1500 [17:19<01:09,  1.27it/s, buffer=160000, ret=16.09, success=0.00]
Training episodes:  94%|█████████▍| 1413/1500 [17:19<01:07,  1.29it/s, buffer=160000, ret=16.09, success=0.00]
Training episodes:  94%|█████████▍| 1413/1500 [17:20<01:07,  1.29it/s, buffer=160000, ret=13.52, success=0.00]
Training episodes:  94%|█████████▍| 1414/1500 [17:20<01:06,  1.30it/s, buffer=160000, ret=13.52, success=0.00]
Training episodes:  94%|█████████▍| 1414/1500 [17:21<01:06,  1.30it/s, buffer=160000, ret=10.68, success=0.00]
Training episodes:  94%|█████████▍| 1415/1500 [17:21<01:05,  1.29it/s, buffer=160000, ret=10.68, success=0.00]
Training episodes:  94%|█████████▍| 1415/1500 [17:21<01:05,  1.29it/s, buffer=160000, ret=11.15, success=0.00]
Training episodes:  94%|█████████▍| 1416/1500 [17:21<01:04,  1.30it/s, buffer=160000, ret=11.15, success=0.00]
Training episodes:  94%|█████████▍| 1416/1500 [17:22<01:04,  1.30it/s, buffer=160000, ret=11.58, success=0.00]
Training episodes:  94%|█████████▍| 1417/1500 [17:22<01:04,  1.29it/s, buffer=160000, ret=11.58, success=0.00]
Training episodes:  94%|█████████▍| 1417/1500 [17:23<01:04,  1.29it/s, buffer=160000, ret=10.72, success=0.00]
Training episodes:  95%|█████████▍| 1418/1500 [17:23<01:03,  1.30it/s, buffer=160000, ret=10.72, success=0.00]
Training episodes:  95%|█████████▍| 1418/1500 [17:24<01:03,  1.30it/s, buffer=160000, ret=11.75, success=0.00]
Training episodes:  95%|█████████▍| 1419/1500 [17:24<01:02,  1.29it/s, buffer=160000, ret=11.75, success=0.00]
Training episodes:  95%|█████████▍| 1419/1500 [17:24<01:02,  1.29it/s, buffer=160000, ret=10.76, success=0.00]
Training episodes:  95%|█████████▍| 1420/1500 [17:24<01:02,  1.29it/s, buffer=160000, ret=10.76, success=0.00]
Training episodes:  95%|█████████▍| 1420/1500 [17:25<01:02,  1.29it/s, buffer=160000, ret=10.55, success=0.00]
Training episodes:  95%|█████████▍| 1421/1500 [17:25<01:01,  1.29it/s, buffer=160000, ret=10.55, success=0.00]
Training episodes:  95%|█████████▍| 1421/1500 [17:26<01:01,  1.29it/s, buffer=160000, ret=13.33, success=0.00]
Training episodes:  95%|█████████▍| 1422/1500 [17:26<01:01,  1.28it/s, buffer=160000, ret=13.33, success=0.00]
Training episodes:  95%|█████████▍| 1422/1500 [17:27<01:01,  1.28it/s, buffer=160000, ret=12.82, success=0.00]
Training episodes:  95%|█████████▍| 1423/1500 [17:27<00:59,  1.29it/s, buffer=160000, ret=12.82, success=0.00]
Training episodes:  95%|█████████▍| 1423/1500 [17:27<00:59,  1.29it/s, buffer=160000, ret=13.39, success=0.00]
Training episodes:  95%|█████████▍| 1424/1500 [17:27<00:58,  1.29it/s, buffer=160000, ret=13.39, success=0.00]
Training episodes:  95%|█████████▍| 1424/1500 [17:28<00:58,  1.29it/s, buffer=160000, ret=9.75, success=0.00] 
Training episodes:  95%|█████████▌| 1425/1500 [17:28<00:59,  1.26it/s, buffer=160000, ret=9.75, success=0.00]
Training episodes:  95%|█████████▌| 1425/1500 [17:29<00:59,  1.26it/s, buffer=160000, ret=10.47, success=0.00]
Training episodes:  95%|█████████▌| 1426/1500 [17:29<00:58,  1.26it/s, buffer=160000, ret=10.47, success=0.00]
Training episodes:  95%|█████████▌| 1426/1500 [17:30<00:58,  1.26it/s, buffer=160000, ret=11.48, success=0.00]
Training episodes:  95%|█████████▌| 1427/1500 [17:30<00:57,  1.27it/s, buffer=160000, ret=11.48, success=0.00]
Training episodes:  95%|█████████▌| 1427/1500 [17:31<00:57,  1.27it/s, buffer=160000, ret=12.35, success=0.00]
Training episodes:  95%|█████████▌| 1428/1500 [17:31<00:57,  1.26it/s, buffer=160000, ret=12.35, success=0.00]
Training episodes:  95%|█████████▌| 1428/1500 [17:32<00:57,  1.26it/s, buffer=160000, ret=13.61, success=0.00]
Training episodes:  95%|█████████▌| 1429/1500 [17:32<00:56,  1.26it/s, buffer=160000, ret=13.61, success=0.00]
Training episodes:  95%|█████████▌| 1429/1500 [17:32<00:56,  1.26it/s, buffer=160000, ret=11.29, success=0.00]
Training episodes:  95%|█████████▌| 1430/1500 [17:32<00:55,  1.26it/s, buffer=160000, ret=11.29, success=0.00]
Training episodes:  95%|█████████▌| 1430/1500 [17:33<00:55,  1.26it/s, buffer=160000, ret=16.82, success=0.00]
Training episodes:  95%|█████████▌| 1431/1500 [17:33<00:54,  1.26it/s, buffer=160000, ret=16.82, success=0.00]
Training episodes:  95%|█████████▌| 1431/1500 [17:34<00:54,  1.26it/s, buffer=160000, ret=13.84, success=0.00]
Training episodes:  95%|█████████▌| 1432/1500 [17:34<00:54,  1.25it/s, buffer=160000, ret=13.84, success=0.00]
Training episodes:  95%|█████████▌| 1432/1500 [17:35<00:54,  1.25it/s, buffer=160000, ret=17.84, success=0.00]
Training episodes:  96%|█████████▌| 1433/1500 [17:35<00:53,  1.25it/s, buffer=160000, ret=17.84, success=0.00]
Training episodes:  96%|█████████▌| 1433/1500 [17:36<00:53,  1.25it/s, buffer=160000, ret=16.96, success=0.00]
Training episodes:  96%|█████████▌| 1434/1500 [17:36<00:52,  1.25it/s, buffer=160000, ret=16.96, success=0.00]
Training episodes:  96%|█████████▌| 1434/1500 [17:36<00:52,  1.25it/s, buffer=160000, ret=17.87, success=0.00]
Training episodes:  96%|█████████▌| 1435/1500 [17:36<00:52,  1.25it/s, buffer=160000, ret=17.87, success=0.00]
Training episodes:  96%|█████████▌| 1435/1500 [17:37<00:52,  1.25it/s, buffer=160000, ret=14.64, success=0.00]
Training episodes:  96%|█████████▌| 1436/1500 [17:37<00:51,  1.25it/s, buffer=160000, ret=14.64, success=0.00]
Training episodes:  96%|█████████▌| 1436/1500 [17:38<00:51,  1.25it/s, buffer=160000, ret=19.56, success=0.00]
Training episodes:  96%|█████████▌| 1437/1500 [17:38<00:50,  1.25it/s, buffer=160000, ret=19.56, success=0.00]
Training episodes:  96%|█████████▌| 1437/1500 [17:39<00:50,  1.25it/s, buffer=160000, ret=18.19, success=0.00]
Training episodes:  96%|█████████▌| 1438/1500 [17:39<00:49,  1.25it/s, buffer=160000, ret=18.19, success=0.00]
Training episodes:  96%|█████████▌| 1438/1500 [17:40<00:49,  1.25it/s, buffer=160000, ret=12.18, success=0.00]
Training episodes:  96%|█████████▌| 1439/1500 [17:40<00:48,  1.25it/s, buffer=160000, ret=12.18, success=0.00]
Training episodes:  96%|█████████▌| 1439/1500 [17:40<00:48,  1.25it/s, buffer=160000, ret=21.13, success=0.00]
Training episodes:  96%|█████████▌| 1440/1500 [17:40<00:48,  1.24it/s, buffer=160000, ret=21.13, success=0.00]
Training episodes:  96%|█████████▌| 1440/1500 [17:41<00:48,  1.24it/s, buffer=160000, ret=10.88, success=0.00]
Training episodes:  96%|█████████▌| 1441/1500 [17:41<00:47,  1.24it/s, buffer=160000, ret=10.88, success=0.00]
Training episodes:  96%|█████████▌| 1441/1500 [17:42<00:47,  1.24it/s, buffer=160000, ret=11.29, success=0.00]
Training episodes:  96%|█████████▌| 1442/1500 [17:42<00:46,  1.25it/s, buffer=160000, ret=11.29, success=0.00]
Training episodes:  96%|█████████▌| 1442/1500 [17:43<00:46,  1.25it/s, buffer=160000, ret=12.32, success=0.00]
Training episodes:  96%|█████████▌| 1443/1500 [17:43<00:45,  1.25it/s, buffer=160000, ret=12.32, success=0.00]
Training episodes:  96%|█████████▌| 1443/1500 [17:44<00:45,  1.25it/s, buffer=160000, ret=12.29, success=0.00]
Training episodes:  96%|█████████▋| 1444/1500 [17:44<00:44,  1.25it/s, buffer=160000, ret=12.29, success=0.00]
Training episodes:  96%|█████████▋| 1444/1500 [17:44<00:44,  1.25it/s, buffer=160000, ret=12.00, success=0.00]
Training episodes:  96%|█████████▋| 1445/1500 [17:44<00:43,  1.26it/s, buffer=160000, ret=12.00, success=0.00]
Training episodes:  96%|█████████▋| 1445/1500 [17:45<00:43,  1.26it/s, buffer=160000, ret=15.93, success=0.00]
Training episodes:  96%|█████████▋| 1446/1500 [17:45<00:43,  1.25it/s, buffer=160000, ret=15.93, success=0.00]
Training episodes:  96%|█████████▋| 1446/1500 [17:46<00:43,  1.25it/s, buffer=160000, ret=12.84, success=0.00]
Training episodes:  96%|█████████▋| 1447/1500 [17:46<00:42,  1.24it/s, buffer=160000, ret=12.84, success=0.00]
Training episodes:  96%|█████████▋| 1447/1500 [17:47<00:42,  1.24it/s, buffer=160000, ret=10.57, success=0.00]
Training episodes:  97%|█████████▋| 1448/1500 [17:47<00:42,  1.23it/s, buffer=160000, ret=10.57, success=0.00]
Training episodes:  97%|█████████▋| 1448/1500 [17:48<00:42,  1.23it/s, buffer=160000, ret=24.59, success=0.00]
Training episodes:  97%|█████████▋| 1449/1500 [17:48<00:41,  1.22it/s, buffer=160000, ret=24.59, success=0.00]
Training episodes:  97%|█████████▋| 1449/1500 [17:48<00:41,  1.22it/s, buffer=160000, ret=23.77, success=0.00]wandb: WARNING `fps` argument does not affect the frame rate of the video when providing a file path or raw bytes.

Training episodes:  97%|█████████▋| 1450/1500 [17:49<00:49,  1.00it/s, buffer=160000, ret=23.77, success=0.00]
Training episodes:  97%|█████████▋| 1450/1500 [17:50<00:49,  1.00it/s, buffer=160000, ret=17.08, success=0.00]
Training episodes:  97%|█████████▋| 1451/1500 [17:50<00:46,  1.06it/s, buffer=160000, ret=17.08, success=0.00]
Training episodes:  97%|█████████▋| 1451/1500 [17:51<00:46,  1.06it/s, buffer=160000, ret=278.17, success=1.00]
Training episodes:  97%|█████████▋| 1452/1500 [17:51<00:43,  1.11it/s, buffer=160000, ret=278.17, success=1.00]
Training episodes:  97%|█████████▋| 1452/1500 [17:51<00:43,  1.11it/s, buffer=160000, ret=10.62, success=0.00] 
Training episodes:  97%|█████████▋| 1453/1500 [17:51<00:40,  1.15it/s, buffer=160000, ret=10.62, success=0.00]
Training episodes:  97%|█████████▋| 1453/1500 [17:52<00:40,  1.15it/s, buffer=160000, ret=10.68, success=0.00]
Training episodes:  97%|█████████▋| 1454/1500 [17:52<00:39,  1.18it/s, buffer=160000, ret=10.68, success=0.00]
Training episodes:  97%|█████████▋| 1454/1500 [17:53<00:39,  1.18it/s, buffer=160000, ret=13.04, success=0.00]
Training episodes:  97%|█████████▋| 1455/1500 [17:53<00:37,  1.21it/s, buffer=160000, ret=13.04, success=0.00]
Training episodes:  97%|█████████▋| 1455/1500 [17:54<00:37,  1.21it/s, buffer=160000, ret=10.84, success=0.00]
Training episodes:  97%|█████████▋| 1456/1500 [17:54<00:36,  1.22it/s, buffer=160000, ret=10.84, success=0.00]
Training episodes:  97%|█████████▋| 1456/1500 [17:55<00:36,  1.22it/s, buffer=160000, ret=13.12, success=0.00]
Training episodes:  97%|█████████▋| 1457/1500 [17:55<00:35,  1.22it/s, buffer=160000, ret=13.12, success=0.00]
Training episodes:  97%|█████████▋| 1457/1500 [17:55<00:35,  1.22it/s, buffer=160000, ret=27.69, success=0.00]
Training episodes:  97%|█████████▋| 1458/1500 [17:55<00:34,  1.22it/s, buffer=160000, ret=27.69, success=0.00]
Training episodes:  97%|█████████▋| 1458/1500 [17:56<00:34,  1.22it/s, buffer=160000, ret=16.55, success=0.00]
Training episodes:  97%|█████████▋| 1459/1500 [17:56<00:33,  1.23it/s, buffer=160000, ret=16.55, success=0.00]
Training episodes:  97%|█████████▋| 1459/1500 [17:57<00:33,  1.23it/s, buffer=160000, ret=17.01, success=0.00]
Training episodes:  97%|█████████▋| 1460/1500 [17:57<00:32,  1.24it/s, buffer=160000, ret=17.01, success=0.00]
Training episodes:  97%|█████████▋| 1460/1500 [17:58<00:32,  1.24it/s, buffer=160000, ret=25.60, success=0.00]
Training episodes:  97%|█████████▋| 1461/1500 [17:58<00:31,  1.23it/s, buffer=160000, ret=25.60, success=0.00]
Training episodes:  97%|█████████▋| 1461/1500 [17:59<00:31,  1.23it/s, buffer=160000, ret=24.05, success=0.00]
Training episodes:  97%|█████████▋| 1462/1500 [17:59<00:30,  1.23it/s, buffer=160000, ret=24.05, success=0.00]
Training episodes:  97%|█████████▋| 1462/1500 [17:59<00:30,  1.23it/s, buffer=160000, ret=17.94, success=0.00]
Training episodes:  98%|█████████▊| 1463/1500 [17:59<00:29,  1.24it/s, buffer=160000, ret=17.94, success=0.00]
Training episodes:  98%|█████████▊| 1463/1500 [18:00<00:29,  1.24it/s, buffer=160000, ret=18.22, success=0.00]
Training episodes:  98%|█████████▊| 1464/1500 [18:00<00:28,  1.25it/s, buffer=160000, ret=18.22, success=0.00]
Training episodes:  98%|█████████▊| 1464/1500 [18:01<00:28,  1.25it/s, buffer=160000, ret=12.34, success=0.00]
Training episodes:  98%|█████████▊| 1465/1500 [18:01<00:27,  1.25it/s, buffer=160000, ret=12.34, success=0.00]
Training episodes:  98%|█████████▊| 1465/1500 [18:02<00:27,  1.25it/s, buffer=160000, ret=10.48, success=0.00]
Training episodes:  98%|█████████▊| 1466/1500 [18:02<00:27,  1.24it/s, buffer=160000, ret=10.48, success=0.00]
Training episodes:  98%|█████████▊| 1466/1500 [18:03<00:27,  1.24it/s, buffer=160000, ret=20.89, success=0.00]
Training episodes:  98%|█████████▊| 1467/1500 [18:03<00:26,  1.24it/s, buffer=160000, ret=20.89, success=0.00]
Training episodes:  98%|█████████▊| 1467/1500 [18:03<00:26,  1.24it/s, buffer=160000, ret=21.66, success=0.00]
Training episodes:  98%|█████████▊| 1468/1500 [18:03<00:25,  1.24it/s, buffer=160000, ret=21.66, success=0.00]
Training episodes:  98%|█████████▊| 1468/1500 [18:04<00:25,  1.24it/s, buffer=160000, ret=15.12, success=0.00]
Training episodes:  98%|█████████▊| 1469/1500 [18:04<00:25,  1.24it/s, buffer=160000, ret=15.12, success=0.00]
Training episodes:  98%|█████████▊| 1469/1500 [18:05<00:25,  1.24it/s, buffer=160000, ret=16.92, success=0.00]
Training episodes:  98%|█████████▊| 1470/1500 [18:05<00:24,  1.25it/s, buffer=160000, ret=16.92, success=0.00]
Training episodes:  98%|█████████▊| 1470/1500 [18:06<00:24,  1.25it/s, buffer=160000, ret=19.21, success=0.00]
Training episodes:  98%|█████████▊| 1471/1500 [18:06<00:23,  1.25it/s, buffer=160000, ret=19.21, success=0.00]
Training episodes:  98%|█████████▊| 1471/1500 [18:07<00:23,  1.25it/s, buffer=160000, ret=11.61, success=0.00]
Training episodes:  98%|█████████▊| 1472/1500 [18:07<00:22,  1.24it/s, buffer=160000, ret=11.61, success=0.00]
Training episodes:  98%|█████████▊| 1472/1500 [18:08<00:22,  1.24it/s, buffer=160000, ret=17.73, success=0.00]
Training episodes:  98%|█████████▊| 1473/1500 [18:08<00:21,  1.23it/s, buffer=160000, ret=17.73, success=0.00]
Training episodes:  98%|█████████▊| 1473/1500 [18:08<00:21,  1.23it/s, buffer=160000, ret=26.32, success=0.00]
Training episodes:  98%|█████████▊| 1474/1500 [18:08<00:20,  1.25it/s, buffer=160000, ret=26.32, success=0.00]
Training episodes:  98%|█████████▊| 1474/1500 [18:09<00:20,  1.25it/s, buffer=160000, ret=9.53, success=0.00] 
Training episodes:  98%|█████████▊| 1475/1500 [18:09<00:20,  1.23it/s, buffer=160000, ret=9.53, success=0.00]
Training episodes:  98%|█████████▊| 1475/1500 [18:10<00:20,  1.23it/s, buffer=160000, ret=13.72, success=0.00]
Training episodes:  98%|█████████▊| 1476/1500 [18:10<00:19,  1.22it/s, buffer=160000, ret=13.72, success=0.00]
Training episodes:  98%|█████████▊| 1476/1500 [18:11<00:19,  1.22it/s, buffer=160000, ret=23.80, success=0.00]
Training episodes:  98%|█████████▊| 1477/1500 [18:11<00:18,  1.21it/s, buffer=160000, ret=23.80, success=0.00]
Training episodes:  98%|█████████▊| 1477/1500 [18:12<00:18,  1.21it/s, buffer=160000, ret=19.59, success=0.00]
Training episodes:  99%|█████████▊| 1478/1500 [18:12<00:17,  1.23it/s, buffer=160000, ret=19.59, success=0.00]
Training episodes:  99%|█████████▊| 1478/1500 [18:12<00:17,  1.23it/s, buffer=160000, ret=19.20, success=0.00]
Training episodes:  99%|█████████▊| 1479/1500 [18:12<00:16,  1.24it/s, buffer=160000, ret=19.20, success=0.00]
Training episodes:  99%|█████████▊| 1479/1500 [18:13<00:16,  1.24it/s, buffer=160000, ret=10.35, success=0.00]
Training episodes:  99%|█████████▊| 1480/1500 [18:13<00:16,  1.23it/s, buffer=160000, ret=10.35, success=0.00]
Training episodes:  99%|█████████▊| 1480/1500 [18:14<00:16,  1.23it/s, buffer=160000, ret=9.89, success=0.00] 
Training episodes:  99%|█████████▊| 1481/1500 [18:14<00:15,  1.23it/s, buffer=160000, ret=9.89, success=0.00]
Training episodes:  99%|█████████▊| 1481/1500 [18:15<00:15,  1.23it/s, buffer=160000, ret=10.55, success=0.00]
Training episodes:  99%|█████████▉| 1482/1500 [18:15<00:14,  1.23it/s, buffer=160000, ret=10.55, success=0.00]
Training episodes:  99%|█████████▉| 1482/1500 [18:16<00:14,  1.23it/s, buffer=160000, ret=16.51, success=0.00]
Training episodes:  99%|█████████▉| 1483/1500 [18:16<00:13,  1.24it/s, buffer=160000, ret=16.51, success=0.00]
Training episodes:  99%|█████████▉| 1483/1500 [18:16<00:13,  1.24it/s, buffer=160000, ret=12.26, success=0.00]
Training episodes:  99%|█████████▉| 1484/1500 [18:16<00:12,  1.25it/s, buffer=160000, ret=12.26, success=0.00]
Training episodes:  99%|█████████▉| 1484/1500 [18:17<00:12,  1.25it/s, buffer=160000, ret=17.59, success=0.00]
Training episodes:  99%|█████████▉| 1485/1500 [18:17<00:12,  1.24it/s, buffer=160000, ret=17.59, success=0.00]
Training episodes:  99%|█████████▉| 1485/1500 [18:18<00:12,  1.24it/s, buffer=160000, ret=10.38, success=0.00]
Training episodes:  99%|█████████▉| 1486/1500 [18:18<00:11,  1.25it/s, buffer=160000, ret=10.38, success=0.00]
Training episodes:  99%|█████████▉| 1486/1500 [18:19<00:11,  1.25it/s, buffer=160000, ret=14.74, success=0.00]
Training episodes:  99%|█████████▉| 1487/1500 [18:19<00:10,  1.24it/s, buffer=160000, ret=14.74, success=0.00]
Training episodes:  99%|█████████▉| 1487/1500 [18:20<00:10,  1.24it/s, buffer=160000, ret=9.88, success=0.00] 
Training episodes:  99%|█████████▉| 1488/1500 [18:20<00:09,  1.24it/s, buffer=160000, ret=9.88, success=0.00]
Training episodes:  99%|█████████▉| 1488/1500 [18:20<00:09,  1.24it/s, buffer=160000, ret=17.20, success=0.00]
Training episodes:  99%|█████████▉| 1489/1500 [18:20<00:08,  1.24it/s, buffer=160000, ret=17.20, success=0.00]
Training episodes:  99%|█████████▉| 1489/1500 [18:21<00:08,  1.24it/s, buffer=160000, ret=22.14, success=0.00]
Training episodes:  99%|█████████▉| 1490/1500 [18:21<00:08,  1.25it/s, buffer=160000, ret=22.14, success=0.00]
Training episodes:  99%|█████████▉| 1490/1500 [18:22<00:08,  1.25it/s, buffer=160000, ret=11.01, success=0.00]
Training episodes:  99%|█████████▉| 1491/1500 [18:22<00:07,  1.25it/s, buffer=160000, ret=11.01, success=0.00]
Training episodes:  99%|█████████▉| 1491/1500 [18:23<00:07,  1.25it/s, buffer=160000, ret=13.16, success=0.00]
Training episodes:  99%|█████████▉| 1492/1500 [18:23<00:06,  1.25it/s, buffer=160000, ret=13.16, success=0.00]
Training episodes:  99%|█████████▉| 1492/1500 [18:24<00:06,  1.25it/s, buffer=160000, ret=18.45, success=0.00]
Training episodes: 100%|█████████▉| 1493/1500 [18:24<00:05,  1.24it/s, buffer=160000, ret=18.45, success=0.00]
Training episodes: 100%|█████████▉| 1493/1500 [18:24<00:05,  1.24it/s, buffer=160000, ret=10.56, success=0.00]
Training episodes: 100%|█████████▉| 1494/1500 [18:24<00:04,  1.24it/s, buffer=160000, ret=10.56, success=0.00]
Training episodes: 100%|█████████▉| 1494/1500 [18:25<00:04,  1.24it/s, buffer=160000, ret=11.75, success=0.00]
Training episodes: 100%|█████████▉| 1495/1500 [18:25<00:04,  1.25it/s, buffer=160000, ret=11.75, success=0.00]
Training episodes: 100%|█████████▉| 1495/1500 [18:26<00:04,  1.25it/s, buffer=160000, ret=9.02, success=0.00] 
Training episodes: 100%|█████████▉| 1496/1500 [18:26<00:03,  1.23it/s, buffer=160000, ret=9.02, success=0.00]
Training episodes: 100%|█████████▉| 1496/1500 [18:27<00:03,  1.23it/s, buffer=160000, ret=10.84, success=0.00]
Training episodes: 100%|█████████▉| 1497/1500 [18:27<00:02,  1.22it/s, buffer=160000, ret=10.84, success=0.00]
Training episodes: 100%|█████████▉| 1497/1500 [18:28<00:02,  1.22it/s, buffer=160000, ret=12.77, success=0.00]
Training episodes: 100%|█████████▉| 1498/1500 [18:28<00:01,  1.21it/s, buffer=160000, ret=12.77, success=0.00]
Training episodes: 100%|█████████▉| 1498/1500 [18:29<00:01,  1.21it/s, buffer=160000, ret=11.62, success=0.00]
Training episodes: 100%|█████████▉| 1499/1500 [18:29<00:00,  1.23it/s, buffer=160000, ret=11.62, success=0.00]
Training episodes: 100%|█████████▉| 1499/1500 [18:29<00:00,  1.23it/s, buffer=160000, ret=10.91, success=0.00]wandb: WARNING `fps` argument does not affect the frame rate of the video when providing a file path or raw bytes.

Training episodes: 100%|██████████| 1500/1500 [18:30<00:00,  1.00it/s, buffer=160000, ret=10.91, success=0.00]
Training episodes: 100%|██████████| 1500/1500 [18:30<00:00,  1.35it/s, buffer=160000, ret=10.91, success=0.00]
wandb: updating run metadata
wandb: uploading config.yaml; uploading media/videos/eval/video_1500_dd91d4da03aa587cf40b.mp4; uploading output.log; uploading wandb-summary.json
wandb: 
wandb: Run history:
wandb:           actor/log_prob ▁▁▁▁▁▂▄██▇▇▇▇▇▇▆▆▆▆▇▇▇▇▇▇▇▇▇▇▇█▇▇▇▇▇▇▇▇▇
wandb:               actor/loss ▁█▁▁▁▁▁▁▁▁▁▁▁▁▁▁▁▁▁▁▁▁▁▁▁▁▁▁▁▁▁▁▁▁▁▁▁▁▁▁
wandb:               actor/q_pi ▁▁▁▁▁▁██████████████████████████████████
wandb:          actor/reward_pi ▇▇▇▇▇▇▇▇▆▇▆▇▇▆█▇▇▇█▇█▇█▇█▇▆▇▇█▆▇▇▅▅▂▂▁▁▂
wandb:               alpha/loss █▅▄▄▁▁▁▃▃▃▃▃▃▃▂▂▂▂▂▂▂▂▂▃▂▃▂▂▂▃▂▂▂▂▃▃▃▃▃▃
wandb:              alpha/value █▇▅▃▃▁▁▁▁▁▁▁▁▁▁▁▁▁▁▁▁▁▁▁▁▁▁▁▁▁▁▁▁▁▁▁▁▁▁▁
wandb:       critic/diag_logits ▁▁▁▁▁▇██████████████████████████████████
wandb: critic/logsumexp_penalty ▁▁▁▁▁██▇▇▇▇▇▇▇▇▇▇▇▇▇▇▇▇▇▇▆▆▆▆▆▆▆▆▆▆▆▆▆▆▆
wandb:              critic/loss ████▂▂▂▂▂▂▂▂▂▂▂▂▂▂▂▁▁▁▁▁▁▁▁▁▁▁▁▁▁▁▁▁▁▁▁▁
wandb:                  episode ▁▁▁▁▁▁▂▂▂▂▂▃▃▃▄▄▄▄▄▄▄▅▅▅▅▅▆▆▆▆▆▆▇▇▇▇▇███
wandb:                      +18 ...
wandb: 
wandb: Run summary:
wandb:           actor/log_prob 1.22338
wandb:               actor/loss -0.75058
wandb:               actor/q_pi -0.26041
wandb:          actor/reward_pi 2.0228
wandb:               alpha/loss -46.213
wandb:              alpha/value 0.00034
wandb:       critic/diag_logits -0.27412
wandb: critic/logsumexp_penalty 1.79563
wandb:              critic/loss 9.02236
wandb:                  episode 1500
wandb:                      +18 ...
wandb: 
wandb: 🚀 View run longrun_v2_20260422_1154 at: https://wandb.ai/surya-april19-concordia-university/crl-widowx-pick-place/runs/vj34wott
wandb: ⭐️ View project at: https://wandb.ai/surya-april19-concordia-university/crl-widowx-pick-place
wandb: Synced 5 W&B file(s), 30 media file(s), 0 artifact file(s) and 0 other file(s)
wandb: Find logs at: ./wandb/run-20260422_115150-vj34wott/logs

